"Cast PK","Hakai ID","Filename","CTD model","CTD serial number","CTD firmware version","Cruise","Station","Drop number","Start time","Bottom time","Drop time (s)","Drop depth (m)","Target depth (m)","Latitude","Longitude","Operators","Comments","Cast Type","Sensors Submerged","Water Depth (m)","Soak Start","Soak End","Weather"
"15261","018066_2020-06-19T19:03:32.334Z","018066_20200619_1307","XRX-620","018066","6.81","DISOCKEYE","BOLDISLAND","1","2020-06-19 12:03:32.167","2020-06-19 12:04:21.500","49","65.79163441822078","55","undefined","undefined","julian.gan,nick.sinclair,tim.vanderstap","undefined","Dynamic","Full","null","Invalid date","Invalid date","{""tide"":null,""sky_cover"":null,""wind_speed"":null,""swell_height"":null,""weather_notes"":null}"
"11856","010856_2016-06-24T19:19:31.166Z","010856_20160624_1632","XR-620","010856","6.81","DISOCKEYE","D04","3","2016-06-24 12:18:59.499","2016-06-24 12:19:56.833","57","10.471251108901583","10","undefined","undefined","Brianna Knowles,Luke Rogers,Natalie Mahara","undefined","null","null","null","Invalid date","Invalid date","null"
"11850","010856_2016-06-23T13:45:11.000Z","010856_20160623_1526","XR-620","010856","6.81","DISOCKEYE","D07","2","2016-06-23 06:45:11.333","2016-06-23 06:45:44.833","33","30.673495521036518","30","undefined","undefined","Luke Rogers,Sam James,Tim Spesivy","undefined","null","null","null","Invalid date","Invalid date","null"
"11860","010856_2016-07-05T17:32:57.333Z","010856_20160705_1357","XR-620","010856","6.81","DISOCKEYE","D07","1","2016-07-05 10:32:57.167","2016-07-05 10:33:34.167","37","35.11834262444669","35","undefined","undefined","Luke Rogers,Sam James,Tim Spesivy","undefined","null","null","null","Invalid date","Invalid date","null"
"12138","065679_2018-05-14T16:59:57.000Z","065679_20180514_1315","RBRconcerto","065679","12.040","DISOCKEYE","D07","2","2018-05-14 10:02:58.666","2018-05-14 10:03:40.666","42","30.996633779012488","40","undefined","undefined","brett.johnson,carly.janusson,katie.davidson,sara.tremblayb","undefined","null","null","null","Invalid date","Invalid date","null"
"15203","018066_2020-06-01T20:41:44.833Z","018066_20200601_1438","XRX-620","018066","6.81","DISOCKEYE","D07","2","2020-06-01 13:41:45.000","2020-06-01 13:41:51.833","7","7.1565396586886925","5","undefined","undefined","julian.gan,krystal.bachen,nick.sinclair,tim.vanderstap","undefined","Dynamic","Full","null","Invalid date","Invalid date","{""tide"":null,""sky_cover"":""partly_cloudy"",""wind_speed"":""10"",""swell_height"":""0.5"",""weather_notes"":null}"
"11852","010856_2016-06-23T15:35:26.667Z","010856_20160623_1526","XR-620","010856","6.81","DISOCKEYE","D08","2","2016-06-23 08:35:26.667","2016-06-23 08:37:08.667","102","80.71200187463737","80","undefined","undefined","Luke Rogers,Sam James,Tim Spesivy","undefined","null","null","null","Invalid date","Invalid date","null"
"11858","010856_2016-07-05T14:25:43.333Z","010856_20160705_1357","XR-620","010856","6.81","DISOCKEYE","D08","2","2016-07-05 07:25:43.166","2016-07-05 07:27:51.000","128","102.08573654831987","100","undefined","undefined","Luke Rogers,Sam James,Tim Spesivy","undefined","null","null","null","Invalid date","Invalid date","null"
"8953","010856_2017-05-11T20:19:06.833Z","010856_20170511_1510","XR-620","010856","6.81","DISOCKEYE","D08","3","2017-05-11 13:19:06.667","2017-05-11 13:20:29.500","83","27.44141583678409","30","undefined","undefined","brett.johnson,carly.janusson,julian.gan,Sam James","undefined","null","null","null","Invalid date","Invalid date","null"
"9007","010856_2017-05-17T15:05:31.500Z","010856_20170517_1355","XR-620","010856","6.81","DISOCKEYE","D08","2","2017-05-17 08:05:31.500","2017-05-17 08:07:04.333","93","89.28391953086559","90","undefined","undefined","brett.johnson,julian.gan,luke.rogers","undefined","null","null","null","Invalid date","Invalid date","null"
"9096","010856_2017-05-26T14:51:52.333Z","010856_20170526_1507","XR-620","010856","6.81","DISOCKEYE","D08","2","2017-05-26 07:51:52.333","2017-05-26 07:53:41.500","109","78.13992032999369","75","undefined","undefined","brett.johnson,carly.janusson,julian.gan,luke.rogers","undefined","null","null","null","Invalid date","Invalid date","null"
"9171","010856_2017-05-31T17:38:20.833Z","010856_20170531_1438","XR-620","010856","6.81","DISOCKEYE","D08","2","2017-05-31 10:38:21.000","2017-05-31 10:39:30.166","69","78.41737392221772","80","undefined","undefined","brenna.collicutt,julian.gan,luke.rogers,sam.james","undefined","null","null","null","Invalid date","Invalid date","null"
"9174","010856_2017-06-01T15:39:57.667Z","010856_20170601_1340","XR-620","010856","6.81","DISOCKEYE","D08","3","2017-06-01 08:39:57.667","2017-06-01 08:41:18.667","81","84.2834669771861","90","undefined","undefined","brett.johnson,carly.janusson,julian.gan,luke.rogers","undefined","null","null","null","Invalid date","Invalid date","null"
"9245","010856_2017-06-09T16:32:13.500Z","010856_20170609_1311","XR-620","010856","6.81","DISOCKEYE","D08","2","2017-06-09 09:32:13.500","2017-06-09 09:33:30.500","77","82.4768965754708","90","undefined","undefined","brenna.collicutt,carly.janusson,julian.gan,luke.rogers","undefined","null","null","null","Invalid date","Invalid date","null"
"9322","010856_2017-06-14T18:44:15.833Z","010856_20170614_1435","XR-620","010856","6.81","DISOCKEYE","D08","2","2017-06-14 11:44:16.000","2017-06-14 11:45:36.667","81","80.51252202307894","90","undefined","undefined","brenna.collicutt,Gideon Mordecai,julian.gan,luke.rogers","undefined","null","null","null","Invalid date","Invalid date","null"
"9391","010856_2017-06-21T17:16:46.000Z","010856_20170621_1352","XR-620","010856","6.81","DISOCKEYE","D08","2","2017-06-21 10:16:46.000","2017-06-21 10:17:51.000","65","70.07191837643059","75","undefined","undefined","brenna.collicutt,brett.johnson,julian.gan,luke.rogers","undefined","null","null","null","Invalid date","Invalid date","null"
"9533","010856_2017-07-06T17:35:12.834Z","010856_20170706_1426","XR-620","010856","6.81","DISOCKEYE","D08","2","2017-07-06 10:35:12.834","2017-07-06 10:36:30.834","78","82.87731803928793","90","undefined","undefined","julian.gan,luke.rogers,Melissa Orobko","undefined","null","null","null","Invalid date","Invalid date","null"
"11997","065679_2018-05-01T21:09:08.000Z","065679_20180501_1634","RBRconcerto","065679","12.040","DISOCKEYE","D08","2","2018-05-01 14:12:14.833","2018-05-01 14:14:21.833","127","118.20025064214147","125","undefined","undefined","brett.johnson,julian.gan,katie.davidson,sara.tremblayb","undefined","null","null","null","Invalid date","Invalid date","null"
"12142","065679_2018-05-11T18:14:48.000Z","065679_20180511_1402","RBRconcerto","065679","12.040","DISOCKEYE","D08","2","2018-05-11 11:17:44.500","2018-05-11 11:19:39.000","115","79.4337232699842","95","undefined","undefined","brett.johnson,julian.gan,katie.davidson,sara.tremblayb","undefined","null","null","null","Invalid date","Invalid date","null"
"12075","065679_2018-05-17T19:09:38.000Z","065679_20180517_1418","RBRconcerto","065679","12.040","DISOCKEYE","D08","2","2018-05-17 12:12:27.500","2018-05-17 12:14:08.000","101","92.23934851548134","100","undefined","undefined","brett.johnson,katie.davidson,sara.tremblayb","undefined","null","null","null","Invalid date","Invalid date","null"
"12139","065679_2018-05-24T16:41:41.667Z","065679_20180524_1511","RBRconcerto","065679","12.040","DISOCKEYE","D08","2","2018-05-24 09:41:41.667","2018-05-24 09:43:26.500","105","92.1499248456217","100","undefined","undefined","brett.johnson,Jessica Garzke,julian.gan,katie.davidson,sara.tremblayb","undefined","null","null","null","Invalid date","Invalid date","null"
"11842","010856_2016-06-21T14:24:28.000Z","010856_20160621_1744","XR-620","010856","6.81","DISOCKEYE","D09","1","2016-06-21 07:24:28.000","2016-06-21 07:25:47.833","80","61.310412454487455","60","undefined","undefined","Brett Johnson,Brianna Knowles,Sam James","undefined","null","null","null","Invalid date","Invalid date","null"
"11843","010856_2016-06-21T18:26:28.166Z","010856_20160621_1744","XR-620","010856","6.81","DISOCKEYE","D09","4","2016-06-21 11:26:28.166","2016-06-21 11:26:40.166","12","11.248637464715278","10","undefined","undefined","Brett Johnson,Brianna Knowles,Sam James","undefined","null","null","null","Invalid date","Invalid date","null"
"11862","010856_2016-07-06T19:01:03.667Z","010856_20160706_1633","XR-620","010856","6.81","DISOCKEYE","D09","2","2016-07-06 12:01:03.667","2016-07-06 12:01:35.167","32","28.156877683798534","28","undefined","undefined","Brett Johnson,Luke Rogers,Sam James","undefined","null","null","null","Invalid date","Invalid date","null"
"8985","010856_2017-05-16T16:22:30.833Z","010856_20170516_1256","XR-620","010856","6.81","DISOCKEYE","D09","3","2017-05-16 09:22:30.833","2017-05-16 09:23:28.166","57","52.17116109897958","50","undefined","undefined","carly.janusson,luke.rogers,Sam James","undefined","null","null","null","Invalid date","Invalid date","null"
"9062","010856_2017-05-19T16:47:54.667Z","010856_20170519_1338","XR-620","010856","6.81","DISOCKEYE","D09","1","2017-05-19 09:47:54.833","2017-05-19 09:48:26.000","31","32.23358929053699","30","undefined","undefined","brett.johnson,julian.gan,luke.rogers","undefined","null","null","null","Invalid date","Invalid date","null"
"9082","010856_2017-05-25T15:13:05.500Z","010856_20170525_1347","XR-620","010856","6.81","DISOCKEYE","D09","2","2017-05-25 08:13:05.500","2017-05-25 08:13:37.000","32","32.43862269353575","30","undefined","undefined","brett.johnson,carly.janusson,luke.rogers,sam.james","undefined","null","null","null","Invalid date","Invalid date","null"
"9160","010856_2017-05-29T20:19:35.833Z","010856_20170529_1456","XR-620","010856","6.81","DISOCKEYE","D09","2","2017-05-29 13:19:36.000","2017-05-29 13:19:56.167","20","21.828791920858936","20","undefined","undefined","carly.janusson,julian.gan,luke.rogers,sam.james","undefined","null","null","null","Invalid date","Invalid date","null"
"9213","010856_2017-06-07T17:24:58.166Z","010856_20170607_1358","XR-620","010856","6.81","DISOCKEYE","D09","2","2017-06-07 10:24:58.166","2017-06-07 10:25:38.833","41","42.74785506147043","45","undefined","undefined","brenna.collicutt,julian.gan,luke.rogers,sam.james","undefined","null","null","null","Invalid date","Invalid date","null"
"9305","010856_2017-06-12T19:05:07.333Z","010856_20170612_1553","XR-620","010856","6.81","DISOCKEYE","D09","2","2017-06-12 12:05:07.333","2017-06-12 12:05:57.833","50","60.78021841866818","65","undefined","undefined","brett.johnson,luke.rogers,sam.james,Wade Smith","undefined","null","null","null","Invalid date","Invalid date","null"
"9390","010856_2017-06-20T16:08:56.833Z","010856_20170620_1451","XR-620","010856","6.81","DISOCKEYE","D09","2","2017-06-20 09:08:56.833","2017-06-20 09:09:22.500","26","28.54942868402036","30","undefined","undefined","brenna.collicutt,brett.johnson,carly.janusson,luke.rogers","undefined","null","null","null","Invalid date","Invalid date","null"
"9408","010856_2017-06-26T14:48:42.333Z","010856_20170626_1441","XR-620","010856","6.81","DISOCKEYE","D09","2","2017-06-26 07:48:42.333","2017-06-26 07:49:27.833","46","51.622531766134095","55","undefined","undefined","carly.janusson,julian.gan,luke.rogers,sam.james","undefined","null","null","null","Invalid date","Invalid date","null"
"9503","010856_2017-07-05T17:21:18.000Z","010856_20170705_1404","XR-620","010856","6.81","DISOCKEYE","D09","2","2017-07-05 10:21:18.000","2017-07-05 10:22:11.667","54","56.20349765794787","60","undefined","undefined","carly.janusson,luke.rogers,Melissa Orobko","undefined","null","null","null","Invalid date","Invalid date","null"
"9587","010856_2017-07-10T17:50:29.166Z","010856_20170710_1322","XR-620","010856","6.81","DISOCKEYE","D09","2","2017-07-10 10:50:29.333","2017-07-10 10:51:14.667","45","50.72292722945821","55","undefined","undefined","brett.johnson,carly.janusson,julian.gan,sam.james","undefined","null","null","null","Invalid date","Invalid date","null"
"12014","065679_2018-05-09T15:20:10.167Z","065679_20180509_1413","RBRconcerto","065679","12.040","DISOCKEYE","D09","2","2018-05-09 08:20:10.167","2018-05-09 08:21:00.167","50","50.38072709940758","55","undefined","undefined","brett.johnson,julian.gan,katie.davidson,sara.tremblayb","undefined","null","null","null","Invalid date","Invalid date","null"
"12141","065679_2018-05-14T18:17:08.000Z","065679_20180514_1315","RBRconcerto","065679","12.040","DISOCKEYE","D09","1","2018-05-14 11:19:24.834","2018-05-14 11:20:34.667","70","47.58034279215288","50","undefined","undefined","brett.johnson,carly.janusson,katie.davidson,sara.tremblayb","undefined","null","null","null","Invalid date","Invalid date","null"
"12078","065679_2018-05-15T19:17:30.333Z","065679_20180515_1455","RBRconcerto","065679","12.040","DISOCKEYE","D09","2","2018-05-15 12:20:55.667","2018-05-15 12:21:20.333","25","33.693413706029595","35","undefined","undefined","brett.johnson,katie.davidson,Sam James,sara.tremblayb","undefined","null","null","null","Invalid date","Invalid date","null"
"12079","065679_2018-05-22T17:10:10.833Z","065679_20180522_1509","RBRconcerto","065679","12.040","DISOCKEYE","D09","2","2018-05-22 10:10:14.667","2018-05-22 10:10:56.500","42","52.26302460315616","55","undefined","undefined","carly.janusson,Steve Johnston","undefined","null","null","null","Invalid date","Invalid date","null"
"12179","065679_2018-05-28T18:46:19.500Z","065679_20180528_1444","RBRconcerto","065679","12.040","DISOCKEYE","D09","2","2018-05-28 11:49:17.667","2018-05-28 11:50:01.167","44","62.08139670577259","65","undefined","undefined","julian.gan,katie.davidson,sara.tremblayb,Steve j","undefined","null","null","null","Invalid date","Invalid date","null"
"12276","065679_2018-06-04T18:06:38.834Z","065679_20180604_1558","RBRconcerto","065679","12.040","DISOCKEYE","D09","2","2018-06-04 11:09:04.167","2018-06-04 11:09:37.334","33","28.59234698744677","30","undefined","undefined","Brian Hendriks,julian.gan,katie.davidson,Noah Kussin","undefined","null","null","null","Invalid date","Invalid date","null"
"12347","065679_2018-06-11T20:20:25.000Z","065679_20180611_1506","RBRconcerto","065679","12.040","DISOCKEYE","D09","2","2018-06-11 13:20:25.666","2018-06-11 13:21:02.166","37","32.867871268013275","35","undefined","undefined","chris.osullivan,julian.gan,katie.davidson,sara.tremblayb","undefined","null","null","null","Invalid date","Invalid date","null"
"12505","065679_2018-06-18T18:41:20.334Z","065679_20180618_1450","RBRconcerto","065679","12.040","DISOCKEYE","D09","2","2018-06-18 11:41:20.334","2018-06-18 11:42:12.334","52","51.31228679401706","55","undefined","undefined","julian.gan,katie.davidson,sara.tremblayb","undefined","null","null","null","Invalid date","Invalid date","null"
"12501","065679_2018-06-25T18:20:18.000Z","065679_20180625_1538","RBRconcerto","065679","12.040","DISOCKEYE","D09","3","2018-06-25 11:23:16.333","2018-06-25 11:23:52.000","36","47.902594129371444","50","undefined","undefined","eva.jordison,julian.gan,katie.davidson,sara.tremblayb","undefined","null","null","null","Invalid date","Invalid date","null"
"12536","065679_2018-07-03T15:24:05.667Z","065679_20180703_1128","RBRconcerto","065679","12.040","DISOCKEYE","D09","3","2018-07-03 08:24:05.667","2018-07-03 08:24:55.000","49","57.74728626852841","60","undefined","undefined","carly.janusson,julian.gan,katie.davidson,sara.tremblayb","undefined","null","null","null","Invalid date","Invalid date","null"
"12631","065679_2018-07-17T16:53:14.333Z","065679_20180717_1243","RBRconcerto","065679","12.040","DISOCKEYE","D09","3","2018-07-17 09:56:11.166","2018-07-17 09:56:36.166","25","33.73696271683589","35","undefined","undefined","carly.janusson,julian.gan,katie.davidson,sara.tremblayb","undefined","null","null","null","Invalid date","Invalid date","null"
"12771","065679_2018-08-01T17:18:05.667Z","065679_20180801_1410","RBRconcerto","065679","12.040","DISOCKEYE","D09","3","2018-08-01 10:22:03.834","2018-08-01 10:23:12.000","68","60.88758403289191","65","undefined","undefined","brett.johnson,julian.gan,katie.davidson,sara.tremblayb","undefined","null","null","null","Invalid date","Invalid date","null"
"14788","065679_2018-08-08T17:31:15.000Z","065679_20180808_1425","RBRconcerto","065679","12.040","DI_C,DISOCKEYE","D09","2","2018-08-08 10:31:15.000","2018-08-08 10:32:43.667","89","51.37629344668899","55","undefined","undefined","brett.johnson","undefined","Dynamic","Full","null","Invalid date","Invalid date","{""tide"":null,""sky_cover"":""clear"",""wind_speed"":""3"",""swell_height"":""0"",""weather_notes"":null}"
"14784","065679_2018-08-15T16:47:19.834Z","065679_20180815_1228","RBRconcerto","065679","12.040","DI_C,DISOCKEYE","D09","2","2018-08-15 09:47:19.834","2018-08-15 09:48:02.334","43","49.032498710016874","55","undefined","undefined","brett.johnson","undefined","Dynamic","Full","null","Invalid date","Invalid date","{""tide"":null,""sky_cover"":""partly_cloudy"",""wind_speed"":""1"",""swell_height"":""0"",""weather_notes"":null}"
"12845","065679_2018-08-22T16:12:27.333Z","065679_20180822_1156","RBRconcerto","065679","12.040","DISOCKEYE","D09","2","2018-08-22 09:15:09.000","2018-08-22 09:15:52.500","43","55.608266714287126","60","undefined","undefined","julian.gan,katie.davidson,sara.tremblayb","undefined","null","null","null","Invalid date","Invalid date","null"
"13821","080217_2019-05-10T18:23:11.334Z","080217_20190510_1423","RBRmaestro","080217","1.430","DISOCKEYE","D09","2","2019-05-10 11:23:11.500","2019-05-10 11:24:12.667","61","62.05959613836442","65","undefined","undefined","julian.gan,krystal.bachen,sam.james,Sue Velasquez","undefined","Dynamic","Full","null","Invalid date","Invalid date","{""tide"":null,""sky_cover"":null,""wind_speed"":null,""swell_height"":null,""weather_notes"":null}"
"13838","080217_2019-05-13T15:31:39.000Z","080217_20190513_1217","RBRmaestro","080217","1.430","DISOCKEYE","D09","2","2019-05-13 08:31:39.000","2019-05-13 08:32:45.000","66","63.192769608779855","65","undefined","undefined","krystal.bachen,sam.james,sarah.friesen,tyrel.froese","undefined","Dynamic","Full","null","Invalid date","Invalid date","{""tide"":null,""sky_cover"":""partly_cloudy"",""wind_speed"":""1"",""swell_height"":""0"",""weather_notes"":null}"
"13902","080217_2019-05-21T19:29:08.500Z","080217_20190521_1500","RBRmaestro","080217","1.430","DISOCKEYE","D09","3","2019-05-21 12:29:38.834","2019-05-21 12:29:58.167","19","19.85364018808047","20","undefined","undefined","emily.haughton,julian.gan,lauren.portner,sarah.friesen","undefined","Dynamic","Full","null","Invalid date","Invalid date","{""tide"":null,""sky_cover"":null,""wind_speed"":null,""swell_height"":null,""weather_notes"":null}"
"13938","080217_2019-05-25T17:47:11.667Z","080217_20190525_1335","RBRmaestro","080217","1.430","DISOCKEYE","D09","2","2019-05-25 10:47:11.667","2019-05-25 10:47:35.000","23","14.67936458909002","15","undefined","undefined","Caroline Graham,julian.gan,sam.james,sarah.friesen","undefined","Dynamic","Full","null","Invalid date","Invalid date","{""tide"":null,""sky_cover"":null,""wind_speed"":null,""swell_height"":null,""weather_notes"":null}"
"13952","080217_2019-05-28T19:10:39.000Z","080217_20190528_1424","RBRmaestro","080217","1.430","DISOCKEYE","D09","6","2019-05-28 12:11:00.500","2019-05-28 12:11:21.333","21","21.28215475607234","20","undefined","undefined","Caroline Graham,julian.gan,sam.james,sarah.friesen","undefined","Dynamic","Full","null","Invalid date","Invalid date","{""tide"":null,""sky_cover"":null,""wind_speed"":null,""swell_height"":null,""weather_notes"":null}"
"13974","080217_2019-06-02T18:52:25.834Z","080217_20190602_1424","RBRmaestro","080217","1.430","DISOCKEYE","D09","3","2019-06-02 11:57:26.500","2019-06-02 11:57:49.667","23","15.385624622904839","15","undefined","undefined","brett.johnson,julian.gan,krystal.bachen","undefined","Dynamic","Full","null","Invalid date","Invalid date","{""tide"":null,""sky_cover"":null,""wind_speed"":null,""swell_height"":null,""weather_notes"":null}"
"13994","080217_2019-06-05T17:36:30.000Z","080217_20190605_1333","RBRmaestro","080217","1.430","DISOCKEYE","D09","3","2019-06-05 10:38:50.334","2019-06-05 10:39:40.500","50","71.81071085330838","80","undefined","undefined","Jacob Lerner,krystal.bachen,sam.james,sarah.friesen","undefined","Dynamic","Full","null","Invalid date","Invalid date","{""tide"":null,""sky_cover"":null,""wind_speed"":null,""swell_height"":null,""weather_notes"":null}"
"14043","080217_2019-06-10T18:05:03.833Z","080217_20190610_1348","RBRmaestro","080217","1.430","DISOCKEYE","D09","3","2019-06-10 11:07:35.333","2019-06-10 11:08:33.333","58","61.75354481147252","65","undefined","undefined","Jacob Lerner,julian.gan,sarah.friesen,tyrel.froese","undefined","Dynamic","Full","null","Invalid date","Invalid date","{""tide"":null,""sky_cover"":""cloudy"",""wind_speed"":""1"",""swell_height"":""0"",""weather_notes"":null}"
"14105","080217_2019-06-17T18:21:23.166Z","080217_20190617_1353","RBRmaestro","080217","1.430","DISOCKEYE","D09","3","2019-06-17 11:21:23.166","2019-06-17 11:21:31.166","8","10.884065355460436","10","undefined","undefined","emily.haughton,julian.gan,tyrel.froese,Vanessa Fladmark","undefined","Dynamic","Full","null","Invalid date","Invalid date","{""tide"":null,""sky_cover"":null,""wind_speed"":null,""swell_height"":null,""weather_notes"":null}"
"14136","018032_2019-06-24T17:25:24.833Z","018032_20190624_1259","XRX-620","018032","6.81","DISOCKEYE","D09","3","2019-06-24 10:25:24.833","2019-06-24 10:26:08.167","43","37.726155647814664","40","undefined","undefined","julian.gan,sam.james,sarah.friesen,Vanessa Fladmark","undefined","Dynamic","Full","null","Invalid date","Invalid date","{""tide"":null,""sky_cover"":""clear"",""wind_speed"":""3"",""swell_height"":""0"",""weather_notes"":null}"
"14200","018032_2019-07-02T17:10:34.334Z","018032_20190702_1511","XRX-620","018032","6.81","DISOCKEYE","D09","3","2019-07-02 10:10:34.334","2019-07-02 10:11:07.167","33","32.65018563395972","35","undefined","undefined","krystal.bachen,sam.james,sarah.friesen,tyrel.froese","undefined","Dynamic","Full","null","Invalid date","Invalid date","{""tide"":null,""sky_cover"":""cloudy"",""wind_speed"":""3"",""swell_height"":""0"",""weather_notes"":null}"
"14343","080217_2019-07-08T16:45:51.000Z","080217_20190708_1138","RBRmaestro","080217","1.430","DISOCKEYE","D09","3","2019-07-08 09:45:51.000","2019-07-08 09:46:26.667","36","46.489322518521064","50","undefined","undefined","krystal.bachen,sam.james,sarah.friesen,tyrel.froese","undefined","Dynamic","Full","null","Invalid date","Invalid date","{""tide"":null,""sky_cover"":""overcast"",""wind_speed"":""1"",""swell_height"":""0"",""weather_notes"":null}"
"14503","080217_2019-07-22T17:10:23.666Z","080217_20190722_1448","RBRmaestro","080217","1.430","DISOCKEYE","D09","3","2019-07-22 10:10:23.666","2019-07-22 10:11:06.833","43","42.825761651416286","45","undefined","undefined","julian.gan,krystal.bachen,sam.james,tyrel.froese","undefined","Dynamic","Full","null","Invalid date","Invalid date","{""tide"":null,""sky_cover"":""clear"",""wind_speed"":""3"",""swell_height"":""0.5"",""weather_notes"":null}"
"15192","018066_2020-05-26T17:21:41.833Z","018066_20200526_1258","XRX-620","018066","6.81","DISOCKEYE","D09","3","2020-05-26 10:21:41.833","2020-05-26 10:21:54.833","13","16.785602536105927","15","undefined","undefined","isabelle.desmarais,julian.gan,krystal.bachen","undefined","Dynamic","Full","null","Invalid date","Invalid date","{""tide"":null,""sky_cover"":""clear"",""wind_speed"":""16"",""swell_height"":null,""weather_notes"":null}"
"15193","018066_2020-05-26T17:50:59.666Z","018066_20200526_1258","XRX-620","018066","6.81","DISOCKEYE","D09","5","2020-05-26 10:50:59.833","2020-05-26 10:51:28.833","29","40.25058032863674","35","undefined","undefined","isabelle.desmarais,julian.gan,krystal.bachen","undefined","Dynamic","Full","null","Invalid date","Invalid date","{""tide"":null,""sky_cover"":""clear"",""wind_speed"":""16"",""swell_height"":null,""weather_notes"":null}"
"15204","018066_2020-06-02T18:18:33.666Z","018066_20200602_1434","XRX-620","018066","6.81","DISOCKEYE","D09","4","2020-06-02 11:18:33.500","2020-06-02 11:19:21.000","48","64.97080198246103","55","undefined","undefined","krystal.bachen,nick.sinclair,tim.vanderstap","undefined","Dynamic","Full","null","Invalid date","Invalid date","{""tide"":null,""sky_cover"":""light_rain"",""wind_speed"":""6"",""swell_height"":""0"",""weather_notes"":null}"
"15205","018066_2020-06-02T18:44:41.833Z","018066_20200602_1434","XRX-620","018066","6.81","DISOCKEYE","D09","6","2020-06-02 11:44:41.833","2020-06-02 11:45:25.333","44","59.752200111583186","50","undefined","undefined","krystal.bachen,nick.sinclair,tim.vanderstap","undefined","Dynamic","Full","null","Invalid date","Invalid date","{""tide"":null,""sky_cover"":""light_rain"",""wind_speed"":""6"",""swell_height"":""0"",""weather_notes"":null}"
"15228","018066_2020-06-08T17:44:08.000Z","018066_20200608_1318","XRX-620","018066","6.81","DISOCKEYE","D09","4","2020-06-08 10:44:18.333","2020-06-08 10:44:31.833","13","18.540107629925206","15","undefined","undefined","julian.gan,krystal.bachen,tim.vanderstap","undefined","Dynamic","Full","null","Invalid date","Invalid date","{""tide"":null,""sky_cover"":""partly_cloudy"",""wind_speed"":""3"",""swell_height"":""0"",""weather_notes"":null}"
"15229","018066_2020-06-08T17:57:33.166Z","018066_20200608_1318","XRX-620","018066","6.81","DISOCKEYE","D09","6","2020-06-08 10:57:33.166","2020-06-08 10:58:18.333","45","65.63129950932885","55","undefined","undefined","julian.gan,krystal.bachen,tim.vanderstap","undefined","Dynamic","Full","null","Invalid date","Invalid date","{""tide"":null,""sky_cover"":""partly_cloudy"",""wind_speed"":""3"",""swell_height"":""0"",""weather_notes"":null}"
"15249","018066_2020-06-16T17:01:56.667Z","018066_20200616_1221","XRX-620","018066","6.81","DISOCKEYE","D09","4","2020-06-16 10:01:56.834","2020-06-16 10:02:09.501","13","12.876794403483764","10","undefined","undefined","julian.gan,krystal.bachen,nick.sinclair","undefined","Dynamic","Full","null","Invalid date","Invalid date","{""tide"":null,""sky_cover"":""cloudy"",""wind_speed"":""3"",""swell_height"":""0"",""weather_notes"":null}"
"15250","018066_2020-06-16T17:08:18.667Z","018066_20200616_1221","XRX-620","018066","6.81","DISOCKEYE","D09","6","2020-06-16 10:08:21.334","2020-06-16 10:08:58.834","38","49.16843128717929","40","undefined","undefined","julian.gan,krystal.bachen,nick.sinclair","undefined","Dynamic","Full","null","Invalid date","Invalid date","{""tide"":null,""sky_cover"":""cloudy"",""wind_speed"":""3"",""swell_height"":""0"",""weather_notes"":null}"
"15289","018066_2020-06-22T18:55:21.333Z","018066_20200622_1419","XRX-620","018066","6.81","DISOCKEYE","D09","6","2020-06-22 11:55:21.333","2020-06-22 11:55:53.333","32","42.87701140567953","35","undefined","undefined","julian.gan,krystal.bachen,tim.vanderstap","undefined","Dynamic","Full","null","Invalid date","Invalid date","{""tide"":null,""sky_cover"":""overcast"",""wind_speed"":null,""swell_height"":null,""weather_notes"":null}"
"15290","018066_2020-06-22T19:20:58.499Z","018066_20200622_1419","XRX-620","018066","6.81","DISOCKEYE","D09","8","2020-06-22 12:20:58.499","2020-06-22 12:21:27.833","29","42.490508390100814","35","undefined","undefined","julian.gan,krystal.bachen,tim.vanderstap","undefined","Dynamic","Full","null","Invalid date","Invalid date","{""tide"":null,""sky_cover"":""overcast"",""wind_speed"":null,""swell_height"":null,""weather_notes"":null}"
"15308","018066_2020-06-29T17:51:46.167Z","018066_20200629_1253","XRX-620","018066","6.81","DISOCKEYE","D09","4","2020-06-29 10:51:46.167","2020-06-29 10:52:00.333","14","19.363248036372052","15","undefined","undefined","julian.gan,krystal.bachen,tim.vanderstap","undefined","Dynamic","Full","null","Invalid date","Invalid date","{""tide"":null,""sky_cover"":null,""wind_speed"":null,""swell_height"":null,""weather_notes"":null}"
"15309","018066_2020-06-29T18:06:44.000Z","018066_20200629_1253","XRX-620","018066","6.81","DISOCKEYE","D09","6","2020-06-29 11:06:45.000","2020-06-29 11:07:16.000","31","43.06736504278287","35","undefined","undefined","julian.gan,krystal.bachen,tim.vanderstap","undefined","Dynamic","Full","null","Invalid date","Invalid date","{""tide"":null,""sky_cover"":null,""wind_speed"":null,""swell_height"":null,""weather_notes"":null}"
"15354","080217_2020-07-06T17:19:17.000Z","080217_20200706_1256","RBRmaestro","080217","1.430","DISOCKEYE","D09","4","2020-07-06 10:19:17.000","2020-07-06 10:19:57.167","40","50.59910749490219","55","undefined","undefined","julian.gan,krystal.bachen,tim.vanderstap","undefined","Dynamic","Full","null","Invalid date","Invalid date","{""tide"":null,""sky_cover"":null,""wind_speed"":null,""swell_height"":null,""weather_notes"":null}"
"15355","080217_2020-07-06T17:31:29.667Z","080217_20200706_1256","RBRmaestro","080217","1.430","DISOCKEYE","D09","6","2020-07-06 10:31:29.667","2020-07-06 10:31:53.500","24","33.28213177241978","35","undefined","undefined","julian.gan,krystal.bachen,tim.vanderstap","undefined","Dynamic","Full","null","Invalid date","Invalid date","{""tide"":null,""sky_cover"":null,""wind_speed"":null,""swell_height"":null,""weather_notes"":null}"
"9423","010856_2017-06-28T16:03:46.833Z","010856_20170628_1225","XR-620","010856","6.81","DISOCKEYE","D10","2","2017-06-28 09:03:46.833","2017-06-28 09:04:41.500","55","43.05361441795362","45","undefined","undefined","brett.johnson,carly.janusson,julian.gan,luke.rogers","undefined","null","null","null","Invalid date","Invalid date","null"
"9532","010856_2017-07-06T15:01:08.833Z","010856_20170706_1426","XR-620","010856","6.81","DISOCKEYE","D10","2","2017-07-06 08:01:08.833","2017-07-06 08:02:23.500","75","80.3247567981505","90","undefined","undefined","julian.gan,luke.rogers,Melissa Orobko","undefined","null","null","null","Invalid date","Invalid date","null"
"12140","065679_2018-05-11T15:24:05.000Z","065679_20180511_1402","RBRconcerto","065679","12.040","DISOCKEYE","D10","2","2018-05-11 08:29:51.000","2018-05-11 08:30:40.333","49","56.68643929502183","70","undefined","undefined","brett.johnson,julian.gan,katie.davidson,sara.tremblayb","undefined","null","null","null","Invalid date","Invalid date","null"
"12074","065679_2018-05-17T14:19:19.667Z","065679_20180517_1418","RBRconcerto","065679","12.040","DISOCKEYE","D10","2","2018-05-17 07:22:49.000","2018-05-17 07:23:29.000","40","32.45429266949098","35","undefined","undefined","brett.johnson,katie.davidson,sara.tremblayb","undefined","null","null","null","Invalid date","Invalid date","null"
"12137","065679_2018-05-24T15:20:38.333Z","065679_20180524_1511","RBRconcerto","065679","12.040","DISOCKEYE","D10","3","2018-05-24 08:22:50.167","2018-05-24 08:23:57.833","68","66.40841891558871","70","undefined","undefined","brett.johnson,Jessica Garzke,julian.gan,katie.davidson,sara.tremblayb","undefined","null","null","null","Invalid date","Invalid date","null"
"12202","065679_2018-05-30T17:54:40.166Z","065679_20180530_1531","RBRconcerto","065679","12.040","DISOCKEYE","D10","2","2018-05-30 10:54:40.166","2018-05-30 10:55:32.833","53","65.26634572787738","70","undefined","undefined","brett.johnson","undefined","null","null","null","Invalid date","Invalid date","null"
"12277","065679_2018-06-07T17:51:24.500Z","065679_20180607_1421","RBRconcerto","065679","12.040","DISOCKEYE","D10","2","2018-06-07 10:54:10.000","2018-06-07 10:55:06.166","56","89.85057827192618","95","undefined","undefined","Brian Hendriks,katie.davidson,lauren.portner,sara.tremblayb","undefined","null","null","null","Invalid date","Invalid date","null"
"12348","065679_2018-06-13T17:01:13.667Z","065679_20180613_1551","RBRconcerto","065679","12.040","DISOCKEYE","D10","2","2018-06-13 10:04:25.333","2018-06-13 10:05:30.333","65","77.16005072863776","85","undefined","undefined","brett.johnson,julian.gan,katie.davidson,sara.tremblayb","undefined","null","null","null","Invalid date","Invalid date","null"
"12502","065679_2018-06-20T20:42:21.333Z","065679_20180620_1554","RBRconcerto","065679","12.040","DISOCKEYE","D10","2","2018-06-20 13:45:10.000","2018-06-20 13:46:21.500","72","61.21061932194425","65","undefined","undefined","David castalago,julian.gan,katie.davidson,sara.tremblayb","undefined","null","null","null","Invalid date","Invalid date","null"
"12504","065679_2018-06-27T15:24:24.166Z","065679_20180627_1347","RBRconcerto","065679","12.040","DISOCKEYE","D10","2","2018-06-27 08:27:06.000","2018-06-27 08:28:22.833","77","84.62829432069384","90","undefined","undefined","brett.johnson,julian.gan,katie.davidson,sara.tremblayb","undefined","null","null","null","Invalid date","Invalid date","null"
"12538","065679_2018-07-05T16:06:09.000Z","065679_20180705_1156","RBRconcerto","065679","12.040","DISOCKEYE","D10","3","2018-07-05 09:12:30.166","2018-07-05 09:13:44.333","74","83.36285087451584","90","undefined","undefined","Brian Hendriks,julian.gan,katie.davidson,sara.tremblayb","undefined","null","null","null","Invalid date","Invalid date","null"
"13975","080217_2019-05-14T17:27:43.667Z","080217_20190514_1351","RBRmaestro","080217","1.430","DISOCKEYE","D10","2","2019-05-14 10:30:44.500","2019-05-14 10:32:10.500","86","94.81571451754319","100","undefined","undefined","brett.johnson,julian.gan,krystal.bachen,sarah.friesen","undefined","Dynamic","Full","null","Invalid date","Invalid date","{""tide"":null,""sky_cover"":""overcast"",""wind_speed"":null,""swell_height"":null,""weather_notes"":null}"
"13926","080217_2019-05-23T17:23:55.333Z","080217_20190523_1354","RBRmaestro","080217","1.430","DISOCKEYE","D10","1","2019-05-23 10:23:55.333","2019-05-23 10:24:17.500","22","28.830828541610064","30","undefined","undefined","brett.johnson","undefined","Dynamic","Full","null","Invalid date","Invalid date","{""tide"":null,""sky_cover"":""clear"",""wind_speed"":""10"",""swell_height"":""0"",""weather_notes"":null}"
"13949","080217_2019-05-27T16:16:29.000Z","080217_20190527_1431","RBRmaestro","080217","1.430","DISOCKEYE","D10","2","2019-05-27 09:16:29.000","2019-05-27 09:17:47.000","78","86.40311171431885","95","undefined","undefined","brett.johnson,Caroline Graham,julian.gan,tyrel.froese","undefined","Dynamic","Full","null","Invalid date","Invalid date","{""tide"":null,""sky_cover"":""clear"",""wind_speed"":""1"",""swell_height"":""0"",""weather_notes"":null}"
"13990","080217_2019-05-30T16:20:49.833Z","080217_20190530_1515","RBRmaestro","080217","1.430","DISOCKEYE","D10","2","2019-05-30 09:20:49.833","2019-05-30 09:22:18.333","89","29.54417836787848","30","undefined","undefined","brett.johnson","undefined","Dynamic","Full","null","Invalid date","Invalid date","{""tide"":null,""sky_cover"":null,""wind_speed"":null,""swell_height"":null,""weather_notes"":null}"
"13972","080217_2019-06-03T14:59:28.667Z","080217_20190603_1228","RBRmaestro","080217","1.430","DISOCKEYE","D10","3","2019-06-03 07:59:28.667","2019-06-03 08:01:01.834","93","85.03248936241552","90","undefined","undefined","brett.johnson,Jacob Lerner,sarah.friesen,tyrel.froese","undefined","Dynamic","Full","null","Invalid date","Invalid date","{""tide"":null,""sky_cover"":null,""wind_speed"":null,""swell_height"":null,""weather_notes"":null}"
"14004","080217_2019-06-06T18:09:52.833Z","080217_20190606_1343","RBRmaestro","080217","1.430","DISOCKEYE","D10","5","2019-06-06 11:01:00.167","2019-06-06 11:11:03.333","603","91.65013783833427","100","undefined","undefined","julian.gan,sam.james,sarah.friesen,tyrel.froese","undefined","Dynamic","Full","null","Invalid date","Invalid date","{""tide"":null,""sky_cover"":null,""wind_speed"":null,""swell_height"":null,""weather_notes"":null}"
"14061","080217_2019-06-12T16:55:13.500Z","080217_20190612_1239","RBRmaestro","080217","1.430","DISOCKEYE","D10","3","2019-06-12 09:55:13.500","2019-06-12 09:55:43.833","30","29.106947421127412","30","undefined","undefined","Jacob Lerner,krystal.bachen,sam.james,sarah.friesen","undefined","Dynamic","Full","null","Invalid date","Invalid date","{""tide"":null,""sky_cover"":null,""wind_speed"":null,""swell_height"":null,""weather_notes"":null}"
"14130","080217_2019-06-20T14:46:23.834Z","080217_20190620_1253","RBRmaestro","080217","1.430","DISOCKEYE","D10","2","2019-06-20 07:46:23.834","2019-06-20 07:47:43.167","79","70.23048300040874","75","undefined","undefined","brett.johnson,sam.james,tyrel.froese,Vanessa Fladmark","undefined","Dynamic","Full","null","Invalid date","Invalid date","{""tide"":null,""sky_cover"":""clear"",""wind_speed"":""16"",""swell_height"":""0"",""weather_notes"":null}"
"14142","018032_2019-06-26T14:39:00.500Z","018032_20190626_1308","XRX-620","018032","6.81","DISOCKEYE","D10","2","2019-06-26 07:39:00.500","2019-06-26 07:39:56.833","56","47.03725868387213","50","undefined","undefined","brett.johnson,jonathan.bergshoeff,tyrel.froese,Vanessa Fladmark","undefined","Dynamic","Full","null","Invalid date","Invalid date","{""tide"":null,""sky_cover"":""overcast"",""wind_speed"":""10"",""swell_height"":""0"",""weather_notes"":null}"
"15208","018066_2020-06-05T17:21:38.833Z","018066_20200605_1750","XRX-620","018066","6.81","DISOCKEYE","D10","1","2020-06-05 10:21:38.833","2020-06-05 10:22:36.833","58","72.0481882703502","60","undefined","undefined","julian.gan,krystal.bachen,tim.vanderstap","undefined","Dynamic","Full","null","Invalid date","Invalid date","{""tide"":null,""sky_cover"":""overcast"",""wind_speed"":""6"",""swell_height"":""0.5"",""weather_notes"":null}"
"15259","018066_2020-06-19T17:22:27.500Z","018066_20200619_1307","XRX-620","018066","6.81","DISOCKEYE","D10","5","2020-06-19 10:22:27.500","2020-06-19 10:23:15.000","48","66.12045710240469","55","undefined","undefined","julian.gan,nick.sinclair,tim.vanderstap","undefined","Dynamic","Full","null","Invalid date","Invalid date","{""tide"":null,""sky_cover"":null,""wind_speed"":null,""swell_height"":null,""weather_notes"":null}"
"15322","080217_2020-07-03T19:10:53.000Z","080217_20200703_1522","RBRmaestro","080217","1.430","DISOCKEYE","D10","4","2020-07-03 12:10:53.000","2020-07-03 12:11:26.500","34","41.98146007268949","45","undefined","undefined","julian.gan,krystal.bachen,tim.vanderstap","undefined","Dynamic","Full","null","Invalid date","Invalid date","{""tide"":null,""sky_cover"":null,""wind_speed"":null,""swell_height"":null,""weather_notes"":null}"
"11848","010856_2016-06-22T21:44:03.499Z","010856_20160622_1734","XR-620","010856","6.81","DISOCKEYE","D20","2","2016-06-22 14:44:03.499","2016-06-22 14:44:25.166","22","21.834532900120756","20","undefined","undefined","Brianna Knowles,Luke Rogers,Tim Spesivy","undefined","null","null","null","Invalid date","Invalid date","null"
"11846","010856_2016-06-22T16:10:13.499Z","010856_20160622_1734","XR-620","010856","6.81","DISOCKEYE","D21","2","2016-06-22 09:10:13.499","2016-06-22 09:10:34.166","21","21.43810419336307","20","undefined","undefined","Brianna Knowles,Luke Rogers,Tim Spesivy","undefined","null","null","null","Invalid date","Invalid date","null"
"11844","010856_2016-06-21T21:43:04.833Z","010856_20160621_1744","XR-620","010856","6.81","DISOCKEYE","D22","2","2016-06-21 14:43:19.333","2016-06-21 14:45:47.833","148","67.04120009790759","65","undefined","undefined","Brett Johnson,Brianna Knowles,Sam James","undefined","null","null","null","Invalid date","Invalid date","null"
"11863","010856_2016-07-06T21:20:10.167Z","010856_20160706_1633","XR-620","010856","6.81","DISOCKEYE","D22","2","2016-07-06 14:20:17.500","2016-07-06 14:21:32.667","75","63.72900526973631","65","undefined","undefined","Brett Johnson,Luke Rogers,Sam James","undefined","null","null","null","Invalid date","Invalid date","null"
"8952","010856_2017-05-15T16:36:59.667Z","010856_20170515_1254","XR-620","010856","6.81","DISOCKEYE","D22","3","2017-05-15 09:36:57.000","2017-05-15 09:37:50.500","54","47.840178106122245","50","undefined","undefined","carly.janusson,julian.gan,luke.rogers,Sam James","undefined","null","null","null","Invalid date","Invalid date","null"
"9056","010856_2017-05-23T15:39:39.833Z","010856_20170523_1435","XR-620","010856","6.81","DISOCKEYE","D22","2","2017-05-23 08:39:39.833","2017-05-23 08:41:19.333","100","89.09272086110708","90","undefined","undefined","carly.janusson,julian.gan,luke.rogers,sam.james","undefined","null","null","null","Invalid date","Invalid date","null"
"9158","010856_2017-05-29T15:25:02.500Z","010856_20170529_1456","XR-620","010856","6.81","DISOCKEYE","D22","2","2017-05-29 08:25:04.333","2017-05-29 08:25:45.166","41","41.77053990391243","40","undefined","undefined","carly.janusson,julian.gan,luke.rogers,sam.james","undefined","null","null","null","Invalid date","Invalid date","null"
"9169","010856_2017-05-31T14:23:47.000Z","010856_20170531_1438","XR-620","010856","6.81","DISOCKEYE","D22","2","2017-05-31 07:23:47.000","2017-05-31 07:24:27.500","41","39.43749537335286","40","undefined","undefined","brenna.collicutt,julian.gan,luke.rogers,sam.james","undefined","null","null","null","Invalid date","Invalid date","null"
"9198","010856_2017-06-05T17:07:47.000Z","010856_20170605_1615","XR-620","010856","6.81","DISOCKEYE","D22","2","2017-06-05 10:07:47.333","2017-06-05 10:08:33.667","46","51.98996270693562","55","undefined","undefined","brenna.collicutt,julian.gan,luke.rogers,sam.james","undefined","null","null","null","Invalid date","Invalid date","null"
"9309","010856_2017-06-13T14:36:40.333Z","010856_20170613_1542","XR-620","010856","6.81","DISOCKEYE","D22","2","2017-06-13 07:36:40.333","2017-06-13 07:37:48.000","68","70.42523942854935","75","undefined","undefined","brenna.collicutt,julian.gan,luke.rogers,sam.james","undefined","null","null","null","Invalid date","Invalid date","null"
"9387","010856_2017-06-19T17:26:58.500Z","010856_20170619_1603","XR-620","010856","6.81","DISOCKEYE","D22","2","2017-06-19 10:26:58.500","2017-06-19 10:27:57.333","59","63.62311474228665","75","undefined","undefined","carly.janusson,julian.gan,luke.rogers,Tianyi Chang","undefined","null","null","null","Invalid date","Invalid date","null"
"9409","010856_2017-06-27T14:24:38.667Z","010856_20170627_1000","XR-620","010856","6.81","DISOCKEYE","D22","2","2017-06-27 07:24:38.667","2017-06-27 07:26:17.500","99","69.90512262218998","75","undefined","undefined","brett.johnson,carly.janusson,julian.gan,luke.rogers","undefined","null","null","null","Invalid date","Invalid date","null"
"9480","010856_2017-07-04T13:47:19.667Z","010856_20170704_1505","XR-620","010856","6.81","DISOCKEYE","D22","2","2017-07-04 06:47:19.667","2017-07-04 06:48:10.833","51","60.13643610967594","65","undefined","undefined","brett.johnson,carly.janusson,julian.gan,sam.james","undefined","null","null","null","Invalid date","Invalid date","null"
"14787","065679_2018-05-10T15:13:24.167Z","065679_20180510_1318","RBRconcerto","065679","12.040","DISOCKEYE","D22","3","2018-05-10 08:03:40.500","2018-05-10 08:04:41.333","61","74.80961116483316","80","undefined","undefined","katie.davidson,krystal.bachen,sara.tremblayb","undefined","Dynamic","Full","null","Invalid date","Invalid date","{""tide"":null,""sky_cover"":""cloudy"",""wind_speed"":""1"",""swell_height"":""0"",""weather_notes"":null}"
"12076","065679_2018-05-15T14:06:15.167Z","065679_20180515_1455","RBRconcerto","065679","12.040","DISOCKEYE","D22","2","2018-05-15 07:08:57.833","2018-05-15 07:10:31.167","93","93.53463608663208","100","undefined","undefined","brett.johnson,katie.davidson,Sam James,sara.tremblayb","undefined","null","null","null","Invalid date","Invalid date","null"
"12120","065679_2018-05-23T14:39:46.000Z","065679_20180523_1539","RBRconcerto","065679","12.040","DISOCKEYE","D22","2","2018-05-23 07:42:40.000","2018-05-23 07:43:30.500","50","47.98861305020341","50","undefined","undefined","brett.johnson,julian.gan,katie.davidson,sara.tremblayb","undefined","null","null","null","Invalid date","Invalid date","null"
"12351","065679_2018-06-12T21:04:40.666Z","065679_20180612_1549","RBRconcerto","065679","12.040","DISOCKEYE","D22","3","2018-06-12 14:04:40.666","2018-06-12 14:06:06.166","85","93.81219930986775","100","undefined","undefined","chris.osullivan,julian.gan,katie.davidson,sara.tremblayb","undefined","null","null","null","Invalid date","Invalid date","null"
"12508","065679_2018-06-19T19:59:10.500Z","065679_20180620_0434","RBRconcerto","065679","12.040","DISOCKEYE","D22","2","2018-06-19 12:59:10.500","2018-06-19 13:00:23.666","73","86.23135276037667","85","undefined","undefined","David Costalago,julian.gan,katie.davidson,sara.tremblayb","undefined","null","null","null","Invalid date","Invalid date","null"
"13977","080217_2019-05-15T15:34:09.333Z","080217_20190515_0917","RBRmaestro","080217","1.430","DISOCKEYE","D22","3","2019-05-15 08:34:09.500","2019-05-15 08:35:27.166","78","71.33864560769715","75","undefined","undefined","emily.haughton,julian.gan,sam.james,tyrel.froese","undefined","Dynamic","Full","null","Invalid date","Invalid date","{""tide"":null,""sky_cover"":null,""wind_speed"":null,""swell_height"":null,""weather_notes"":null}"
"13941","080217_2019-05-26T17:44:14.667Z","080217_20190526_1415","RBRmaestro","080217","1.430","DISOCKEYE","D22","1","2019-05-26 10:44:14.667","2019-05-26 10:45:21.000","66","79.65198797704204","85","undefined","undefined","brett.johnson","undefined","Dynamic","Full","null","Invalid date","Invalid date","{""tide"":null,""sky_cover"":null,""wind_speed"":null,""swell_height"":null,""weather_notes"":null}"
"13979","080217_2019-06-04T17:34:23.166Z","080217_20190604_1240","RBRmaestro","080217","1.430","DISOCKEYE","D22","2","2019-06-04 10:34:23.166","2019-06-04 10:35:12.166","49","56.83274731824119","60","undefined","undefined","Jacob Lerner,julian.gan,krystal.bachen,sam.james","undefined","Dynamic","Full","null","Invalid date","Invalid date","{""tide"":null,""sky_cover"":null,""wind_speed"":null,""swell_height"":null,""weather_notes"":null}"
"14051","080217_2019-06-11T19:25:43.000Z","080217_20190611_1433","RBRmaestro","080217","1.430","DISOCKEYE","D22","4","2019-06-11 12:29:48.666","2019-06-11 12:30:16.666","28","24.092892629519667","25","undefined","undefined","Jacob Lerner,julian.gan,krystal.bachen,sam.james","undefined","Dynamic","Full","null","Invalid date","Invalid date","{""tide"":null,""sky_cover"":null,""wind_speed"":null,""swell_height"":null,""weather_notes"":null}"
"14358","080217_2019-07-09T17:03:43.500Z","080217_20190709_1118","RBRmaestro","080217","1.430","DISOCKEYE","D22","3","2019-07-09 10:03:43.500","2019-07-09 10:05:20.166","97","73.57208883004814","80","undefined","undefined","brett.johnson,julian.gan,sarah.friesen,tyrel.froese","undefined","Dynamic","Full","null","Invalid date","Invalid date","{""tide"":null,""sky_cover"":null,""wind_speed"":null,""swell_height"":null,""weather_notes"":null}"
"11853","010856_2016-06-23T19:13:18.833Z","010856_20160623_1526","XR-620","010856","6.81","DISOCKEYE","D24","2","2016-06-23 12:13:18.833","2016-06-23 12:13:31.833","13","11.621144313524821","12","undefined","undefined","Luke Rogers,Sam James,Tim Spesivy","undefined","null","null","null","Invalid date","Invalid date","null"
"11859","010856_2016-07-05T16:23:57.500Z","010856_20160705_1357","XR-620","010856","6.81","DISOCKEYE","D24","2","2016-07-05 09:24:05.666","2016-07-05 09:24:59.500","54","50.46859717983607","50","undefined","undefined","Luke Rogers,Sam James,Tim Spesivy","undefined","null","null","null","Invalid date","Invalid date","null"
"11854","010856_2016-06-24T15:28:11.666Z","010856_20160624_1632","XR-620","010856","6.81","DISOCKEYE","D25","1","2016-06-24 08:28:19.833","2016-06-24 08:29:10.333","50","47.73576673816215","40","undefined","undefined","Brianna Knowles,Luke Rogers,Natalie Mahara","undefined","null","null","null","Invalid date","Invalid date","null"
"11855","010856_2016-06-24T17:32:43.667Z","010856_20160624_1632","XR-620","010856","6.81","DISOCKEYE","D26","1","2016-06-24 10:32:45.833","2016-06-24 10:33:03.833","18","11.969147885514383","10","undefined","undefined","Brianna Knowles,Luke Rogers,Natalie Mahara","undefined","null","null","null","Invalid date","Invalid date","null"
"11845","010856_2016-06-21T23:11:08.167Z","010856_20160621_1744","XR-620","010856","6.81","DISOCKEYE","D27","4","2016-06-21 16:11:09.167","2016-06-21 16:11:49.000","40","32.19293988902691","30","undefined","undefined","Brett Johnson,Brianna Knowles,Sam James","undefined","null","null","null","Invalid date","Invalid date","null"
"11861","010856_2016-07-06T15:42:20.834Z","010856_20160706_1633","XR-620","010856","6.81","DISOCKEYE","D27","2","2016-07-06 08:42:21.000","2016-07-06 08:42:42.334","21","20.440564392433398","65","undefined","undefined","Brett Johnson,Luke Rogers,Sam James","undefined","null","null","null","Invalid date","Invalid date","null"
"9057","010856_2017-05-23T17:07:20.500Z","010856_20170523_1435","XR-620","010856","6.81","DISOCKEYE","D27","2","2017-05-23 10:07:20.667","2017-05-23 10:07:58.500","38","26.498667777950413","25","undefined","undefined","carly.janusson,julian.gan,luke.rogers,sam.james","undefined","null","null","null","Invalid date","Invalid date","null"
"9159","010856_2017-05-29T17:57:40.333Z","010856_20170529_1456","XR-620","010856","6.81","DISOCKEYE","D27","2","2017-05-29 10:57:40.333","2017-05-29 10:58:20.666","40","41.34289210698138","40","undefined","undefined","carly.janusson,julian.gan,luke.rogers,sam.james","undefined","null","null","null","Invalid date","Invalid date","null"
"9170","010856_2017-05-31T15:37:23.501Z","010856_20170531_1438","XR-620","010856","6.81","DISOCKEYE","D27","2","2017-05-31 08:37:23.501","2017-05-31 08:38:03.667","40","38.94273388657206","40","undefined","undefined","brenna.collicutt,julian.gan,luke.rogers,sam.james","undefined","null","null","null","Invalid date","Invalid date","null"
"9199","010856_2017-06-05T20:42:33.833Z","010856_20170605_1615","XR-620","010856","6.81","DISOCKEYE","D27","2","2017-06-05 13:42:34.000","2017-06-05 13:43:04.500","30","33.72927578541419","35","undefined","undefined","brenna.collicutt,julian.gan,luke.rogers,sam.james","undefined","null","null","null","Invalid date","Invalid date","null"
"9310","010856_2017-06-13T18:18:39.000Z","010856_20170613_1542","XR-620","010856","6.81","DISOCKEYE","D27","2","2017-06-13 11:18:40.667","2017-06-13 11:19:08.667","28","33.57552565873272","35","undefined","undefined","brenna.collicutt,julian.gan,luke.rogers,sam.james","undefined","null","null","null","Invalid date","Invalid date","null"
"9410","010856_2017-06-27T15:46:16.500Z","010856_20170627_1000","XR-620","010856","6.81","DISOCKEYE","D27","2","2017-06-27 08:46:16.500","2017-06-27 08:46:38.333","22","22.862238359331624","25","undefined","undefined","brett.johnson,carly.janusson,julian.gan,luke.rogers","undefined","null","null","null","Invalid date","Invalid date","null"
"9481","010856_2017-07-04T17:49:23.333Z","010856_20170704_1505","XR-620","010856","6.81","DISOCKEYE","D27","2","2017-07-04 10:49:31.834","2017-07-04 10:50:08.333","36","42.347652531549265","45","undefined","undefined","brett.johnson,carly.janusson,julian.gan,sam.james","undefined","null","null","null","Invalid date","Invalid date","null"
"14786","065679_2018-05-10T17:10:56.333Z","065679_20180510_1318","RBRconcerto","065679","12.040","DI_W,DISOCKEYE","D27","2","2018-05-10 10:15:28.667","2018-05-10 10:17:02.833","94","52.749319475680146","60","undefined","undefined","brett.johnson,katie.davidson,krystal.bachen,sara.tremblayb","undefined","Dynamic","Full","null","Invalid date","Invalid date","{""tide"":null,""sky_cover"":""overcast"",""wind_speed"":""10"",""swell_height"":""0"",""weather_notes"":null}"
"12077","065679_2018-05-15T15:36:54.000Z","065679_20180515_1455","RBRconcerto","065679","12.040","DISOCKEYE","D27","2","2018-05-15 08:36:54.000","2018-05-15 08:37:30.000","36","27.062497882148524","30","undefined","undefined","brett.johnson,katie.davidson,Sam James,sara.tremblayb","undefined","null","null","null","Invalid date","Invalid date","null"
"12121","065679_2018-05-23T19:51:53.667Z","065679_20180523_1539","RBRconcerto","065679","12.040","DISOCKEYE","D27","2","2018-05-23 12:54:47.500","2018-05-23 12:55:52.500","65","78.47598690611413","85","undefined","undefined","brett.johnson,julian.gan,katie.davidson,sara.tremblayb","undefined","null","null","null","Invalid date","Invalid date","null"
"12203","065679_2018-05-29T18:04:15.500Z","065679_20180530_0511","RBRconcerto","065679","12.040","DISOCKEYE","D27","2","2018-05-29 11:04:17.500","2018-05-29 11:07:43.166","206","69.6670042473061","75","undefined","undefined","julian.gan,katie.davidson,sara.tremblayb","undefined","null","null","null","Invalid date","Invalid date","null"
"12275","065679_2018-06-05T16:26:53.833Z","065679_20180605_1144","RBRconcerto","065679","12.040","DISOCKEYE","D27","2","2018-06-05 09:26:53.833","2018-06-05 09:27:14.333","21","33.615910676124045","35","undefined","undefined","julian.gan,katie.davidson,lauren.portner,sara.tremblayb","undefined","null","null","null","Invalid date","Invalid date","null"
"12349","065679_2018-06-12T17:02:57.000Z","065679_20180612_1549","RBRconcerto","065679","12.040","DISOCKEYE","D27","2","2018-06-12 10:02:57.167","2018-06-12 10:04:06.000","69","56.00922436718658","60","undefined","undefined","chris.osullivan,julian.gan,katie.davidson,sara.tremblayb","undefined","null","null","null","Invalid date","Invalid date","null"
"12507","065679_2018-06-19T15:48:19.833Z","065679_20180620_0434","RBRconcerto","065679","12.040","DISOCKEYE","D27","2","2018-06-19 08:48:19.833","2018-06-19 08:49:12.667","53","51.970881222651194","55","undefined","undefined","David Costalago,julian.gan,katie.davidson,sara.tremblayb","undefined","null","null","null","Invalid date","Invalid date","null"
"12510","065679_2018-06-26T18:25:16.500Z","065679_20180626_1238","RBRconcerto","065679","12.040","DISOCKEYE","D27","6","2018-06-26 11:25:17.166","2018-06-26 11:25:51.833","35","49.973500539659376","55","undefined","undefined","eva.jordison,julian.gan,katie.davidson,sara.tremblayb","undefined","null","null","null","Invalid date","Invalid date","null"
"12537","065679_2018-07-04T15:52:46.667Z","065679_20180704_1024","RBRconcerto","065679","12.040","DISOCKEYE","D27","3","2018-07-04 08:52:46.667","2018-07-04 08:53:31.500","45","50.40050067252704","70","undefined","undefined","julian.gan,katie.davidson,sara.tremblayb,tyrel.froese","undefined","null","null","null","Invalid date","Invalid date","null"
"13904","080217_2019-05-22T17:27:08.167Z","080217_20190522_1258","RBRmaestro","080217","1.430","DISOCKEYE","D27","3","2019-05-22 10:27:08.333","2019-05-22 10:27:31.000","23","19.728471768661834","20","undefined","undefined","julian.gan,lauren.portner,sam.james,tyrel.froese","undefined","Dynamic","Full","null","Invalid date","Invalid date","{""tide"":null,""sky_cover"":""clear"",""wind_speed"":""10"",""swell_height"":""1"",""weather_notes"":null}"
"13939","080217_2019-05-26T16:35:19.000Z","080217_20190526_1415","RBRmaestro","080217","1.430","DISOCKEYE","D27","4","2019-05-26 09:35:19.166","2019-05-26 09:36:00.500","41","28.717024246724417","30","undefined","undefined","brett.johnson","undefined","Dynamic","Full","null","Invalid date","Invalid date","{""tide"":null,""sky_cover"":null,""wind_speed"":null,""swell_height"":null,""weather_notes"":null}"
"13965","080217_2019-05-29T16:04:35.000Z","080217_20190529_1107","RBRmaestro","080217","1.430","DISOCKEYE","D27","2","2019-05-29 09:04:35.000","2019-05-29 09:04:49.667","15","19.646368202288265","20","undefined","undefined","brett.johnson,isabelle.desmarais,krystal.bachen,sarah.friesen","undefined","Dynamic","Full","null","Invalid date","Invalid date","{""tide"":null,""sky_cover"":null,""wind_speed"":null,""swell_height"":null,""weather_notes"":null}"
"13971","080217_2019-06-01T16:38:04.334Z","080217_20190601_1132","RBRmaestro","080217","1.430","DISOCKEYE","D27","3","2019-06-01 09:38:04.334","2019-06-01 09:38:22.167","18","19.459316315679157","20","undefined","undefined","julian.gan,Justin Carless,krystal.bachen,sam.james","undefined","Dynamic","Full","null","Invalid date","Invalid date","{""tide"":null,""sky_cover"":null,""wind_speed"":null,""swell_height"":null,""weather_notes"":null}"
"13978","080217_2019-06-04T16:16:59.167Z","080217_20190604_1240","RBRmaestro","080217","1.430","DISOCKEYE","D27","2","2019-06-04 09:17:17.667","2019-06-04 09:17:50.500","33","23.736531101730073","25","undefined","undefined","Jacob Lerner,julian.gan,krystal.bachen,sam.james","undefined","Dynamic","Full","null","Invalid date","Invalid date","{""tide"":null,""sky_cover"":null,""wind_speed"":null,""swell_height"":null,""weather_notes"":null}"
"14049","080217_2019-06-11T15:51:12.833Z","080217_20190611_1433","RBRmaestro","080217","1.430","DISOCKEYE","D27","3","2019-06-11 08:51:12.833","2019-06-11 08:51:30.000","17","23.856386640009113","25","undefined","undefined","Jacob Lerner,julian.gan,krystal.bachen,sam.james","undefined","Dynamic","Full","null","Invalid date","Invalid date","{""tide"":null,""sky_cover"":null,""wind_speed"":null,""swell_height"":null,""weather_notes"":null}"
"14124","080217_2019-06-18T16:42:26.334Z","080217_20190618_1105","RBRmaestro","080217","1.430","DISOCKEYE","D27","3","2019-06-18 09:42:26.334","2019-06-18 09:42:40.000","14","17.68315776550469","20","undefined","undefined","isabelle.desmarais,julian.gan,Vanessa Fladmark","undefined","Dynamic","Full","null","Invalid date","Invalid date","{""tide"":null,""sky_cover"":null,""wind_speed"":null,""swell_height"":null,""weather_notes"":null}"
"14141","018032_2019-06-25T15:03:17.000Z","018032_20190625_1256","XRX-620","018032","6.81","DISOCKEYE","D27","3","2019-06-25 08:03:17.000","2019-06-25 08:03:42.667","26","18.827272424884566","20","undefined","undefined","brett.johnson,sarah.friesen,tyrel.froese,Vanessa Fladmark","undefined","Dynamic","Full","null","Invalid date","Invalid date","{""tide"":null,""sky_cover"":null,""wind_speed"":null,""swell_height"":null,""weather_notes"":null}"
"14357","080217_2019-07-09T14:59:11.500Z","080217_20190709_1118","RBRmaestro","080217","1.430","DISOCKEYE","D27","3","2019-07-09 07:59:11.500","2019-07-09 07:59:32.666","21","19.522144345446467","20","undefined","undefined","brett.johnson,julian.gan,sarah.friesen,tyrel.froese","undefined","Dynamic","Full","null","Invalid date","Invalid date","{""tide"":null,""sky_cover"":null,""wind_speed"":null,""swell_height"":null,""weather_notes"":null}"
"15244","018066_2020-06-10T17:44:25.334Z","018066_20200610_1313","XRX-620","018066","6.81","DISOCKEYE","D27","4","2020-06-10 10:44:25.334","2020-06-10 10:44:34.833","9","12.829412674207308","10","undefined","undefined","julian.gan,krystal.bachen,tim.vanderstap","undefined","Dynamic","Full","null","Invalid date","Invalid date","{""tide"":null,""sky_cover"":""overcast"",""wind_speed"":""16"",""swell_height"":""1"",""weather_notes"":null}"
"15245","018066_2020-06-10T18:00:36.000Z","018066_20200610_1313","XRX-620","018066","6.81","DISOCKEYE","D27","6","2020-06-10 11:00:35.000","2020-06-10 11:01:05.499","30","41.02881108499734","35","undefined","undefined","julian.gan,krystal.bachen,tim.vanderstap","undefined","Dynamic","Full","null","Invalid date","Invalid date","{""tide"":null,""sky_cover"":""overcast"",""wind_speed"":""16"",""swell_height"":""1"",""weather_notes"":null}"
"15437","080217_2020-07-07T16:30:38.167Z","080217_20200707_1221","RBRmaestro","080217","1.430","DISOCKEYE","D27","3","2020-07-07 09:30:38.334","2020-07-07 09:30:46.667","8","10.37750162418023","11","undefined","undefined","julian.gan,krystal.bachen,nick.sinclair,tim.vanderstap","undefined","Dynamic","Full","null","Invalid date","Invalid date","{""tide"":null,""sky_cover"":""partly_cloudy"",""wind_speed"":""6"",""swell_height"":""0"",""weather_notes"":null}"
"15440","080217_2020-07-07T17:04:06.000Z","080217_20200707_1221","RBRmaestro","080217","1.430","DISOCKEYE","D27","7","2020-07-07 10:04:06.166","2020-07-07 10:04:32.000","26","32.72980531314896","35","undefined","undefined","julian.gan,krystal.bachen,nick.sinclair,tim.vanderstap","undefined","Dynamic","Full","null","Invalid date","Invalid date","{""tide"":null,""sky_cover"":""partly_cloudy"",""wind_speed"":""6"",""swell_height"":""0"",""weather_notes"":null}"
"11847","010856_2016-06-22T18:29:00.500Z","010856_20160622_1734","XR-620","010856","6.81","DISOCKEYE","D28","2","2016-06-22 11:29:06.500","2016-06-22 11:30:04.167","58","56.65716063236809","60","undefined","undefined","Brianna Knowles,Luke Rogers,Tim Spesivy","undefined","null","null","null","Invalid date","Invalid date","null"
"9008","010856_2017-05-17T16:28:00.500Z","010856_20170517_1355","XR-620","010856","6.81","DISOCKEYE","D29","1","2017-05-17 09:28:00.333","2017-05-17 09:28:54.666","54","52.0591316318544","50","undefined","undefined","brett.johnson,julian.gan,luke.rogers","undefined","null","null","null","Invalid date","Invalid date","null"
"9097","010856_2017-05-26T16:25:21.667Z","010856_20170526_1507","XR-620","010856","6.81","DISOCKEYE","D29","2","2017-05-26 09:25:23.667","2017-05-26 09:25:49.000","25","22.926316013661694","20","undefined","undefined","brett.johnson,carly.janusson,julian.gan,luke.rogers","undefined","null","null","null","Invalid date","Invalid date","null"
"9172","010856_2017-05-31T20:01:17.333Z","010856_20170531_1438","XR-620","010856","6.81","DISOCKEYE","D29","2","2017-05-31 13:01:17.500","2017-05-31 13:01:43.834","26","29.377550634451218","30","undefined","undefined","brenna.collicutt,julian.gan,luke.rogers,sam.james","undefined","null","null","null","Invalid date","Invalid date","null"
"9175","010856_2017-06-01T18:37:23.833Z","010856_20170601_1340","XR-620","010856","6.81","DISOCKEYE","D29","2","2017-06-01 11:37:23.833","2017-06-01 11:37:50.500","27","27.93963185313979","30","undefined","undefined","brett.johnson,carly.janusson,julian.gan,luke.rogers","undefined","null","null","null","Invalid date","Invalid date","null"
"9246","010856_2017-06-09T18:12:19.667Z","010856_20170609_1311","XR-620","010856","6.81","DISOCKEYE","D29","2","2017-06-09 11:12:19.834","2017-06-09 11:13:33.667","74","80.26603571884553","85","undefined","undefined","brenna.collicutt,carly.janusson,julian.gan,luke.rogers","undefined","null","null","null","Invalid date","Invalid date","null"
"9323","010856_2017-06-14T19:52:10.833Z","010856_20170614_1435","XR-620","010856","6.81","DISOCKEYE","D29","2","2017-06-14 12:52:13.833","2017-06-14 12:54:11.167","117","80.8601125863322","85","undefined","undefined","brenna.collicutt,Gideon Mordecai,julian.gan,luke.rogers","undefined","null","null","null","Invalid date","Invalid date","null"
"9392","010856_2017-06-21T18:09:26.167Z","010856_20170621_1352","XR-620","010856","6.81","DISOCKEYE","D29","2","2017-06-21 11:09:26.167","2017-06-21 11:10:52.333","86","52.12622800084846","55","undefined","undefined","brenna.collicutt,brett.johnson,julian.gan,luke.rogers","undefined","null","null","null","Invalid date","Invalid date","null"
"9534","010856_2017-07-06T18:33:14.000Z","010856_20170706_1426","XR-620","010856","6.81","DISOCKEYE","D29","2","2017-07-06 11:33:14.000","2017-07-06 11:33:44.333","30","33.207360891394806","35","undefined","undefined","julian.gan,luke.rogers,Melissa Orobko","undefined","null","null","null","Invalid date","Invalid date","null"
"9063","010856_2017-05-19T17:54:20.500Z","010856_20170519_1338","XR-620","010856","6.81","DISOCKEYE","D30","2","2017-05-19 10:54:20.500","2017-05-19 10:54:56.500","36","26.927391056068142","25","undefined","undefined","brett.johnson,julian.gan,luke.rogers","undefined","null","null","null","Invalid date","Invalid date","null"
"12506","065679_2018-06-18T20:20:03.333Z","065679_20180618_1450","RBRconcerto","065679","12.040","DISOCKEYE","D30","2","2018-06-18 13:22:23.833","2018-06-18 13:22:35.500","12","9.88994886149118","10","undefined","undefined","julian.gan,katie.davidson,sara.tremblayb","undefined","null","null","null","Invalid date","Invalid date","null"
"14137","018032_2019-06-24T18:22:17.000Z","018032_20190624_1259","XRX-620","018032","6.81","DISOCKEYE","D30","2","2019-06-24 11:22:17.000","2019-06-24 11:22:39.166","22","19.267321292944217","20","undefined","undefined","julian.gan,sam.james,sarah.friesen,Vanessa Fladmark","undefined","Dynamic","Full","null","Invalid date","Invalid date","{""tide"":null,""sky_cover"":""clear"",""wind_speed"":""3"",""swell_height"":""0"",""weather_notes"":null}"
"9098","010856_2017-05-26T20:30:32.166Z","010856_20170526_1507","XR-620","010856","6.81","DISOCKEYE","D34","2","2017-05-26 13:30:32.333","2017-05-26 13:32:36.166","124","92.41801459080624","90","undefined","undefined","brett.johnson,carly.janusson,julian.gan,luke.rogers","undefined","null","null","null","Invalid date","Invalid date","null"
"13976","080217_2019-05-14T18:30:40.166Z","080217_20190514_1351","RBRmaestro","080217","1.430","DISOCKEYE","D35","2","2019-05-14 11:30:40.500","2019-05-14 11:32:02.166","82","75.74486888126883","80","undefined","undefined","brett.johnson,julian.gan,krystal.bachen,sarah.friesen","undefined","Dynamic","Full","null","Invalid date","Invalid date","{""tide"":null,""sky_cover"":null,""wind_speed"":null,""swell_height"":null,""weather_notes"":null}"
"13950","080217_2019-05-27T19:41:16.500Z","080217_20190527_1431","RBRmaestro","080217","1.430","DISOCKEYE","D35","5","2019-05-27 12:43:36.667","2019-05-27 12:43:52.667","16","19.637105185591444","20","undefined","undefined","brett.johnson,Caroline Graham,julian.gan,tyrel.froese","undefined","Dynamic","Full","null","Invalid date","Invalid date","{""tide"":null,""sky_cover"":""clear"",""wind_speed"":""1"",""swell_height"":""0"",""weather_notes"":null}"
"13992","080217_2019-05-30T20:13:42.833Z","080217_20190530_1515","RBRmaestro","080217","1.430","DISOCKEYE","D35","3","2019-05-30 13:13:42.833","2019-05-30 13:13:54.833","12","15.59547147882152","15","undefined","undefined","brett.johnson","undefined","Dynamic","Full","null","Invalid date","Invalid date","{""tide"":null,""sky_cover"":null,""wind_speed"":null,""swell_height"":null,""weather_notes"":null}"
"13973","080217_2019-06-03T17:28:14.666Z","080217_20190603_1228","RBRmaestro","080217","1.430","DISOCKEYE","D35","4","2019-06-03 10:28:14.666","2019-06-03 10:28:44.166","30","32.94046358158555","45","undefined","undefined","brett.johnson,julian.gan,krystal.bachen","undefined","Dynamic","Full","null","Invalid date","Invalid date","{""tide"":null,""sky_cover"":null,""wind_speed"":null,""swell_height"":null,""weather_notes"":null}"
"14131","080217_2019-06-20T17:32:46.833Z","080217_20190620_1253","RBRmaestro","080217","1.430","DISOCKEYE","D35","2","2019-06-20 10:32:47.000","2019-06-20 10:32:58.333","11","14.930349305012601","15","undefined","undefined","brett.johnson,sam.james,tyrel.froese,Vanessa Fladmark","undefined","Dynamic","Full","null","Invalid date","Invalid date","{""tide"":null,""sky_cover"":""clear"",""wind_speed"":""10"",""swell_height"":""0"",""weather_notes"":null}"
"14143","018032_2019-06-26T17:51:43.500Z","018032_20190626_1308","XRX-620","018032","6.81","DISOCKEYE","D35","4","2019-06-26 10:51:43.667","2019-06-26 10:52:05.833","22","15.241278826188346","10","undefined","undefined","brett.johnson,jonathan.bergshoeff,tyrel.froese,Vanessa Fladmark","undefined","Dynamic","Full","null","Invalid date","Invalid date","{""tide"":null,""sky_cover"":""overcast"",""wind_speed"":""10"",""swell_height"":""0"",""weather_notes"":null}"
"15209","018066_2020-06-05T22:10:25.000Z","018066_20200605_1750","XRX-620","018066","6.81","DISOCKEYE","D35","4","2020-06-05 15:10:28.500","2020-06-05 15:10:38.500","10","15.590916935427353","15","undefined","undefined","julian.gan,krystal.bachen,tim.vanderstap","undefined","Dynamic","Full","null","Invalid date","Invalid date","{""tide"":null,""sky_cover"":""overcast"",""wind_speed"":""6"",""swell_height"":""0.5"",""weather_notes"":null}"
"15210","018066_2020-06-05T22:25:30.500Z","018066_20200605_1750","XRX-620","018066","6.81","DISOCKEYE","D35","5","2020-06-05 15:25:30.500","2020-06-05 15:26:23.833","53","73.55571746371507","60","undefined","undefined","julian.gan,krystal.bachen,tim.vanderstap","undefined","Dynamic","Full","null","Invalid date","Invalid date","{""tide"":null,""sky_cover"":""overcast"",""wind_speed"":""6"",""swell_height"":""0.5"",""weather_notes"":null}"
"15260","018066_2020-06-19T17:42:06.499Z","018066_20200619_1307","XRX-620","018066","6.81","DISOCKEYE","D35","3","2020-06-19 10:42:06.499","2020-06-19 10:42:43.499","37","54.18915990257546","45","undefined","undefined","julian.gan,nick.sinclair,tim.vanderstap","undefined","Dynamic","Full","null","Invalid date","Invalid date","{""tide"":null,""sky_cover"":null,""wind_speed"":null,""swell_height"":null,""weather_notes"":null}"
"15321","080217_2020-07-03T14:53:11.167Z","080217_20200703_1522","RBRmaestro","080217","1.430","DISOCKEYE","D35","2","2020-07-03 07:53:11.167","2020-07-03 07:53:44.500","33","41.613701954463046","45","undefined","undefined","julian.gan,krystal.bachen,tim.vanderstap","undefined","Dynamic","Full","null","Invalid date","Invalid date","{""tide"":null,""sky_cover"":null,""wind_speed"":null,""swell_height"":null,""weather_notes"":null}"
"9081","010856_2017-05-24T21:38:13.500Z","010856_20170524_1539","XR-620","010856","6.81","DISOCKEYE","HOLDINGTANKINTAKE","1","2017-05-24 14:38:16.166","2017-05-24 14:38:28.000","12","6.607951700983428","5","undefined","undefined","brett.johnson,julian.gan","undefined","null","null","null","Invalid date","Invalid date","null"
"12100","080217_2018-05-22T15:37:15.333Z","080217_20180522_1109","RBRconcerto","080217","12.040","JSSOCKEYE","J01","2","2018-05-22 08:40:08.166","2018-05-22 08:40:33.333","25","31.208551149949756","30","undefined","undefined","dylan.smyth,erin.pippus,michelle.douglas,mirko.diaz","undefined","null","null","null","Invalid date","Invalid date","null"
"9640","080217_2017-07-12T21:36:24.833Z","080217_20170712_1647","RBRconcerto","080217","12.040","JSSOCKEYE","J02","2","2017-07-12 14:36:24.833","2017-07-12 14:36:59.333","35","36.430611689033","35","undefined","undefined","dylan.smyth,Griffin Kelly,lauren.portner,mirko.diaz","undefined","null","null","null","Invalid date","Invalid date","null"
"12042","080217_2018-05-16T14:48:19.833Z","080217_20180516_1025","RBRconcerto","080217","12.040","JSSOCKEYE","J02","1","2018-05-16 07:48:19.833","2018-05-16 07:48:41.833","22","29.172326024493973","30","undefined","undefined","dylan.smyth,erin.pippus,julian.gan,mirko.diaz","undefined","null","null","null","Invalid date","Invalid date","null"
"12099","080217_2018-05-22T14:45:58.834Z","080217_20180522_1109","RBRconcerto","080217","12.040","JSSOCKEYE","J02","2","2018-05-22 07:45:59.000","2018-05-22 07:46:21.334","22","26.446116633339987","25","undefined","undefined","dylan.smyth,erin.pippus,michelle.douglas,mirko.diaz","undefined","null","null","null","Invalid date","Invalid date","null"
"12491","080217_2018-05-30T18:31:16.833Z","080217_20180530_1323","RBRconcerto","080217","12.040","JSSOCKEYE","J02","2","2018-05-30 11:33:31.166","2018-05-30 11:33:47.000","16","18.148254631139142","15","undefined","undefined","dylan.smyth,erin.pippus,michelle.douglas,mirko.diaz","undefined","null","null","null","Invalid date","Invalid date","null"
"12340","080217_2018-06-12T16:49:46.000Z","080217_20180612_1215","RBRconcerto","080217","12.040","JSSOCKEYE","J02","2","2018-06-12 09:49:46.000","2018-06-12 09:49:55.833","10","12.515472845821135","12","undefined","undefined","dylan.smyth,erin.pippus,michelle.douglas,mirko.diaz","undefined","null","null","null","Invalid date","Invalid date","null"
"12511","080217_2018-06-20T18:29:05.333Z","080217_20180620_1558","RBRconcerto","080217","12.040","JSSOCKEYE","J02","1","2018-06-20 11:29:05.333","2018-06-20 11:29:13.833","9","9.753788196002986","9","undefined","undefined","dylan.smyth,erin.pippus,michelle.douglas,mirko.diaz","undefined","null","null","null","Invalid date","Invalid date","null"
"12543","080217_2018-06-29T16:05:59.500Z","080217_20180629_1020","RBRconcerto","080217","12.040","JSSOCKEYE","J02","2","2018-06-29 09:05:59.500","2018-06-29 09:06:16.667","17","21.680631432005928","20","undefined","undefined","dylan.smyth,erin.pippus,michelle.douglas,mirko.diaz","undefined","null","null","null","Invalid date","Invalid date","null"
"14713","065679_2019-05-17T17:33:49.000Z","065679_20190517_1300","RBRconcerto","065679","1.430","JSSOCKEYE","J02","2","2019-05-17 10:33:49.000","2019-05-17 10:34:00.167","11","15.898738123723689","15","undefined","undefined","erin.pippus,katie.davidson,sara.tremblayb,Tesarla Johnson","undefined","Dynamic","Full","null","Invalid date","Invalid date","{""tide"":null,""sky_cover"":""light_rain"",""wind_speed"":""3"",""swell_height"":""0"",""weather_notes"":null}"
"13956","065679_2019-05-29T20:44:16.000Z","065679_20190529_1555","RBRconcerto","065679","1.430","JSSOCKEYE","J02","2","2019-05-29 13:44:16.000","2019-05-29 13:44:21.667","6","5.889166884051363","5","undefined","undefined","erin.pippus,katie.davidson,sara.tremblayb,Tesarla Johnson","undefined","Dynamic","Full","null","Invalid date","Invalid date","{""tide"":null,""sky_cover"":""cloudy"",""wind_speed"":""3"",""swell_height"":""0.5"",""weather_notes"":null}"
"14006","065679_2019-06-05T19:17:38.500Z","065679_20190605_1457","RBRconcerto","065679","1.430","JSSOCKEYE","J02","3","2019-06-05 12:17:38.500","2019-06-05 12:17:53.833","15","20.40551185808578","20","undefined","undefined","erin.pippus,katie.davidson,sara.tremblayb,Tesarla Johnson","undefined","Dynamic","Full","null","Invalid date","Invalid date","{""tide"":null,""sky_cover"":""light_rain"",""wind_speed"":""10"",""swell_height"":""0"",""weather_notes"":null}"
"14008","065679_2019-06-06T21:22:45.667Z","065679_20190606_1758","RBRconcerto","065679","1.430","JSSOCKEYE","J02","3","2019-06-06 14:26:18.333","2019-06-06 14:26:23.000","5","5.969967469078369","5","undefined","undefined","erin.pippus,katie.davidson,sara.tremblayb,Tesarla Johnson","undefined","Dynamic","Full","null","Invalid date","Invalid date","{""tide"":null,""sky_cover"":""cloudy"",""wind_speed"":""16"",""swell_height"":""0.5"",""weather_notes"":null}"
"14182","065679_2019-06-28T20:06:01.000Z","065679_20190628_1530","RBRconcerto","065679","1.430","JSSOCKEYE","J02","3","2019-06-28 13:06:01.000","2019-06-28 13:06:08.666","8","10.892447725693035","10","undefined","undefined","erin.pippus,katie.davidson,sara.tremblayb,Tesarla Johnson","undefined","Dynamic","Full","null","Invalid date","Invalid date","{""tide"":null,""sky_cover"":""partly_cloudy"",""wind_speed"":""6"",""swell_height"":""0.5"",""weather_notes"":null}"
"9176","080217_2017-06-03T13:33:04.167Z","080217_20170603_1554","RBRconcerto","080217","12.040","JSSOCKEYE","J03","3","2017-06-03 06:33:05.167","2017-06-03 06:33:35.167","30","28.57779959008052","30","undefined","undefined","dylan.smyth,emma.atkinson,lauren.portner,mirko.diaz","undefined","null","null","null","Invalid date","Invalid date","null"
"9638","080217_2017-07-12T19:04:56.667Z","080217_20170712_1647","RBRconcerto","080217","12.040","JSSOCKEYE","J03","2","2017-07-12 12:04:58.000","2017-07-12 12:07:37.167","159","18.10177932066673","18","undefined","undefined","dylan.smyth,Griffin Kelly,lauren.portner,mirko.diaz","undefined","null","null","null","Invalid date","Invalid date","null"
"12041","080217_2018-05-16T13:35:50.000Z","080217_20180516_1025","RBRconcerto","080217","12.040","JSSOCKEYE","J03","1","2018-05-16 06:35:50.000","2018-05-16 06:36:15.000","25","31.009500251677995","30","undefined","undefined","dylan.smyth,erin.pippus,julian.gan,mirko.diaz","undefined","null","null","null","Invalid date","Invalid date","null"
"12055","080217_2018-05-17T17:46:08.167Z","080217_20180517_1259","RBRconcerto","080217","12.040","JSSOCKEYE","J03","2","2018-05-17 10:46:08.167","2018-05-17 10:46:39.167","31","37.571489460421084","35","undefined","undefined","dylan.smyth,julian.gan,michelle.douglas,mirko.diaz","undefined","null","null","null","Invalid date","Invalid date","null"
"12098","080217_2018-05-22T13:40:00.333Z","080217_20180522_1109","RBRconcerto","080217","12.040","JSSOCKEYE","J03","2","2018-05-22 06:40:00.333","2018-05-22 06:40:19.833","19","21.0037701004429","20","undefined","undefined","dylan.smyth,erin.pippus,michelle.douglas,mirko.diaz","undefined","null","null","null","Invalid date","Invalid date","null"
"12490","080217_2018-05-30T16:30:11.333Z","080217_20180530_1323","RBRconcerto","080217","12.040","JSSOCKEYE","J03","2","2018-05-30 09:30:11.333","2018-05-30 09:30:37.833","26","34.25573643063361","30","undefined","undefined","dylan.smyth,erin.pippus,michelle.douglas,mirko.diaz","undefined","null","null","null","Invalid date","Invalid date","null"
"12251","080217_2018-06-03T17:37:21.333Z","080217_20180603_1328","RBRconcerto","080217","12.040","JSSOCKEYE","J03","2","2018-06-03 10:37:21.333","2018-06-03 10:37:32.500","11","13.409674363320931","12","undefined","undefined","dylan.smyth,erin.pippus,michelle.douglas,mirko.diaz","undefined","null","null","null","Invalid date","Invalid date","null"
"12513","080217_2018-06-23T19:06:09.000Z","080217_20180623_1355","RBRconcerto","080217","12.040","OTHER,JSSOCKEYE","J03","2","2018-06-23 12:08:41.500","2018-06-23 12:09:07.667","26","31.182571589758403","30","undefined","undefined","dylan.smyth,erin.pippus,michelle.douglas,mirko.diaz","undefined","null","null","null","Invalid date","Invalid date","null"
"12542","080217_2018-06-29T13:48:15.834Z","080217_20180629_1020","RBRconcerto","080217","12.040","JSSOCKEYE","J03","2","2018-06-29 06:48:15.834","2018-06-29 06:48:36.667","21","23.337922808262178","22","undefined","undefined","dylan.smyth,erin.pippus,michelle.douglas,mirko.diaz","undefined","null","null","null","Invalid date","Invalid date","null"
"12540","080217_2018-07-03T16:21:38.500Z","080217_20180703_1429","RBRconcerto","080217","12.040","JSSOCKEYE","J03","2","2018-07-03 09:25:31.166","2018-07-03 09:25:51.666","20","25.448085660235222","25","undefined","undefined","dylan.smyth,erin.pippus,michelle.douglas,mirko.diaz","undefined","null","null","null","Invalid date","Invalid date","null"
"12546","080217_2018-07-09T15:21:55.334Z","080217_20180709_1614","RBRconcerto","080217","12.040","JSSOCKEYE","J03","2","2018-07-09 08:21:55.334","2018-07-09 08:22:20.334","25","31.29419248760193","30","undefined","undefined","dylan.smyth,erin.pippus,michelle.douglas,mirko.diaz","undefined","null","null","null","Invalid date","Invalid date","null"
"14712","065679_2019-05-17T14:57:51.834Z","065679_20190517_1300","RBRconcerto","065679","1.430","JSSOCKEYE","J03","2","2019-05-17 08:02:45.334","2019-05-17 08:03:13.834","29","21.085862173311575","20","undefined","undefined","erin.pippus,katie.davidson,sara.tremblayb,Tesarla Johnson","undefined","Dynamic","Full","null","Invalid date","Invalid date","{""tide"":null,""sky_cover"":""light_rain"",""wind_speed"":""3"",""swell_height"":""0"",""weather_notes"":null}"
"14716","065679_2019-05-23T17:11:25.500Z","065679_20190523_2143","RBRconcerto","065679","1.430","JSSOCKEYE","J03","2","2019-05-23 10:11:25.500","2019-05-23 10:11:41.000","16","20.979467317212833","20","undefined","undefined","erin.pippus,katie.davidson,sara.tremblayb,Tesarla Johnson","undefined","Dynamic","Full","null","Invalid date","Invalid date","{""tide"":null,""sky_cover"":""overcast"",""wind_speed"":""10"",""swell_height"":""0"",""weather_notes"":null}"
"13955","065679_2019-05-29T14:06:16.166Z","065679_20190529_1555","RBRconcerto","065679","1.430","JSSOCKEYE","J03","2","2019-05-29 07:06:16.166","2019-05-29 07:06:41.666","26","26.165440033785885","25","undefined","undefined","erin.pippus,katie.davidson,sara.tremblayb,Tesarla Johnson","undefined","Dynamic","Full","null","Invalid date","Invalid date","{""tide"":null,""sky_cover"":""cloudy"",""wind_speed"":""3"",""swell_height"":""0.5"",""weather_notes"":null}"
"13966","065679_2019-05-31T19:48:39.333Z","065679_20190531_1514","RBRconcerto","065679","1.430","JSSOCKEYE","J03","3","2019-05-31 12:48:39.333","2019-05-31 12:48:58.667","19","26.279665123486133","25","undefined","undefined","erin.pippus,katie.davidson,sara.tremblayb,Tesarla Johnson","undefined","Dynamic","Full","null","Invalid date","Invalid date","{""tide"":null,""sky_cover"":""clear"",""wind_speed"":""6"",""swell_height"":""0"",""weather_notes"":null}"
"14038","065679_2019-06-09T17:33:19.000Z","065679_20190609_1255","RBRconcerto","065679","1.430","JSSOCKEYE","J03","3","2019-06-09 10:34:08.667","2019-06-09 10:34:30.333","22","21.005949789661024","20","undefined","undefined","erin.pippus,katie.davidson,sara.tremblayb,Tesarla Johnson","undefined","Dynamic","Full","null","Invalid date","Invalid date","{""tide"":null,""sky_cover"":""light_rain"",""wind_speed"":""1"",""swell_height"":""0"",""weather_notes"":null}"
"14128","065679_2019-06-11T17:43:42.333Z","065679_20190611_1326","RBRconcerto","065679","1.430","JSSOCKEYE","J03","3","2019-06-11 10:48:51.833","2019-06-11 10:49:04.000","12","15.564841291523946","15","undefined","undefined","erin.pippus,katie.davidson,sara.tremblayb,Tesarla Johnson","undefined","Dynamic","Full","null","Invalid date","Invalid date","{""tide"":null,""sky_cover"":""lifted_fog"",""wind_speed"":""6"",""swell_height"":""0"",""weather_notes"":null}"
"14135","065679_2019-06-23T16:16:05.666Z","065679_20190623_1201","RBRconcerto","065679","1.430","JSSOCKEYE","J03","1","2019-06-23 09:18:50.666","2019-06-23 09:19:10.500","20","26.141576216626092","25","undefined","undefined","erin.pippus,katie.davidson,sara.tremblayb,Tesarla Johnson","undefined","Dynamic","Full","null","Invalid date","Invalid date","{""tide"":null,""sky_cover"":""overcast"",""wind_speed"":""6"",""swell_height"":""0"",""weather_notes"":null}"
"14181","065679_2019-06-28T15:37:53.333Z","065679_20190628_1530","RBRconcerto","065679","1.430","JSSOCKEYE","J03","2","2019-06-28 08:37:53.333","2019-06-28 08:38:13.833","20","25.82294107361248","25","undefined","undefined","erin.pippus,katie.davidson,sara.tremblayb,Tesarla Johnson","undefined","Dynamic","Full","null","Invalid date","Invalid date","{""tide"":null,""sky_cover"":""partly_cloudy"",""wind_speed"":""6"",""swell_height"":""0.5"",""weather_notes"":null}"
"14282","065679_2019-07-04T17:37:34.500Z","065679_20190704_1315","RBRconcerto","065679","1.430","JSSOCKEYE","J03","3","2019-07-04 10:37:34.500","2019-07-04 10:37:50.166","16","20.88299098347545","20","undefined","undefined","erin.pippus,katie.davidson,sara.tremblayb,Tesarla Johnson","undefined","Dynamic","Full","null","Invalid date","Invalid date","{""tide"":null,""sky_cover"":""overcast"",""wind_speed"":""3"",""swell_height"":""0.5"",""weather_notes"":null}"
"14359","065679_2019-07-09T18:02:32.500Z","065679_20190709_1250","RBRconcerto","065679","1.430","JSSOCKEYE","J03","3","2019-07-09 11:02:32.667","2019-07-09 11:02:48.833","16","10.759624883340924","10","undefined","undefined","erin.pippus,katie.davidson,sara.tremblayb,Tesarla Johnson","undefined","Dynamic","Full","null","Invalid date","Invalid date","{""tide"":null,""sky_cover"":""partly_cloudy"",""wind_speed"":""10"",""swell_height"":""0.5"",""weather_notes"":null}"
"9311","080217_2017-06-13T17:08:44.500Z","080217_20170613_1657","RBRconcerto","080217","12.040","JSSOCKEYE","J09","2","2017-06-13 10:11:03.333","2017-06-13 10:11:35.500","32","38.74506677211118","40","undefined","undefined","Chris Blackford,dylan.smyth,emma.atkinson,lauren.portner","undefined","null","null","null","Invalid date","Invalid date","null"
"9549","080217_2017-07-06T15:58:48.500Z","080217_20170706_1703","RBRconcerto","080217","12.040","JSSOCKEYE","J09","1","2017-07-06 09:01:16.167","2017-07-06 09:01:40.333","24","28.510008578135412","30","undefined","undefined","Dylan Shea,dylan.smyth,lauren.portner,mirko.diaz","undefined","null","null","null","Invalid date","Invalid date","null"
"9634","080217_2017-07-12T14:46:14.500Z","080217_20170712_1647","RBRconcerto","080217","12.040","JSSOCKEYE","J09","2","2017-07-12 07:48:59.667","2017-07-12 07:49:27.000","27","35.6332110696397","35","undefined","undefined","dylan.smyth,Griffin Kelly,lauren.portner,mirko.diaz","undefined","null","null","null","Invalid date","Invalid date","null"
"12053","080217_2018-05-17T13:35:28.167Z","080217_20180517_1259","RBRconcerto","080217","12.040","JSSOCKEYE","J09","2","2018-05-17 06:35:28.167","2018-05-17 06:35:51.833","24","31.03765380289496","30","undefined","undefined","dylan.smyth,julian.gan,michelle.douglas,mirko.diaz","undefined","null","null","null","Invalid date","Invalid date","null"
"12096","080217_2018-05-21T14:33:24.667Z","080217_20180521_1516","RBRconcerto","080217","12.040","JSSOCKEYE","J09","2","2018-05-21 07:33:24.667","2018-05-21 07:33:50.667","26","31.044403000204216","30","undefined","undefined","dylan.smyth,erin.pippus,michelle.douglas,mirko.diaz","undefined","null","null","null","Invalid date","Invalid date","null"
"12488","080217_2018-05-30T13:43:11.167Z","080217_20180530_1323","RBRconcerto","080217","12.040","JSSOCKEYE","J09","2","2018-05-30 06:45:40.333","2018-05-30 06:46:06.167","26","30.94110571953404","30","undefined","undefined","dylan.smyth,erin.pippus,michelle.douglas,mirko.diaz","undefined","null","null","null","Invalid date","Invalid date","null"
"12250","080217_2018-05-31T17:39:57.667Z","080217_20180531_1315","RBRconcerto","080217","12.040","JSSOCKEYE","J09","2","2018-05-31 10:42:11.500","2018-05-31 10:42:37.000","26","31.235379263065255","30","undefined","undefined","dylan.smyth,erin.pippus,michelle.douglas,mirko.diaz","undefined","null","null","null","Invalid date","Invalid date","null"
"12344","080217_2018-06-07T16:48:54.167Z","080217_20180607_1309","RBRconcerto","080217","12.040","JSSOCKEYE","J09","2","2018-06-07 09:48:54.333","2018-06-07 09:49:24.833","30","36.18915122555486","35","undefined","undefined","dylan.smyth,erin.pippus,michelle.douglas,mirko.diaz","undefined","null","null","null","Invalid date","Invalid date","null"
"12339","080217_2018-06-14T17:09:14.833Z","080217_20180614_1315","RBRconcerto","080217","12.040","JSSOCKEYE","J09","2","2018-06-14 10:11:53.333","2018-06-14 10:12:13.667","20","26.17983388642555","25","undefined","undefined","dylan.smyth,erin.pippus,michelle.douglas,mirko.diaz","undefined","null","null","null","Invalid date","Invalid date","null"
"12512","080217_2018-06-21T18:44:49.167Z","080217_20180621_1539","RBRconcerto","080217","12.040","JSSOCKEYE","J09","1","2018-06-21 11:44:49.000","2018-06-21 11:47:16.334","147","15.474340074302571","15","undefined","undefined","dylan.smyth,erin.pippus,michelle.douglas,mirko.diaz","undefined","null","null","null","Invalid date","Invalid date","null"
"12541","080217_2018-06-28T15:20:12.500Z","080217_20180628_1357","RBRconcerto","080217","12.040","JSSOCKEYE","J09","2","2018-06-28 08:23:07.000","2018-06-28 08:23:25.833","19","21.022384719373843","20","undefined","undefined","dylan.smyth,erin.pippus,michelle.douglas,mirko.diaz","undefined","null","null","null","Invalid date","Invalid date","null"
"12539","080217_2018-07-04T15:35:08.333Z","080217_20180705_1456","RBRconcerto","080217","12.040","JSSOCKEYE","J09","2","2018-07-04 08:37:43.500","2018-07-04 08:38:09.000","25","31.332014942795567","30","undefined","undefined","dylan.smyth,erin.pippus,michelle.douglas,mirko.diaz","undefined","null","null","null","Invalid date","Invalid date","null"
"12547","080217_2018-07-09T18:04:29.000Z","080217_20180709_1614","RBRconcerto","080217","12.040","JSSOCKEYE","J09","2","2018-07-09 11:06:59.500","2018-07-09 11:07:19.333","20","21.580110982560125","20","undefined","undefined","dylan.smyth,erin.pippus,michelle.douglas,mirko.diaz","undefined","null","null","null","Invalid date","Invalid date","null"
"14715","065679_2019-05-20T19:50:33.500Z","065679_20190520_1606","RBRconcerto","065679","1.430","JSSOCKEYE","J09","2","2019-05-20 12:50:33.500","2019-05-20 12:50:54.500","21","26.02284678916343","25","undefined","undefined","erin.pippus,katie.davidson,sara.tremblayb,Tesarla Johnson","undefined","Dynamic","Full","null","Invalid date","Invalid date","{""tide"":null,""sky_cover"":""overcast"",""wind_speed"":""3"",""swell_height"":""0"",""weather_notes"":null}"
"9635","080217_2017-07-12T15:52:09.500Z","080217_20170712_1647","RBRconcerto","080217","12.040","JSSOCKEYE","J11","2","2017-07-12 08:54:24.667","2017-07-12 08:54:59.000","34","37.58631878837584","40","undefined","undefined","dylan.smyth,Griffin Kelly,lauren.portner,mirko.diaz","undefined","null","null","null","Invalid date","Invalid date","null"
"12054","080217_2018-05-17T16:42:22.333Z","080217_20180517_1259","RBRconcerto","080217","12.040","JSSOCKEYE","J11","2","2018-05-17 09:44:53.667","2018-05-17 09:45:23.000","29","36.04279783159779","35","undefined","undefined","dylan.smyth,julian.gan,michelle.douglas,mirko.diaz","undefined","null","null","null","Invalid date","Invalid date","null"
"12097","080217_2018-05-21T17:45:46.000Z","080217_20180521_1516","RBRconcerto","080217","12.040","JSSOCKEYE","J11","2","2018-05-21 10:48:14.833","2018-05-21 10:48:41.333","26","29.29671346264831","30","undefined","undefined","dylan.smyth,erin.pippus,michelle.douglas,mirko.diaz","undefined","null","null","null","Invalid date","Invalid date","null"
"12489","080217_2018-05-30T15:35:54.667Z","080217_20180530_1323","RBRconcerto","080217","12.040","JSSOCKEYE","J11","2","2018-05-30 08:38:39.334","2018-05-30 08:39:07.334","28","31.197449393325144","30","undefined","undefined","dylan.smyth,erin.pippus,michelle.douglas,mirko.diaz","undefined","null","null","null","Invalid date","Invalid date","null"
"14714","065679_2019-05-20T16:43:31.834Z","065679_20190520_1606","RBRconcerto","065679","1.430","JSSOCKEYE","J11","2","2019-05-20 09:47:17.500","2019-05-20 09:47:42.000","25","26.054198374361352","25","undefined","undefined","erin.pippus,katie.davidson,sara.tremblayb,Tesarla Johnson","undefined","Dynamic","Full","null","Invalid date","Invalid date","{""tide"":null,""sky_cover"":""overcast"",""wind_speed"":""3"",""swell_height"":""0"",""weather_notes"":null}"
"13942","065679_2019-05-26T18:54:26.666Z","065679_20190526_1454","RBRconcerto","065679","1.430","JSSOCKEYE","J11","2","2019-05-26 11:54:26.666","2019-05-26 11:54:34.333","8","10.995320708757385","10","undefined","undefined","erin.pippus,katie.davidson,sara.tremblayb,Tesarla Johnson","undefined","Dynamic","Full","null","Invalid date","Invalid date","{""tide"":null,""sky_cover"":""clear"",""wind_speed"":""3"",""swell_height"":""0"",""weather_notes"":null}"
"13961","065679_2019-05-30T19:13:09.833Z","065679_20190530_1436","RBRconcerto","065679","1.430","JSSOCKEYE","J11","3","2019-05-30 12:13:09.833","2019-05-30 12:13:15.000","5","5.909209681694487","5","undefined","undefined","erin.pippus,katie.davidson,sara.tremblayb,Tesarla Johnson","undefined","Dynamic","Full","null","Invalid date","Invalid date","{""tide"":null,""sky_cover"":""clear"",""wind_speed"":""3"",""swell_height"":""0"",""weather_notes"":null}"
"14005","065679_2019-06-05T14:58:06.000Z","065679_20190605_1457","RBRconcerto","065679","1.430","JSSOCKEYE","J11","4","2019-06-05 07:58:06.000","2019-06-05 07:58:21.500","15","20.891391530647166","20","undefined","undefined","erin.pippus,katie.davidson,sara.tremblayb,Tesarla Johnson","undefined","Dynamic","Full","null","Invalid date","Invalid date","{""tide"":null,""sky_cover"":""light_rain"",""wind_speed"":""10"",""swell_height"":""0"",""weather_notes"":null}"
"14007","065679_2019-06-06T15:47:17.833Z","065679_20190606_1758","RBRconcerto","065679","1.430","JSSOCKEYE","J11","3","2019-06-06 08:47:17.833","2019-06-06 08:47:27.500","10","11.242033211375034","10","undefined","undefined","erin.pippus,katie.davidson,sara.tremblayb,Tesarla Johnson","undefined","Dynamic","Full","null","Invalid date","Invalid date","{""tide"":null,""sky_cover"":""cloudy"",""wind_speed"":""16"",""swell_height"":""0.5"",""weather_notes"":null}"
"14044","065679_2019-06-10T17:39:57.500Z","065679_20190610_1307","RBRconcerto","065679","1.430","JSSOCKEYE","J11","3","2019-06-10 10:39:57.500","2019-06-10 10:40:05.500","8","10.768530197927317","10","undefined","undefined","Erin Pippus,Katie Davidson,Sara Tremblay-Boyer,Tesarla Johnson","undefined","Dynamic","Full","null","Invalid date","Invalid date","{""tide"":null,""sky_cover"":null,""wind_speed"":null,""swell_height"":null,""weather_notes"":null}"
"14186","065679_2019-06-29T17:58:57.667Z","065679_20190629_1315","RBRconcerto","065679","1.430","JSSOCKEYE","J11","3","2019-06-29 10:58:57.667","2019-06-29 10:59:20.000","22","31.337470291035338","30","undefined","undefined","erin.pippus,katie.davidson,sara.tremblayb,Tesarla Johnson","undefined","Dynamic","Full","null","Invalid date","Invalid date","{""tide"":null,""sky_cover"":""cloudy"",""wind_speed"":""3"",""swell_height"":""0"",""weather_notes"":null}"
"14306","065679_2019-07-06T18:01:47.000Z","065679_20190706_1303","RBRconcerto","065679","1.430","JSSOCKEYE","J11","3","2019-07-06 11:01:47.000","2019-07-06 11:01:56.166","9","10.823113681011435","10","undefined","undefined","erin.pippus,katie.davidson,sara.tremblayb,Tesarla Johnson","undefined","Dynamic","Full","null","Invalid date","Invalid date","{""tide"":null,""sky_cover"":""lifted_fog"",""wind_speed"":""1"",""swell_height"":""0"",""weather_notes"":null}"
"14432","065679_2019-07-11T19:25:21.166Z","065679_20190711_1430","RBRconcerto","065679","1.430","JSSOCKEYE","J11","3","2019-07-11 12:25:21.166","2019-07-11 12:25:29.666","9","11.067357543626589","10","undefined","undefined","erin.pippus,katie.davidson,sara.tremblayb,Tesarla Johnson","undefined","Dynamic","Full","null","Invalid date","Invalid date","{""tide"":null,""sky_cover"":""cloudy"",""wind_speed"":""3"",""swell_height"":""0"",""weather_notes"":null}"
"9636","080217_2017-07-12T16:32:42.667Z","080217_20170712_1647","RBRconcerto","080217","12.040","JSSOCKEYE","J12","2","2017-07-12 09:34:49.000","2017-07-12 09:35:23.833","35","43.23264018088639","45","undefined","undefined","dylan.smyth,Griffin Kelly,lauren.portner,mirko.diaz","undefined","null","null","null","Invalid date","Invalid date","null"
"9177","080217_2017-06-03T16:26:45.667Z","080217_20170603_1554","RBRconcerto","080217","12.040","JSSOCKEYE","J13","2","2017-06-03 09:28:57.667","2017-06-03 09:29:24.333","27","29.15628119013062","30","undefined","undefined","dylan.smyth,emma.atkinson,lauren.portner,mirko.diaz","undefined","null","null","null","Invalid date","Invalid date","null"
"9639","080217_2017-07-12T19:56:55.167Z","080217_20170712_1647","RBRconcerto","080217","12.040","JSSOCKEYE","J13","2","2017-07-12 12:59:23.833","2017-07-12 12:59:59.000","35","40.388910723330525","40","undefined","undefined","dylan.smyth,Griffin Kelly,lauren.portner,mirko.diaz","undefined","null","null","null","Invalid date","Invalid date","null"
"8905","080217_2017-05-08T16:36:34.667Z","080217_20170508_1254","RBRconcerto","080217","12.040","DISOCKEYE","QU46","1","2017-05-08 09:36:34.833","2017-05-08 09:37:24.833","50","45.80371858389046","45","undefined","undefined","julian.gan,justin.francis,rachel.walker,rebecca.piercey","undefined","null","null","null","Invalid date","Invalid date","null"
"8982","010856_2017-05-08T16:36:43.500Z","010856_20170508_1305","XR-620","010856","6.81","DISOCKEYE","QU46","1","2017-05-08 09:36:43.833","2017-05-08 09:37:33.500","50","47.21507531067292","45","undefined","undefined","julian.gan,justin.francis,rachel.walker,rebecca.piercey","undefined","null","null","null","Invalid date","Invalid date","null"
"8983","010856_2017-05-08T18:27:59.000Z","010856_20170508_1305","XR-620","010856","6.81","DISOCKEYE","QU5","3","2017-05-08 11:27:59.500","2017-05-08 11:28:58.167","59","58.27742862651264","60","undefined","undefined","julian.gan,justin.francis,rachel.walker,rebecca.piercey","undefined","null","null","null","Invalid date","Invalid date","null"
"8912","080217_2017-05-08T18:34:05.833Z","080217_20170508_1254","RBRconcerto","080217","12.040","DISOCKEYE","QU6","1","2017-05-08 11:36:29.167","2017-05-08 11:36:51.167","22","15.976992984450542","15","undefined","undefined","julian.gan,justin.francis,rachel.walker,rebecca.piercey","undefined","null","null","null","Invalid date","Invalid date","null"
"8984","010856_2017-05-08T18:36:35.501Z","010856_20170508_1305","XR-620","010856","6.81","DISOCKEYE","QU6","1","2017-05-08 11:36:37.834","2017-05-08 11:37:00.000","22","17.453494245588168","15","undefined","undefined","julian.gan,justin.francis,rachel.walker,rebecca.piercey","undefined","null","null","null","Invalid date","Invalid date","null"
