package_id,seine_id,pkg_species,n_fish,field_liced_status,preservation_status,pkg_type,pkg_comments
DP702,DE100N3,HE,2,N,OK,JSP,NA
DP701,DE100N3,CO,1,N,OK,JSP,NA
DP675,DE100N3,CU,10,N,OK,JSP,NA
DP630,DE100N3,SO,10,N,OK,JSP,NA
DP640,DE100N3,SO,10,N,OK,JSP,NA
DP846,DE101N1,CU,10,N,OK,JSP,NA
DP609,DE101N1,SO,10,N,OK,JSP,NA
DP664,DE101N1,SO,10,N,OK,JSP,NA
DP713,DE102N1,HE,7,N,OK,JSP,NA
DP638,DE102N1,SO,10,N,OK,JSP,NA
DP645,DE102N1,SO,10,N,OK,JSP,NA
DP690,DE103N1,CU,5,N,OK,JSP,NA
DP691,DE103N1,PI,1,N,OK,JSP,NA
DP642,DE103N1,SO,10,N,OK,JSP,NA
DP711,DE104N1,CU,10,N,OK,JSP,NA
DP712,DE104N1,HE,1,N,OK,JSP,NA
DP618,DE104N1,SO,10,N,OK,JSP,NA
DP650,DE104N1,SO,9,N,OK,JSP,NA
DP700,DE105N1,CU,10,N,OK,JSP,NA
DP699,DE105N1,HE,2,N,OK,JSP,NA
DP612,DE105N1,SO,8,N,OK,JSP,NA
DP643,DE105N1,SO,12,N,OK,JSP,NA
DP613,DE106N1,SO,9,N,OK,JSP,NA
DP818,DE107N1,HE,5,N,OK,JSP,NA
DP605,DE107N1,SO,10,N,OK,JSP,NA
DP606,DE107N1,SO,10,N,OK,JSP,NA
DP841,DE108N1,CU,10,N,OK,JSP,NA
DP715,DE109N1,HE,2,N,OK,JSP,And 1 trainer SO
DP716,DE109N1,CU,2,N,OK,JSP,NA
DP632,DE109N1,SO,10,N,OK,JSP,NA
DP639,DE109N1,SO,10,N,OK,JSP,NA
DP710,DE110N1,PI,1,N,OK,JSP,NA
DP709,DE110N1,CU,10,N,OK,JSP,NA
DP603,DE111N1,SO,10,N,OK,JSP,NA
DP795,DE112N1,HE,5,N,OK,JSP,NA
DP802,DE112N1,CU,5,N,OK,JSP,NA
DP684,DE114N1,PI,5,N,OK,JSP,NA
DP685,DE114N1,CO,1,N,OK,JSP,NA
DP683,DE114N1,CU,10,N,OK,JSP,NA
DP649,DE115N2,SO,20,N,OK,JSP,NA
DP602,DE116N1,SO,9,N,OK,JSP,NA
DP604,DE116N1,SO,9,N,OK,JSP,NA
DP676,DE117N1,HE,1,N,OK,JSP,NA
DP677,DE117N1,CU,2,N,OK,JSP,NA
DP658,DE117N1,SO,20,N,OK,JSP,NA
DP694,DE120N2,CU,10,N,OK,JSP,NA
DP849,DE120N2,CU,1,N,OK,JSP,NA
DP848,DE120N2,HE,6,N,OK,JSP,NA
DP621,DE120N2,SO,10,N,OK,JSP,NA
DP631,DE120N2,SO,9,N,OK,JSP,NA
DP895,DE121N1,SO,20,N,OK,JSP,NA
DP654,DE121N1,HE,1,N,OK,JSP,ID in bundle with DP656 and DP657
DP655,DE121N1,PI,2,N,OK,JSP,ID in bundle with DP656 and DP654
DP656,DE121N1,CU,4,N,OK,JSP,ID in bundle with DP654 and DP657
DP847,DE124N1,CU,10,N,OK,JSP,NA
DP689,DE128N4,CU,5,N,OK,JSP,NA
DP687,DE128N4,CO,1,N,OK,JSP,NA
DP688,DE128N4,HE,1,N,OK,JSP,NA
DP628,DE128N4,SO,10,N,OK,JSP,NA
DP653,DE128N4,SO,10,N,OK,JSP,NA
DP804,DE130N1,CU,5,N,OK,JSP,NA
DP897,DE130N1,SO,10,N,OK,JSP,NA
DP909,DE130N1,SO,10,N,OK,JSP,NA
DP679,DE137N1,CU,5,N,OK,JSP,NA
DP680,DE137N1,HE,1,N,OK,JSP,NA
DP651,DE137N1,SO,10,N,OK,JSP,NA
DP657,DE137N1,SO,10,N,OK,JSP,NA
DP803,DE139N1,PI,1,N,OK,JSP,NA
DP815,DE139N1,CU,5,N,OK,JSP,NA
DP898,DE139N1,SO,10,N,OK,JSP,NA
DP908,DE139N1,SO,10,N,OK,JSP,NA
DP610,DE140N1,SO,10,N,OK,JSP,NA
DP611,DE140N1,SO,10,N,OK,JSP,NA
DP851,DE149N1,HE,1,N,OK,JSP,NA
DP850,DE149N1,CO,1,N,OK,JSP,NA
DP659,DE149N1,SO,20,N,OK,JSP,NA
DP693,DE150N3,PI,1,N,OK,JSP,all in the same package
DP692,DE150N3,CU,10,N,OK,JSP,NA
DP652,DE150N3,SO,10,N,OK,JSP,NA
DP661,DE150N3,SO,9,N,OK,JSP,NA
DP814,DE151N1,CU,5,N,OK,JSP,NA
DP821,DE151N1,SO,10,N,OK,JSP,NA
DP822,DE151N1,SO,10,N,OK,JSP,NA
DP671,DE152N3,PI,1,N,OK,JSP,NA
DP669,DE152N3,CU,10,N,OK,JSP,NA
DP670,DE152N3,HE,1,N,OK,JSP,NA
DP647,DE152N3,SO,10,N,OK,JSP,NA
DP648,DE152N3,SO,10,N,OK,JSP,NA
DP837,DE153N2,CU,10,N,OK,JSP,NA
DP663,DE153N2,SO,12,N,OK,JSP,NA
DP796,DE154N1,HE,2,N,OK,JSP,NA
JP565,DE154N1,CU,10,N,OK,JSP,NA
DP678,DE154N1,CU,10,N,OK,JSP,Pkg mislabeled as 2015-06-05-J01
DP901,DE154N1,SO,20,N,OK,JSP,NA
DP637,DE154N1,SO,10,N,OK,JSP,NA
DP686,DE155N1,CU,2,N,OK,JSP,NA
DP911,DE158N2,CU,3,N,OK,JSP,"Formerly assigned ID DP717, but was duplicate"
DP646,DE158N2,SO,5,N,OK,JSP,NA
DP666,DE160N1,CU,10,N,OK,JSP,NA
DP667,DE160N1,HE,2,N,OK,JSP,NA
DP668,DE160N1,PI,3,N,OK,JSP,NA
DP626,DE160N1,SO,11,N,OK,JSP,NA
DP903,DE162N1,SO,10,N,OK,JSP,NA
DP902,DE162N1,SO,10,N,OK,JSP,NA
DP828,DE162N1,CU,5,N,OK,JSP,NA
DP812,DE168N1,CU,5,N,OK,JSP,NA
DP896,DE168N1,SO,8,N,OK,JSP,NA
DP906,DE168N1,SO,10,N,OK,JSP,NA
DP607,DE169N2,SO,10,N,OK,JSP,NA
DP608,DE169N2,SO,10,N,OK,JSP,NA
DP801,DE170N2,CU,5,N,OK,JSP,NA
DP824,DE170N2,SO,16,N,OK,JSP,NA
DP823,DE170N2,SO,1,N,OK,JSP,NA
DP600,DE173N1,SO,9,N,OK,JSP,NA
DP601,DE173N1,SO,9,N,OK,JSP,NA
DP616,DE173N1,SO,2,N,OK,JSP,NA
DP720,DE173N1,CU,5,N,NA,JSP,NA
DP876,DE174N1,CU,10,N,OK,JSP,NA
DP799,DE174N1,PI,5,N,OK,JSP,NA
DP798,DE174N1,CU,5,N,OK,JSP,NA
DP910,DE174N1,SO,2,N,OK,JSP,NA
DP899,DE174N1,SO,20,N,OK,JSP,NA
DP827,DE174N1,HE,5,N,OK,JSP,NA
DP813,DE175N1,CU,10,N,OK,JSP,NA
DP635,DE182N1,SO,13,N,OK,JSP,NA
DP809,DE183N2,CU,4,N,OK,JSP,NA
DP697,DE184N1,PI,5,N,OK,JSP,NA
DP695,DE184N1,CO,1,N,OK,JSP,NA
DP696,DE184N1,CU,10,N,OK,JSP,NA
DP620,DE184N1,SO,2,N,OK,JSP,Sockeye SEMSP #23 & #3
DP627,DE184N1,SO,20,N,OK,JSP,NA
DP840,DE192N3,CU,10,N,OK,JSP,NA
DP839,DE192N3,CO,1,N,OK,JSP,NA
DP838,DE192N3,PI,1,N,OK,JSP,NA
DP705,DE198N2,HE,6,N,OK,JSP,NA
DP704,DE198N2,CO,1,N,OK,JSP,NA
DP706,DE198N2,CU,10,N,OK,JSP,And 1 trainer CU
DP636,DE198N2,SO,10,N,OK,JSP,NA
DP662,DE198N2,SO,11,N,OK,JSP,NA
DP811,DE199N1,HE,5,N,OK,JSP,NA
JP561,DE199N1,CU,3,N,OK,JSP,NA
DP817,DE199N1,CU,2,N,OK,JSP,NA
DP614,DE199N1,SO,10,N,OK,JSP,NA
DP615,DE199N1,SO,10,N,OK,JSP,NA
DP844,DE205N2,CU,10,N,OK,JSP,NA
DP845,DE205N2,PI,2,N,OK,JSP,NA
DP806,DE206N1,CU,5,N,OK,JSP,NA
DP900,DE206N1,SO,20,N,OK,JSP,NA
DP829,DE206N1,HE,5,N,OK,JSP,NA
DP698,DE212N2,CU,10,N,OK,JSP,NA
DP629,DE212N2,SO,10,N,OK,JSP,NA
DP644,DE212N2,SO,10,N,OK,JSP,NA
DP800,DE214N1,CU,2,N,OK,JSP,NA
DP807,DE214N1,CU,3,N,OK,JSP,NA
DP820,DE214N1,SO,10,N,OK,JSP,NA
DP819,DE214N1,SO,9,N,OK,JSP,NA
DP878,DE218N1,CU,10,N,OK,JSP,NA
DP880,DE218N1,HE,1,N,OK,JSP,NA
DP879,DE218N1,CO,1,N,OK,JSP,NA
DP714,DE219N1,PI,10,N,OK,JSP,Tag said 10 CU at D10
DP703,DE219N1,CU,10,N,OK,JSP,NA
DP619,DE219N1,SO,9,N,OK,JSP,NA
DP894,DE220N1,SO,30,N,OK,JSP,NA
DP810,DE221N1,CU,5,N,OK,JSP,NA
DP907,DE221N1,SO,8,N,OK,JSP,NA
DP672,DE225N1,CU,10,N,OK,JSP,NA
DP623,DE225N1,SO,20,N,OK,JSP,NA
DP808,DE226N2,CU,3,N,OK,JSP,NA
DP816,DE231N2,CU,5,N,OK,JSP,NA
DP805,DE231N2,HE,5,N,OK,JSP,NA
DP905,DE231N2,SO,9,N,OK,JSP,NA
DP904,DE231N2,SO,10,N,OK,JSP,NA
DP707,DE234N1,CU,10,N,OK,JSP,NA
DP708,DE234N1,PI,10,N,OK,JSP,NA
DP641,DE234N1,SO,1,N,OK,JSP,NA
DP797,DE236N1,HE,2,N,OK,JSP,NA
DP826,DE236N1,CU,5,N,OK,JSP,NA
DP681,DE237N1,PI,5,N,OK,JSP,NA
DP682,DE237N1,CU,10,N,OK,JSP,NA
DP625,DE237N1,SO,12,N,OK,JSP,NA
DP673,DE238N1,PI,6,N,OK,JSP,NA
DP674,DE238N1,CU,10,N,OK,JSP,NA
DP622,DE238N1,SO,17,N,OK,JSP,NA
DP825,DE239N2,CU,5,N,OK,JSP,NA
DP842,DE241N1,CU,10,N,OK,JSP,NA
DP843,DE241N1,PI,10,N,OK,JSP,NA
DP617,DE241N1,HE,1,N,OK,JSP,NA
DP475,DE255N2,HE,9,N,OK,JSP,NA
DP754,DE255N2,CU,10,N,OK,JSP,NA
DP519,DE255N2,PI,10,N,OK,JSP,NA
DP780,DE255N2,PI,10,N,OK,JSP,NA
DP882,DE255N2,SO,10,N,OK,JSP,NA
DP883,DE255N2,SO,10,N,OK,JSP,NA
DP735,DE258N1,CO,2,N,OK,JSP,NA
DP775,DE258N1,CU,1,N,OK,JSP,NA
DP794,DE258N1,PI,3,N,OK,JSP,NA
DP885,DE258N1,SO,10,N,OK,JSP,NA
DP884,DE258N1,SO,10,N,OK,JSP,NA
DP732,DE259N1,HE,10,N,OK,JSP,NA
DP766,DE259N1,CU,1,N,OK,JSP,NA
DP791,DE259N1,PI,1,N,OK,JSP,NA
DP869,DE259N1,SO,20,N,OK,JSP,NA
DP874,DE260N1,SO,1,N,OK,JSP,NA
DP830,DE261N1,HE,10,N,OK,JSP,NA
DP831,DE261N1,CO,1,N,OK,JSP,NA
DP832,DE261N1,PI,1,N,OK,JSP,NA
DP833,DE261N1,CU,3,N,OK,JSP,NA
DP748,DE267N1,HE,6,N,OK,JSP,NA
DP772,DE267N1,CU,3,N,OK,JSP,NA
DP861,DE267N1,SO,20,N,OK,JSP,NA
DP835,DE269N2,CU,5,N,OK,JSP,NA
DP834,DE269N2,PI,3,N,OK,JSP,NA
DP836,DE269N2,SO,20,N,OK,JSP,NA
DP759,DE274N1,CO,1,N,OK,JSP,NA
DP779,DE274N1,CI,7,N,OK,JSP,NA
DP859,DE274N1,PI,4,N,OK,JSP,NA
DP749,DE275N1,CO,1,N,OK,JSP,NA
DP733,DE275N1,CU,10,N,OK,JSP,NA
DP765,DE275N1,PI,10,N,OK,JSP,NA
DP887,DE275N1,SO,10,N,OK,JSP,NA
DP886,DE275N1,SO,10,N,OK,JSP,NA
DP723,DE276N1,CU,10,N,NA,JSP,NA
DP729,DE276N1,PI,10,N,NA,JSP,NA
DP738,DE278N1,HE,4,N,OK,JSP,NA
DP761,DE278N1,CU,10,N,OK,JSP,NA
DP771,DE278N1,PI,10,N,OK,JSP,NA
DP866,DE278N1,SO,20,N,OK,JSP,NA
DP790,DE279N2,PI,1,N,OK,JSP,NA
DP751,DE282N1,CO,2,N,OK,JSP,NA
DP757,DE282N1,CU,4,N,OK,JSP,NA
DP784,DE282N1,PI,4,N,OK,JSP,NA
DP871,DE282N1,SO,20,N,OK,JSP,NA
DP722,DE287N1,CU,10,N,NA,JSP,NA
DP728,DE287N1,PI,10,N,NA,JSP,NA
DP730,DE293N1,HE,10,N,OK,JSP,NA
DP743,DE293N1,CO,1,N,OK,JSP,NA
DP768,DE293N1,CU,10,N,OK,JSP,NA
DP776,DE293N1,PI,10,N,OK,JSP,NA
DP875,DE293N1,SO,10,N,OK,JSP,NA
DP853,DE293N1,SO,4,N,OK,JSP,NA
DP746,DE295N1,HE,3,N,OK,JSP,NA
DP774,DE295N1,CU,10,N,OK,JSP,NA
DP786,DE295N1,PI,4,N,OK,JSP,NA
DP870,DE295N1,SO,10,N,OK,JSP,NA
DP739,DE296N1,CU,10,N,OK,JSP,NA
DP778,DE296N1,PI,6,N,OK,JSP,NA
DP864,DE296N1,SO,10,N,OK,JSP,NA
DP872,DE296N1,SO,10,N,OK,JSP,NA
DP762,DE297N1,CU,3,N,OK,JSP,NA
DP767,DE297N1,PI,4,N,OK,JSP,NA
DP854,DE297N1,SO,10,N,OK,JSP,NA
DP863,DE297N1,SO,10,N,OK,JSP,NA
DP756,DE299N1,CO,1,N,OK,JSP,NA
DP731,DE299N1,CU,10,N,OK,JSP,NA
DP792,DE299N1,PI,10,N,OK,JSP,NA
DP862,DE299N1,SO,10,N,OK,JSP,NA
DP888,DE299N1,SO,10,N,OK,JSP,NA
DP858,DE300N1,CO,1,N,OK,JSP,NA
DP718,DE300N1,CU,10,N,NA,JSP,NA
DP725,DE300N1,PI,10,N,NA,JSP,NA
DP793,DE301N1,PI,3,N,OK,JSP,NA
DP873,DE303N1,SO,10,N,OK,JSP,NA
DP855,DE303N1,SO,10,N,OK,JSP,NA
DP719,DE303N1,CU,10,N,NA,JSP,NA
DP727,DE303N1,PI,10,N,NA,JSP,NA
DP745,DE305N2,CO,1,N,OK,JSP,NA
DP770,DE305N2,CU,10,N,OK,JSP,NA
DP785,DE305N2,PI,10,N,OK,JSP,NA
DP865,DE305N2,SO,10,N,OK,JSP,NA
DP892,DE305N2,SO,10,N,OK,JSP,NA
DP721,DE308N1,CU,4,N,NA,JSP,NA
DP724,DE308N1,PI,7,N,NA,JSP,NA
DP734,DE310N2,CU,5,N,OK,JSP,NA
DP788,DE310N2,PI,8,N,OK,JSP,NA
DP760,DE315N1,CU,9,N,OK,JSP,NA
DP893,DE315N1,SO,5,N,OK,JSP,NA
DP763,DE321N1,CU,10,N,OK,JSP,NA
DP783,DE321N1,PI,10,N,OK,JSP,NA
DP717,DE327N1,CU,10,N,NA,JSP,NA
DP726,DE327N1,PI,10,N,NA,JSP,NA
DP752,DE335N2,CU,10,N,OK,JSP,NA
DP781,DE335N2,PI,10,N,OK,JSP,NA
DP881,DE335N2,SO,10,N,OK,JSP,NA
DP857,DE335N2,SO,10,N,OK,JSP,NA
DP744,DE338N1,HE,3,N,OK,JSP,NA
DP742,DE338N1,CU,10,N,OK,JSP,NA
DP764,DE338N1,PI,10,N,OK,JSP,NA
DP891,DE338N1,SO,10,N,OK,JSP,NA
DP856,DE338N1,SO,10,N,OK,JSP,NA
DP740,DE341N1,HE,3,N,OK,JSP,NA
DP747,DE341N1,CU,10,N,OK,JSP,NA
DP773,DE341N1,PI,10,N,OK,JSP,NA
DP877,DE341N1,SO,1,N,OK,JSP,NA
DP755,DE344N1,HE,3,N,OK,JSP,NA
DP736,DE344N1,CU,10,N,OK,JSP,NA
DP777,DE344N1,PI,10,N,OK,JSP,NA
DP753,DE352N1,HE,2,N,OK,JSP,NA
DP741,DE352N1,CU,10,N,OK,JSP,NA
DP769,DE352N1,PI,10,N,OK,JSP,NA
DP737,DE353N1,CU,10,N,OK,JSP,NA
DP789,DE353N1,PI,10,N,OK,JSP,NA
DP860,DE353N1,SO,2,N,OK,JSP,NA
DP852,DE353N1,SO,10,N,OK,JSP,NA
DP750,DE355N1,CU,10,N,OK,JSP,NA
DP787,DE355N1,PI,10,N,OK,JSP,NA
DP758,DE360N1,CU,10,N,OK,JSP,NA
DP782,DE360N1,PI,10,N,OK,JSP,NA
DP868,DE360N1,SO,5,N,OK,JSP,NA
DP889,DE360N1,SO,5,N,OK,JSP,NA
DP890,DE360N1,SO,5,N,OK,JSP,NA
DP4,DE364N1,PI,4,Y,OK,JSP,NA
DP5,DE364N1,CU,4,Y,OK,JSP,NA
DP9,DE365N1,SO,10,Y,OK,JSP,NA
DP10,DE365N1,SO,10,N,OK,JSP,NA
DP11,DE365N1,SO,10,N,OK,JSP,NA
DP12,DE365N1,PI,2,N,OK,JSP,NA
DP13,DE365N1,CU,10,N,OK,JSP,NA
DP14,DE365N1,CO,4,N,OK,JSP,NA
DP17,DE366N1,SO,10,Y,OK,JSP,NA
DP18,DE366N1,SO,10,N,OK,JSP,NA
DP19,DE366N1,SO,10,N,OK,JSP,NA
DP22,DE366N1,CO,5,N,OK,JSP,NA
DP23,DE366N1,HE,1,N,OK,JSP,NA
DP25,DE367N1,SO,8,Y,OK,JSP,NA
DP28,DE367N1,PI,1,N,OK,JSP,NA
DP29,DE367N1,CU,10,N,OK,JSP,NA
DP31,DE367N1,HE,1,N,OK,JSP,NA
DP36,DE368N1,PI,3,N,OK,JSP,NA
DP37,DE368N1,CU,10,N,OK,JSP,NA
DP38,DE368N1,CO,4,N,OK,JSP,NA
DP500,DE368N1,CK,1,N,OK,JSP,NA
DP41,DE369N1,SO,10,Y,OK,JSP,NA
DP42,DE369N1,SO,1,N,OK,JSP,NA
DP45,DE369N1,CU,10,N,OK,JSP,NA
DP47,DE369N1,HE,1,N,OK,JSP,NA
DP49,DE370N1,SO,10,Y,OK,JSP,NA
DP50,DE370N1,SO,10,N,OK,JSP,NA
DP51,DE370N1,SO,10,N,OK,JSP,NA
DP52,DE370N1,PI,10,N,OK,JSP,Time out of water for pink estimated
DP53,DE370N1,CU,10,N,OK,JSP,NA
DP55,DE370N1,HE,3,N,OK,JSP,NA
DP57,DE371N1,SO,10,Y,OK,JSP,NA
DP58,DE371N1,SO,10,N,OK,JSP,NA
DP59,DE371N1,SO,10,N,OK,JSP,NA
DP60,DE371N1,PI,5,N,OK,JSP,NA
DP61,DE371N1,CU,10,N,OK,JSP,NA
DP63,DE371N1,HE,3,N,OK,JSP,NA
DP65,DE372N1,SO,10,Y,OK,JSP,NA
DP66,DE372N1,SO,10,N,OK,JSP,NA
DP67,DE372N1,SO,10,N,OK,JSP,NA
DP69,DE372N1,CU,10,N,OK,JSP,NA
DP71,DE372N1,HE,1,N,OK,JSP,NA
MP4,DE373N1,SO,1,N,OK,GM_UBC,NA
DP73,DE373N1,SO,10,Y,OK,JSP,NA
DP74,DE373N1,SO,10,N,OK,JSP,NA
DP75,DE373N1,SO,2,N,OK,JSP,NA
DP76,DE373N1,PI,2,N,OK,JSP,NA
DP77,DE373N1,CU,10,N,OK,JSP,NA
DP79,DE373N1,HE,2,N,OK,JSP,NA
DP80,DE373N2,SO,8,Y,OK,JSP,NA
DP81,DE374N1,SO,10,Y,OK,JSP,NA
DP85,DE374N1,CU,10,N,OK,JSP,NA
DP87,DE374N1,HE,1,N,OK,JSP,NA
DP89,DE375N1,SO,3,Y,OK,JSP,NA
DP92,DE375N1,PI,8,N,OK,JSP,U10911 in dewar 12:24. U10912-U10913 in dewar 12:30. U10914 in dewar 12:36. U10915 in dewar 12:52
DP93,DE375N1,CU,10,N,OK,JSP,NA
DP95,DE375N1,HE,2,N,OK,JSP,U10941 in dewar 13:09. U10942 in dewar 13:18
DP502,DE375N1,CK,1,N,OK,JSP,NA
DP97,DE376N1,SO,10,Y,OK,JSP,NA
DP98,DE376N1,SO,10,N,OK,JSP,NA
DP99,DE376N1,SO,10,N,OK,JSP,NA
DP101,DE376N1,CU,10,N,OK,JSP,NA
DP103,DE376N1,HE,3,N,OK,JSP,NA
DP501,DE376N1,CK,2,N,OK,JSP,NA
MP1,DE377N1,CU,3,N,OK,GM_UBC,NA
DP105,DE377N1,SO,10,Y,OK,JSP,NA
DP106,DE377N1,SO,10,N,OK,JSP,NA
DP107,DE377N1,SO,10,N,OK,JSP,NA
DP109,DE377N1,CU,10,N,OK,JSP,NA
DP113,DE378N1,SO,10,Y,OK,JSP,NA
DP117,DE378N1,CU,10,N,OK,JSP,NA
DP125,DE379N1,CU,10,Y,OK,JSP,NA
DP129,DE380N1,SO,2,Y,PC,JSP,Package thawed; fish decomposed.
DP132,DE380N1,PI,1,N,OK,JSP,NA
DP133,DE380N1,CU,10,Y,OK,JSP,NA
DP141,DE381N1,CU,10,Y,OK,JSP,NA
DP241,DE454AN1,SO,10,N,OK,SJ_UBC,Sam's 24-hr diet study (collected by DFO)
DP243,DE454AN1,CU,10,N,OK,SJ_UBC,Sam's 24-hr diet study (collected by DFO)
DP246,DE454AN2,CU,10,N,OK,SJ_UBC,Sam's 24-hr diet study (collected by DFO)
DP247,DE454AN3,SO,10,N,OK,SJ_UBC,Sam's 24-hr diet study (collected by DFO)
DP249,DE454AN3,CU,10,N,OK,SJ_UBC,Sam's 24-hr diet study (collected by DFO)
DP250,DE454AN4,SO,10,N,OK,SJ_UBC,Sam's 24-hr diet study (collected by DFO)
DP252,DE454AN4,CU,10,N,OK,SJ_UBC,Sam's 24-hr diet study (collected by DFO)
DP253,DE454AN5,SO,10,N,OK,SJ_UBC,Sam's 24-hr diet study (collected by DFO)
DP255,DE454AN5,CU,10,N,OK,SJ_UBC,Sam's 24-hr diet study (collected by DFO)
DP265,DE454BN6,SO,10,N,OK,SJ_UBC,Sam's 24-hr diet study (collected by DFO)
DP267,DE454BN6,CU,10,N,OK,SJ_UBC,Sam's 24-hr diet study (collected by DFO)
DP268,DE454BN7,SO,10,N,OK,SJ_UBC,Sam's 24-hr diet study (collected by DFO)
DP270,DE454BN7,CU,10,N,OK,SJ_UBC,Sam's 24-hr diet study (collected by DFO)
DP271,DE454BN8,SO,10,N,OK,SJ_UBC,Sam's 24-hr diet study (collected by DFO)
DP273,DE454BN8,CU,10,N,OK,SJ_UBC,Sam's 24-hr diet study (collected by DFO)
DP279,DE455AN1,CU,10,N,OK,SJ_UBC,Sam's 24-hr diet study (collected by DFO)
DP282,DE455AN2,CU,10,N,OK,SJ_UBC,Sam's 24-hr diet study (collected by DFO)
DP285,DE455AN3,CU,10,N,OK,SJ_UBC,Sam's 24-hr diet study (collected by DFO)
DP288,DE455AN4,CU,10,N,OK,SJ_UBC,Sam's 24-hr diet study (collected by DFO)
DP291,DE455BN5,CU,10,N,OK,SJ_UBC,Sam's 24-hr diet study (collected by DFO)
DP294,DE455BN6,CU,10,N,OK,SJ_UBC,Sam's 24-hr diet study (collected by DFO)
DP297,DE455BN7,CU,10,N,OK,SJ_UBC,Sam's 24-hr diet study (collected by DFO)
DP300,DE455BN8,CU,10,N,OK,SJ_UBC,Sam's 24-hr diet study (collected by DFO)
DP354,DE457N1,SO,7,N,OK,SJ_UBC,SJ 24 hr fish. U15318-U15320 euthanized at 05:40 & in dewar at 06:00. U15321-U15322 euthanized at 06:30 & in dewar at 06:50. Fish batch euthanized in MS-222 bucket and motile sea lice fell off.
DP355,DE457N1,PI,7,N,OK,SJ_UBC,SJ 24 hr fish. Fish batch euthanized in MS-222 bucket and motile sea lice fell off.
DP356,DE457N1,CU,10,N,OK,SJ_UBC,SJ 24 hr fish. Fish batch euthanized in MS-222 bucket and motile sea lice fell off.
DP357,DE458N1,SO,10,N,OK,SJ_UBC,SJ 24 hr fish.
DP358,DE458N1,PI,10,N,OK,SJ_UBC,SJ 24 hr fish. U15361-U15364 euthanized at 08:10. U15365 euthaized at 08:15. Fish batch euthanized in MS-222 bucket and motile sea lice fell off.
DP359,DE458N1,CU,10,N,OK,SJ_UBC,SJ 24 hr fish.
DP360,DE459N1,SO,10,N,OK,SJ_UBC,SJ 24 hr fish. U15387-U15385 euthanized at 11:52 & in dewar at 12:03. Fish batch euthanized in MS-222 bucket and motile sea lice fell off.
DP361,DE459N1,PI,2,N,OK,SJ_UBC,SJ 24 hr fish. Fish batch euthanized in MS-222 bucket and motile sea lice fell off.
DP362,DE459N1,CU,10,N,OK,SJ_UBC,SJ 24 hr fish. Fish batch euthanized in MS-222 bucket and motile sea lice fell off.
DP363,DE460N1,SO,10,N,OK,SJ_UBC,SJ 24 hr fish. U15436-U15441 euthaniozed at 14:03. U15442-U15445 euthanized at 14:19
DP364,DE460N1,PI,1,N,OK,SJ_UBC,SJ 24 hr fish.
DP365,DE460N1,CU,10,N,OK,SJ_UBC,SJ 24 hr fish.
DP366,DE461N1,SO,9,N,OK,SJ_UBC,U15436-U15444. SJ 24hr Fish
DP367,DE461N1,PI,5,N,OK,SJ_UBC,"U15446-U154450. SJ 24hr fish. time.out and time.dewar entered are for U15446 and U15447. U15448-U15449 had time.out: 14:20, time.dewar: 14:26. U15450 had time.out: 14:28, time.dewar: 14:31."
DP368,DE461N1,CU,10,N,OK,SJ_UBC,SJ 24hr fish
DP369,DE462N1,SO,10,N,OK,SJ_UBC,"SJ 24hr fish. First 6 fish caught in first set, second set caught 4 sockeye. time.out=17:25, time.dewar=17:32."
DP370,DE462N1,PI,3,N,OK,SJ_UBC,SJ 24hr fish.
DP371,DE462N1,CU,10,N,OK,SJ_UBC,SJ 24hr fish.
DP372,DE463N1,SO,4,N,OK,SJ_UBC,"SJ 24 hr fish. U15497-U15499 out at 21:10, dewar at 21:22"
DP373,DE463N1,PI,10,N,OK,SJ_UBC,"SJ 24 hr fish. U15510-U15515 time.out = 20:55, time.dewar = 21:08"
DP374,DE463N1,CU,10,N,OK,SJ_UBC,SJ 24 hr fish
DP375,DE464N1,SO,5,N,OK,SJ_UBC,SJ 24 hr fish
DP376,DE464N1,PI,4,N,OK,SJ_UBC,SJ 24 hr fish. U15539 time.dewar = 23:13
DP377,DE464N1,CU,10,N,OK,SJ_UBC,SJ 24 hr fish. Last 3 CU caught in second set (U15553-U15555). time.out = 23:30. time.dewar = 23:39.
P1045,DE506N1,PI,10,Y,OK,JSP,NA
P1044,DE506N1,CU,10,Y,OK,JSP,NA
P1043,DE506N1,CO,2,Y,OK,JSP,NA
P1050,DE510N1,CU,10,Y,OK,JSP,NA
P1006,DE510N1,PI,10,Y,OK,JSP,NA
P1048,DE512N1,PI,8,Y,OK,JSP,NA
P1025,DE512N1,CU,9,Y,OK,JSP,NA
P1017,DE513N2,SO,10,Y,OK,JSP,NA
P1024,DE513N2,CU,10,Y,OK,JSP,"First 6 chum were put in dewar at 09:10, last 4 chum were put in dewar at 10:19 due to issues with net and current"
P1023,DE513N2,PI,5,Y,OK,JSP,NA
P1035,DE513N2,SO,10,Y,OK,JSP,NA
P1016,DE513N2,SO,10,Y,OK,JSP,NA
P1046,DE514N1,SO,4,Y,OK,JSP,NA
P1009,DE514N1,CU,10,Y,OK,JSP,NA
P1041,DE514N1,PI,10,Y,OK,JSP,NA
P1034,DE514N1,CK,1,N,OK,JSP,NA
P1001,DE516N2,PI,10,Y,OK,JSP,NA
P1011,DE516N2,CU,7,Y,OK,JSP,NA
P1010,DE516N2,CO,10,N,OK,JSP,NA
P1008,DE516N2,CK,1,N,OK,JSP,NA
P1007,DE517N2,SO,10,Y,OK,JSP,NA
P1012,DE517N2,CU,8,Y,OK,JSP,NA
P1049,DE517N2,PI,10,Y,OK,JSP,NA
P1020,DE517N2,SO,10,N,OK,JSP,NA
P1026,DE517N2,SO,10,N,OK,JSP,NA
P1014,DE517N2,CO,1,N,OK,JSP,NA
P1018,DE517N2,HE,2,N,OK,JSP,NA
P1013,DE519N1,SO,3,Y,OK,JSP,NA
P1047,DE519N1,CU,10,Y,OK,JSP,NA
P1029,DE519N1,PI,10,Y,OK,JSP,NA
P1030,DE520N3,SO,8,Y,OK,JSP,NA
P1027,DE520N3,CU,10,Y,OK,JSP,NA
P1004,DE520N3,PI,10,Y,OK,JSP,NA
P1110,DE521N1,SO,10,Y,OK,JSP,NA
P1112,DE521N1,CU,10,Y,OK,JSP,NA
P1111,DE521N1,PI,10,Y,OK,JSP,NA
P1002,DE521N1,SO,10,N,OK,JSP,NA
P1022,DE521N1,HE,6,N,OK,JSP,First 3 HE in at 8:54
P1003,DE521N1,SO,4,N,OK,JSP,NA
P1124,DE522N1,SO,10,Y,OK,JSP,NA
P1109,DE522N1,CU,10,Y,OK,JSP,NA
P1126,DE522N1,PI,10,Y,OK,JSP,NA
P1127,DE522N1,SO,10,N,OK,JSP,NA
P1128,DE522N1,SO,10,N,OK,JSP,NA
P1125,DE522N1,HE,10,N,OK,JSP,NA
P1143,DE523N3,SO,10,Y,OK,JSP,NA
P1121,DE523N3,PI,10,Y,OK,JSP,NA
P1122,DE523N3,CU,10,Y,OK,JSP,NA
P1120,DE523N3,SO,10,N,OK,JSP,NA
P1142,DE523N3,SO,6,Y,OK,JSP,NA
P1133,DE525N1,CU,10,Y,OK,JSP,NA
P1148,DE525N1,PI,10,Y,OK,JSP,NA
P1130,DE526N1,SO,1,Y,OK,JSP,NA
P1131,DE526N1,PI,10,Y,OK,JSP,NA
P1132,DE526N1,CU,10,Y,OK,JSP,NA
P1107,DE526N1,CK,1,N,OK,JSP,NA
P1115,DE527N3,CU,10,Y,OK,JSP,Chum 8 & 9 in at 10:57. All individuals put in dewar in under 20 minutes from time out of net.
P1116,DE527N3,PI,10,Y,OK,JSP,NA
P1042,DE530N2,PI,10,Y,OK,JSP,NA
P1106,DE530N2,CU,10,Y,OK,JSP,NA
P1039,DE530N2,CK,1,N,OK,JSP,NA
P1019,DE531N1,SO,10,Y,OK,JSP,NA
P1037,DE531N1,CU,4,Y,OK,JSP,NA
P1021,DE531N1,PI,10,Y,OK,JSP,NA
P1015,DE531N1,SO,10,N,OK,JSP,NA
P1036,DE531N1,SO,10,N,OK,JSP,NA
P1038,DE531N1,HE,2,N,OK,JSP,NA
P1136,DE532N3,SO,10,Y,OK,JSP,no ice packs for keeping fish cold while processing
P1146,DE532N3,PI,10,Y,OK,JSP,no ice packs for keeping fish cold while processing
P1103,DE532N3,CU,10,Y,OK,JSP,no ice packs for keeping fish cold while processing
P1118,DE532N3,HE,9,N,OK,JSP,"first 3 herring in 12:20, no ice packs for keeping fish cold while processing"
P1147,DE533N2,PI,10,Y,OK,JSP,NA
P1117,DE533N2,CU,10,Y,OK,JSP,NA
P1105,DE534N2,SO,1,Y,OK,JSP,NA
P1119,DE534N2,PI,10,Y,OK,JSP,NA
P1139,DE534N2,CU,10,Y,OK,JSP,NA
P1149,DE534N2,CK,1,N,OK,JSP,NA
P1138,DE535N1,PI,10,Y,OK,JSP,NA
P1135,DE535N1,CU,10,Y,OK,JSP,CHUM U17341 was out way earlier thn the rest. CHUM U17341 was out @07:52
P1108,DE536N1,SO,2,Y,OK,JSP,NON STANDARD SURVEY (SETTING FOR TAGGING CREW AND FOUND SOCKEYES)
P1140,DE536N1,CU,1,Y,OK,JSP,NON STANDARD SURVEY (SETTING FOR TAGGING CREW AND FOUND SOCKEYES)
P1005,DE537N1,PI,10,Y,OK,JSP,NA
P1040,DE537N1,CU,1,Y,OK,JSP,NA
P1150,DE538N2,PI,6,Y,OK,JSP,NA
P1102,DE538N2,CU,1,Y,OK,JSP,NA
P1144,DE538N2,HE,1,N,OK,JSP,NA
P1032,DE538N2,CK,2,N,OK,JSP,NA
P1129,DE539N2,PI,10,Y,OK,JSP,NA
P1145,DE539N2,CU,10,Y,OK,JSP,NA
P1104,DE540N1,CK,1,N,OK,JSP,NA
P1114,DE540N1,PI,10,Y,OK,JSP,NA
P1123,DE541N1,PI,10,Y,OK,JSP,NA
P1113,DE541N1,CU,6,Y,OK,JSP,NA
P1347,DE701N2,CU,10,N,OK,JSP,NA
P1348,DE701N2,PI,10,N,OK,JSP,NA
P1349,DE701N2,SO,1,N,OK,JSP,NA
P1371,DE701N2,CK,1,N,OK,JSP,NA
P1372,DE702N1,SO,10,N,OK,JSP,NA
P1373,DE702N1,SO,10,N,OK,JSP,NA
P1374,DE702N1,SO,10,N,OK,JSP,NA
P1354,DE702N1,PI,6,N,OK,JSP,NA
P1377,DE703N1,SO,10,N,OK,JSP,NA
P1375,DE703N1,SO,10,N,OK,JSP,NA
P1376,DE703N1,SO,10,N,OK,JSP,NA
P1378,DE704N1,SO,5,N,OK,JSP,NA
P1379,DE704N1,PI,10,N,OK,JSP,NA
P1380,DE704N1,CU,3,N,OK,JSP,NA
P1355,DE704N1,CK,5,N,OK,JSP,NA
P1356,DE706N2,SO,10,N,OK,JSP,NA
P1357,DE706N2,SO,10,N,OK,JSP,NA
P1359,DE706N2,SO,10,N,OK,JSP,NA
P1360,DE706N2,PI,10,N,OK,JSP,NA
P1530,DE706N2,CU,3,N,OK,JSP,NA
P1529,DE706N2,HE,4,N,PC,JSP,Package left in dewar for 1 week; but unsure when dewar was topped up with LN2
P1526,DE708N2,SO,3,N,OK,JSP,NA
P1528,DE708N2,PI,10,N,OK,JSP,NA
P1358,DE708N2,CU,10,N,OK,JSP,NA
P1527,DE708N2,CO,4,N,OK,JSP,NA
P1540,DE709N1,CO,4,N,OK,JSP,NA
P1539,DE709N1,CK,1,N,OK,JSP,NA
P1535,DE709N1,SO,10,N,OK,JSP,NA
P1533,DE709N1,PI,10,N,OK,JSP,NA
P1532,DE709N1,CU,3,N,OK,JSP,NA
P1531,DE709N1,SO,10,N,OK,JSP,NA
P1534,DE709N1,SO,10,N,OK,JSP,NA
P1508,DE710N1,SO,10,N,OK,JSP,NA
P1509,DE710N1,CO,1,N,OK,JSP,NA
P1511,DE710N1,HE,1,N,OK,JSP,NA
P1506,DE710N1,SO,10,N,OK,JSP,NA
P1507,DE710N1,PI,10,N,OK,JSP,NA
P1510,DE710N1,CU,3,N,OK,JSP,NA
P1546,DE711N1,SO,10,N,OK,JSP,NA
P1547,DE711N1,CU,10,N,OK,JSP,NA
P1548,DE711N1,PI,10,N,OK,JSP,NA
P1549,DE711N1,SO,9,N,OK,JSP,NA
P1515,DE714N2,SO,10,N,OK,JSP,NA
P1514,DE714N2,PI,10,N,OK,JSP,NA
P1513,DE714N2,CU,10,N,OK,JSP,NA
P1538,DE714N2,SO,6,N,OK,JSP,NA
P1550,DE715N1,SO,10,N,OK,JSP,NA
P1501,DE715N1,PI,10,N,OK,JSP,NA
P1502,DE715N1,CU,10,N,OK,JSP,NA
P1503,DE715N1,SO,9,N,OK,JSP,NA
P1512,DE718N1,PI,10,N,OK,JSP,NA
P1504,DE718N1,SO,1,N,OK,JSP,NA
P1505,DE718N1,CU,3,N,OK,JSP,NA
P1536,DE720N2,PI,10,N,OK,JSP,NA
P1537,DE720N2,CU,9,N,OK,JSP,NA
P1521,DE720N2,CO,2,N,OK,JSP,NA
P1523,DE721N2,SO,2,N,OK,JSP,NA
P1522,DE721N2,PI,10,N,OK,JSP,NA
P1525,DE721N2,CO,2,N,OK,JSP,NA
P1520,DE722N2,PI,10,N,OK,JSP,NA
P1516,DE722N2,CU,2,N,OK,JSP,NA
P1517,DE722N2,SO,1,N,OK,JSP,NA
JP237,JE101N1,SO,10,N,PC,JSP,NA
JP240,JE101N1,SO,10,N,PC,JSP,NA
JP276,JE101N1,CO,6,N,PC,JSP,ID in bundle with JP276
JP277,JE101N1,HE,4,N,PC,JSP,ID in bundle with JP275
JP318A,JE101N1,SO,10,N,PC,JSP,NA
JP314A,JE102N2,SO,10,N,PC,JSP,NA
JP316A,JE102N2,SO,10,N,PC,JSP,NA
JP323,JE104N1,CO,4,N,PC,JSP,NA
JP324,JE104N1,CU,1,N,PC,JSP,NA
JP450,JE105N2,CO,3,N,PC,JSP,NA
JP227,JE106N4,HE,1,N,PC,JSP,NA
JP228,JE106N4,CO,2,N,PC,JSP,Coho SEMSP #1 & #9
JP229,JE106N4,CU,1,N,PC,JSP,Previously thawed
JP243,JE106N4,SO,15,N,PC,JSP,NA
JP322,JE106N4,SO,12,N,PC,JSP,NA
JP235,JE108N2,CU,10,N,PC,JSP,NA
JP313A,JE108N2,CO,8,N,PC,JSP,NA
JP326,JE108N2,HE,5,N,PC,JSP,NA
JP241,JE109N3,CU,10,N,PC,JSP,NA
JP560,JE110N2,CU,2,N,OK,JSP,NA
JP208,JE110N2,SO,15,N,OK,JSP,NA
JP225,JE110N2,SO,5,N,OK,JSP,NA
JP657,JE112N1,CU,2,N,OK,JSP,NA
JP245,JE112N1,SO,15,N,OK,JSP,NA
JP311B,JE112N1,SO,5,N,OK,JSP,NA
JP677,JE113N1,CU,10,N,OK,JSP,NA
JP678,JE113N1,HE,4,N,OK,JSP,NA
JP247,JE113N1,SO,15,N,OK,JSP,NA
JP351,JE113N1,SO,4,N,OK,JSP,NA
JP403,JE114N1,CU,10,N,OK,JSP,NA
JP410,JE114N1,PI,2,N,OK,JSP,NA
JP737,JE114N1,CO,4,N,OK,JSP,NA
JP253,JE114N1,SO,5,N,OK,JSP,NA
JP419,JE115N1,CO,1,N,OK,JSP,NA
JP421,JE115N1,CU,10,N,OK,JSP,NA
JP420,JE115N1,HE,3,N,OK,JSP,NA
DP633,JE115N1,SO,20,N,OK,JSP,NA
JP341,JE115N1,SO,5,N,OK,JSP,NA
JP433,JE116N1,CU,10,N,OK,JSP,NA
JP619,JE116N1,HE,5,N,OK,JSP,NA
JP620,JE116N1,CO,1,N,OK,JSP,NA
JP242,JE116N1,SO,15,N,OK,JSP,NA
JP260,JE116N1,SO,5,N,OK,JSP,NA
JP734,JE117N2,SO,5,N,OK,JSP,NA
JP283,JE117N2,SO,15,N,OK,JSP,NA
JP547,JE118N1,CU,5,N,OK,JSP,NA
JP234,JE118N1,SO,15,N,OK,JSP,NA
JP269,JE118N1,SO,5,N,OK,JSP,NA
JP391,JE119N1,CO,10,N,OK,JSP,NA
JP591,JE119N1,CU,10,N,OK,JSP,NA
JP263,JE119N1,SO,4,N,OK,JSP,NA
JP317A,JE119N1,SO,15,N,OK,JSP,NA
JP558,JE122N2,CU,10,N,OK,JSP,NA
JP256,JE122N2,SO,15,N,OK,JSP,NA
JP317B,JE122N2,SO,15,N,OK,JSP,NA
JP599,JE123N3,CU,11,N,OK,JSP,NA
JP600,JE123N3,CO,1,N,OK,JSP,NA
JP598,JE123N3,HE,1,N,OK,JSP,NA
JP320,JE123N3,SO,15,N,OK,JSP,NA
JP328,JE123N3,SO,15,N,OK,JSP,NA
JP405,JE126N1,HE,5,N,OK,JSP,NA
JP404,JE126N1,CO,1,N,OK,JSP,NA
JP588,JE126N1,CU,10,N,OK,JSP,NA
JP302,JE126N1,SO,6,N,OK,JSP,NA
JP339,JE126N1,SO,14,N,OK,JSP,NA
JP389,JE128N2,CU,10,N,OK,JSP,NA
JP388,JE128N2,CO,1,N,OK,JSP,NA
JP267,JE128N2,SO,4,N,OK,JSP,NA
JP348,JE128N2,SO,15,N,OK,JSP,NA
JP413,JE129N3,CO,4,N,OK,JSP,NA
JP414,JE129N3,HE,5,N,OK,JSP,NA
JP590,JE129N3,CU,10,N,OK,JSP,NA
JP255,JE129N3,SO,15,N,OK,JSP,NA
JP268,JE129N3,SO,5,N,OK,JSP,NA
JP448,JE131N1,HE,5,N,OK,JSP,NA
JP647,JE131N1,CU,10,N,OK,JSP,NA
JP646,JE131N1,HE,5,N,OK,JSP,NA
JP251,JE131N1,SO,4,N,OK,JSP,NA
JP345,JE131N1,SO,15,N,OK,JSP,NA
JP436,JE132N1,CU,10,N,OK,JSP,NA
JP437,JE132N1,HE,3,N,OK,JSP,NA
JP244,JE132N1,SO,5,N,OK,JSP,NA
JP254,JE132N1,SO,15,N,OK,JSP,NA
JP736,JE133N1,SO,4,N,OK,JSP,NA
JP220,JE133N1,SO,5,N,OK,JSP,NA
JP552,JE134N1,CU,5,N,OK,JSP,NA
DP217,JE134N1,SO,5,N,OK,JSP,NA
JP207,JE134N1,SO,5,N,OK,JSP,NA
JP202,JE136N1,SO,5,N,OK,JSP,NA
JP203,JE136N1,SO,15,N,OK,JSP,NA
JP409,JE137N1,CO,5,N,OK,JSP,NA
JP381,JE137N1,CU,10,N,OK,JSP,NA
JP379,JE137N1,PI,1,N,OK,JSP,NA
JP380,JE137N1,HE,1,N,OK,JSP,NA
JP329,JE137N1,SO,15,N,OK,JSP,NA
JP372,JE138N1,PI,2,N,OK,JSP,NA
JP371,JE138N1,CO,4,N,OK,JSP,NA
JP373,JE138N1,CU,10,N,OK,JSP,NA
JP266,JE138N1,SO,5,N,OK,JSP,NA
JP344,JE138N1,SO,15,N,OK,JSP,NA
JP593,JE139N1,CU,10,N,OK,JSP,NA
JP594,JE139N1,CO,3,N,OK,JSP,NA
JP257,JE139N1,SO,15,N,OK,JSP,NA
JP315B,JE139N1,SO,15,N,OK,JSP,NA
JP676,JE140N1,HE,5,N,OK,JSP,NA
JP265,JE140N1,SO,15,N,OK,JSP,NA
JP346,JE140N1,SO,15,N,OK,JSP,NA
JP680,JE140N1,CU,10,N,NA,JSP,NA
JP679,JE140N1,PI,2,N,NA,JSP,NA
JP621,JE142N1,CU,10,N,OK,JSP,NA
JP617,JE142N1,HE,3,N,OK,JSP,NA
JP342,JE142N1,SO,15,N,OK,JSP,NA
JP597,JE143N1,CU,10,N,OK,JSP,NA
JP252,JE143N1,SO,15,N,OK,JSP,NA
JP318B,JE143N1,SO,15,N,OK,JSP,NA
JP287,JE145N1,SO,15,N,OK,JSP,NA
JP338,JE145N1,SO,15,N,OK,JSP,NA
JP585,JE146N1,CU,10,N,OK,JSP,NA
JP584,JE146N1,HE,2,N,OK,JSP,NA
JP211,JE146N1,SO,15,N,OK,JSP,NA
JP248,JE146N1,SO,15,N,OK,JSP,NA
JP639,JE147N1,HE,10,N,OK,JSP,NA
JP651,JE147N1,CU,10,N,OK,JSP,NA
JP732,JE147N1,SO,16,N,OK,JSP,NA
JP733,JE147N1,SO,15,N,OK,JSP,NA
JP570,JE148N3,CO,6,N,OK,JSP,NA
JP557,JE148N3,PI,1,N,OK,JSP,NA
JP562,JE148N3,CU,10,N,OK,JSP,NA
JP270,JE148N3,SO,15,N,OK,JSP,NA
JP343,JE148N3,SO,15,N,OK,JSP,NA
JP675,JE149N1,CU,10,N,OK,JSP,NA
JP674,JE149N1,CO,1,N,OK,JSP,NA
JP239,JE149N1,SO,15,N,OK,JSP,NA
JP340,JE149N1,SO,15,N,OK,JSP,NA
JP374,JE150N1,HE,2,N,OK,JSP,NA
JP376,JE150N1,CO,3,N,OK,JSP,NA
JP375,JE150N1,PI,3,N,OK,JSP,NA
JP649,JE150N1,CU,10,N,OK,JSP,NA
JP264,JE150N1,SO,15,N,OK,JSP,NA
JP336,JE150N1,SO,15,N,OK,JSP,NA
JP214,JE152N1,SO,15,N,OK,JSP,NA
JP221,JE152N1,SO,4,N,OK,JSP,NA
JP377,JE152N1,PI,3,N,OK,JSP,NA
JP378,JE152N1,CU,10,N,OK,JSP,Accidentally also assigned as JP452
JP452,JE152N1,CU,10,N,NA,JSP,NA
JP406,JE154N1,HE,2,N,OK,JSP,NA
JP685,JE154N1,CO,4,N,OK,JSP,NA
JP686,JE154N1,CU,10,N,OK,JSP,NA
JP327,JE154N1,SO,15,N,OK,JSP,NA
JP349,JE154N1,SO,5,N,OK,JSP,NA
JP422,JE155N1,CU,10,N,OK,JSP,NA
JP442,JE155N1,CO,1,N,OK,JSP,NA
JP262,JE155N1,SO,15,N,OK,JSP,NA
JP299,JE155N1,SO,4,N,OK,JSP,NA
JP369,JE157N2,CU,10,N,OK,JSP,NA
JP370,JE157N2,PI,3,N,OK,JSP,NA
JP246,JE157N2,SO,15,N,OK,JSP,NA
JP250,JE157N2,SO,15,N,OK,JSP,NA
JP279,JE157N2,SO,5,N,OK,JSP,NA
JP213,JE159N1,SO,4,N,OK,JSP,NA
JP222,JE159N1,SO,5,N,OK,JSP,NA
JP415,JE160N1,HE,2,N,OK,JSP,NA
JP416,JE160N1,CO,1,N,OK,JSP,NA
JP418,JE160N1,CU,10,N,OK,JSP,NA
JP259,JE160N1,SO,15,N,OK,JSP,NA
JP310A,JE160N1,SO,5,N,OK,JSP,NA
JP417,JE160N1,PI,2,N,OK,JSP,NA
JP216,JE161N1,SO,5,N,OK,JSP,Individual fish labels incorrectly read date as 2015-05-08
JP233,JE161N1,SO,5,N,OK,JSP,Individual fish labels incorrectly read date as 2015-05-08
JP426,JE162N1,PI,10,N,OK,JSP,NA
JP425,JE162N1,CO,3,N,OK,JSP,NA
JP401,JE162N1,CU,10,N,OK,JSP,NA
JP296,JE162N1,SO,5,N,OK,JSP,NA
JP330,JE162N1,SO,15,N,OK,JSP,NA
JP571,JE163N1,HE,2,N,OK,JSP,NA
JP567,JE163N1,CU,10,N,OK,JSP,NA
JP200,JE163N1,SO,15,N,OK,JSP,NA
JP209,JE163N1,SO,5,N,OK,JSP,NA
JP424,JE165N1,PI,10,N,OK,JSP,NA
JP423,JE165N1,HE,3,N,OK,JSP,NA
JP648,JE165N1,CU,10,N,OK,JSP,NA
JP275,JE165N1,SO,15,N,OK,JSP,NA
JP294,JE165N1,SO,15,N,OK,JSP,NA
JP618,JE166N1,HE,10,N,OK,JSP,NA
JP612,JE166N1,CU,10,N,OK,JSP,NA
JP611,JE166N1,PI,4,N,OK,JSP,NA
JP210,JE166N1,SO,15,N,OK,JSP,NA
JP280,JE166N1,SO,15,N,OK,JSP,NA
JP392,JE168N1,HE,10,N,OK,JSP,NA
JP440,JE168N1,CO,1,N,OK,JSP,NA
JP441,JE168N1,CU,10,N,OK,JSP,NA
JP316B,JE168N1,SO,4,N,OK,JSP,NA
JP556,JE171N2,CO,6,N,OK,JSP,NA
JP554,JE171N2,CU,10,N,OK,JSP,NA
JP201,JE171N2,SO,15,N,OK,JSP,NA
JP215,JE171N2,SO,15,N,OK,JSP,NA
JP297,JE172N4,PI,6,N,OK,JSP,NA
JP332,JE172N4,SO,15,N,OK,JSP,NA
JP681,JE173N1,HE,10,N,OK,JSP,NA
JP303,JE173N1,SO,4,N,OK,JSP,NA
JP312A,JE173N1,SO,NA,N,OK,JSP,Unknown # of fish
JP445,JE173N1,PI,7,N,OK,JSP,NA
JP472,JE173N1,CU,10,N,NA,JSP,NA
JP627,JE174N1,CU,10,N,OK,JSP,NA
JP613,JE174N1,PI,10,N,OK,JSP,NA
JP626,JE174N1,HE,1,N,OK,JSP,NA
JP609,JE174N1,CU,10,N,OK,JSP,NA
JP610,JE174N1,PI,2,N,OK,JSP,NA
JP308,JE174N1,SO,5,N,OK,JSP,NA
JP314B,JE174N1,SO,15,N,OK,JSP,NA
JP444,JE175N1,PI,1,N,OK,JSP,NA
JP604,JE175N1,CU,10,N,OK,JSP,NA
JP616,JE176N2,PI,10,N,OK,JSP,NA
JP592,JE176N2,CU,10,N,OK,JSP,NA
JP305,JE176N2,SO,5,N,OK,JSP,NA
JP313B,JE176N2,SO,14,N,OK,JSP,NA
JP655,JE177N2,CO,1,N,OK,JSP,NA
JP656,JE177N2,PI,4,N,OK,JSP,NA
JP383,JE178N1,HE,3,N,OK,JSP,NA
JP384,JE178N1,CO,10,N,OK,JSP,NA
JP608,JE178N1,CO,1,N,OK,JSP,NA
JP607,JE178N1,PI,10,N,OK,JSP,NA
JP606,JE178N1,HE,3,N,OK,JSP,NA
JP272,JE178N1,SO,15,N,OK,JSP,NA
JP273,JE178N1,SO,5,N,OK,JSP,NA
JP393,JE179N1,PI,10,N,OK,JSP,NA
JP382,JE179N1,CU,10,N,OK,JSP,NA
JP236,JE179N1,SO,15,N,OK,JSP,NA
JP285,JE179N1,SO,5,N,OK,JSP,NA
JP559,JE180N2,CU,5,N,OK,JSP,NA
JP553,JE181N2,HE,5,N,OK,JSP,NA
JP555,JE181N2,CU,5,N,OK,JSP,NA
JP293,JE181N2,SO,5,N,OK,JSP,NA
JP295,JE181N2,SO,15,N,OK,JSP,NA
JP400,JE182N1,CU,10,N,OK,JSP,NA
JP387,JE182N1,PI,10,N,OK,JSP,NA
JP218,JE182N1,SO,3,N,OK,JSP,NA
JP673,JE183N1,CU,10,N,OK,JSP,NA
JP281,JE183N1,PI,4,N,OK,JSP,ID in bundle with JP282
JP282,JE183N1,HE,2,N,OK,JSP,ID in bundle with JP281
JP331,JE183N1,SO,15,N,OK,JSP,NA
JP615,JE184N1,CU,10,N,OK,JSP,NA
JP735,JE184N1,SO,3,N,OK,JSP,NA
JP634,JE185N1,PI,2,N,OK,JSP,NA
JP238,JE185N1,SO,15,N,OK,JSP,NA
JP596,JE186N1,CU,10,N,OK,JSP,NA
JP595,JE186N1,PI,1,N,OK,JSP,NA
JP261,JE186N1,SO,15,N,OK,JSP,NA
JP347,JE186N1,SO,15,N,OK,JSP,NA
JP397,JE187N1,CU,10,N,OK,JSP,NA
JP439,JE187N1,CU,5,N,OK,JSP,NA
JP438,JE187N1,PI,10,N,OK,JSP,NA
JP334,JE187N1,SO,17,N,OK,JSP,NA
JP335,JE187N1,CU,5,N,OK,JSP,NA
JP587,JE188N1,PI,10,N,OK,JSP,NA
JP586,JE188N1,CU,10,N,OK,JSP,NA
JP551,JE189N2,CU,4,N,OK,JSP,NA
JP223,JE189N2,SO,3,N,OK,JSP,NA
JP290,JE189N2,SO,15,N,OK,JSP,NA
JP629,JE190N1,CU,10,N,OK,JSP,NA
JP628,JE190N1,HE,5,N,OK,JSP,NA
JP601,JE190N1,HE,3,N,OK,JSP,NA
JP605,JE190N1,PI,10,N,OK,JSP,NA
JP231,JE190N1,SO,4,N,OK,JSP,NA
JP309A,JE190N1,SO,15,N,OK,JSP,NA
JP550,JE191N1,HE,1,N,OK,JSP,NA
JP563,JE191N1,CU,5,N,OK,JSP,NA
JP206,JE191N1,SO,15,N,OK,JSP,NA
JP212,JE191N1,SO,5,N,OK,JSP,NA
JP386,JE192N1,HE,2,N,OK,JSP,NA
JP385,JE192N1,CU,10,N,OK,JSP,NA
JP682,JE192N1,HE,2,N,OK,JSP,NA
JP683,JE192N1,PI,10,N,OK,JSP,NA
JP333,JE192N1,SO,15,N,OK,JSP,NA
JP350,JE192N1,SO,2,N,OK,JSP,NA
JP402,JE193N1,CU,10,N,OK,JSP,NA
JP684,JE193N1,PI,10,N,OK,JSP,NA
JP288,JE195N1,SO,15,N,OK,JSP,NA
JP298,JE195N1,PI,5,N,OK,JSP,NA
JP300,JE195N1,SO,2,N,OK,JSP,NA
JP411,JE195N1,PI,5,N,OK,JSP,NA
JP412,JE195N1,CU,10,N,OK,JSP,NA
JP429,JE196N1,CO,1,N,OK,JSP,NA
JP431,JE196N1,CU,10,N,OK,JSP,NA
JP430,JE196N1,PI,5,N,OK,JSP,NA
JP644,JE196N1,HE,10,N,OK,JSP,NA
JP643,JE196N1,PI,4,N,OK,JSP,NA
JP271,JE196N1,SO,15,N,OK,JSP,NA
JP395,JE197N1,PI,1,N,OK,JSP,NA
JP394,JE197N1,HE,2,N,OK,JSP,NA
JP396,JE197N1,CU,10,N,OK,JSP,NA
JP325,JE197N1,SO,5,N,OK,JSP,NA
JP337,JE197N1,SO,15,N,OK,JSP,NA
JP368,JE198N2,PI,8,N,OK,JSP,NA
JP443,JE198N2,CU,10,N,OK,JSP,NA
JP367,JE198N2,HE,2,N,OK,JSP,NA
JP284,JE198N2,SO,15,N,OK,JSP,NA
JP292,JE198N2,SO,15,N,OK,JSP,NA
JP204,JE199N2,SO,5,N,OK,JSP,NA
JP622,JE200N1,CU,10,N,OK,JSP,NA
JP623,JE200N1,PI,2,N,OK,JSP,NA
JP286,JE200N1,SO,3,N,OK,JSP,NA
JP291,JE200N1,SO,4,N,OK,JSP,NA
JP568,JE201N3,CU,5,N,OK,JSP,NA
JP224,JE201N3,SO,4,N,OK,JSP,NA
JP226,JE201N3,SO,5,N,OK,JSP,NA
JP549,JE202N1,CU,10,N,OK,JSP,NA
JP574,JE202N1,HE,10,N,OK,JSP,NA
JP205,JE202N1,SO,15,N,OK,JSP,NA
JP449,JE203N1,CO,1,N,OK,JSP,NA
JP366,JE203N1,CU,10,N,OK,JSP,NA
JP631,JE203N1,HE,10,N,OK,JSP,NA
JP633,JE203N1,PI,10,N,OK,JSP,NA
JP432,JE204N2,CU,10,N,OK,JSP,NA
JP289,JE204N2,SO,5,N,OK,JSP,NA
JP307,JE204N2,SO,15,N,OK,JSP,NA
JP428,JE205N1,PI,10,N,OK,JSP,NA
JP447,JE205N1,CU,8,N,OK,JSP,NA
JP427,JE205N1,CU,2,N,OK,JSP,NA
JP274,JE205N1,SO,6,N,OK,JSP,NA
JP315A,JE205N1,SO,15,N,OK,JSP,NA
JP446,JE206N2,HE,10,N,OK,JSP,NA
JP641,JE206N2,CU,10,N,OK,JSP,NA
JP614,JE206N2,PI,10,N,OK,JSP,NA
JP301,JE206N2,SO,9,N,OK,JSP,NA
JP632,JE207N2,PI,10,N,OK,JSP,NA
JP630,JE207N2,CO,3,N,OK,JSP,NA
JP583,JE207N2,CU,10,N,OK,JSP,NA
JP582,JE207N2,CO,1,N,OK,JSP,NA
JP434,JE208N2,PI,10,N,OK,JSP,NA
JP435,JE208N2,HE,2,N,OK,JSP,NA
JP645,JE208N2,SO,5,N,OK,JSP,NA
JP652,JE208N2,CU,10,N,OK,JSP,NA
JP311A,JE208N2,SO,5,N,OK,JSP,NA
JP474,JE209N1,HE,3,N,OK,JSP,NA
JP569,JE209N1,PI,1,N,OK,JSP,NA
JP564,JE209N1,CU,5,N,OK,JSP,NA
JP575,JE209N1,HE,5,N,OK,JSP,NA
JP278,JE209N1,SO,15,N,OK,JSP,NA
JP321,JE209N1,SO,15,N,OK,JSP,NA
JP566,JE210N2,CU,10,N,OK,JSP,NA
JP572,JE210N2,PI,10,N,OK,JSP,NA
JP624,JE211N1,PI,10,N,OK,JSP,NA
JP408,JE212N1,PI,5,N,OK,JSP,NA
JP399,JE212N1,CU,10,N,OK,JSP,NA
JP398,JE212N1,PI,5,N,OK,JSP,NA
JP407,JE212N1,HE,2,N,OK,JSP,NA
JP469,JE213N1,HE,2,N,OK,JSP,NA
JP470,JE213N1,PI,10,N,NA,JSP,NA
JP473,JE213N1,CU,10,N,NA,JSP,NA
JP625,JE216N1,PI,10,N,OK,JSP,NA
JP602,JE216N1,CU,10,N,OK,JSP,NA
JP603,JE216N1,HE,2,N,OK,JSP,NA
JP653,JE217N1,CU,8,N,OK,JSP,NA
JP589,JE217N1,HE,5,N,OK,JSP,NA
JP548,JE218N1,CU,5,N,OK,JSP,NA
JP573,JE218N1,PI,10,N,OK,JSP,NA
JP219,JE218N1,SO,3,N,OK,JSP,NA
JP230,JE218N1,SO,7,N,OK,JSP,NA
JP576,JE225N1,CU,5,N,OK,JSP,NA
JP232,JE225N1,SO,10,N,OK,JSP,NA
JP526,JE231N1,CU,2,N,OK,JSP,NA
JP689,JE231N1,SO,10,N,OK,JSP,NA
JP664,JE231N1,SO,10,N,OK,JSP,NA
JP515,JE233N1,HE,1,N,OK,JSP,NA
JP701,JE233N1,SO,11,N,OK,JSP,NA
JP636,JE233N1,SO,9,N,OK,JSP,NA
JP490,JE234N2,CO,1,N,OK,JSP,NA
JP539,JE234N2,PI,10,N,OK,JSP,NA
JP637,JE234N2,SO,15,N,OK,JSP,NA
JP672,JE234N2,SO,1,N,OK,JSP,NA
JP504,JE236N1,HE,1,N,OK,JSP,NA
JP486,JE236N1,CO,3,N,OK,JSP,NA
JP546,JE236N1,PI,2,N,OK,JSP,NA
JP713,JE236N1,SO,10,N,OK,JSP,NA
JP671,JE236N1,SO,15,N,OK,JSP,NA
JP483,JE238N1,CU,7,N,OK,JSP,NA
JP528,JE238N1,PI,6,N,OK,JSP,NA
JP729,JE238N1,SO,5,N,OK,JSP,NA
JP667,JE238N1,SO,15,N,OK,JSP,NA
JP577,JE240N1,SO,5,N,OK,JSP,NA
JP579,JE240N1,SO,15,N,OK,JSP,NA
JP513,JE243N2,CO,6,N,OK,JSP,NA
JP506,JE243N2,CU,7,N,OK,JSP,NA
JP538,JE243N2,PI,5,N,OK,JSP,NA
JP669,JE243N2,SO,10,N,OK,JSP,NA
JP661,JE243N2,SO,10,N,OK,JSP,NA
JP514,JE244N1,CU,10,N,OK,JSP,NA
JP532,JE244N1,PI,10,N,OK,JSP,NA
JP714,JE244N1,SO,10,N,OK,JSP,NA
JP705,JE244N1,SO,10,N,OK,JSP,NA
JP482,JE245N2,CO,6,N,OK,JSP,NA
JP505,JE245N2,CU,10,N,OK,JSP,NA
JP521,JE245N2,PI,9,N,OK,JSP,NA
JP663,JE245N2,SO,10,N,OK,JSP,NA
JP692,JE245N2,SO,10,N,OK,JSP,NA
JP494,JE246N1,CO,10,N,OK,JSP,NA
JP658,JE246N1,SO,10,N,OK,JSP,NA
JP694,JE246N1,SO,10,N,OK,JSP,NA
JP500,JE249N1,CO,1,N,OK,JSP,NA
JP522,JE249N1,CU,10,N,OK,JSP,NA
JP543,JE249N1,PI,10,N,OK,JSP,NA
JP691,JE249N1,SO,10,N,OK,JSP,NA
JP642,JE249N1,SO,10,N,OK,JSP,NA
JP578,JE250N2,SO,10,N,OK,JSP,NA
JP640,JE251N1,CO,10,N,OK,JSP,NA
JP650,JE252N1,SO,8,N,OK,JSP,NA
JP520,JE253N1,PI,10,N,OK,JSP,NA
JP478,JE253N1,CU,10,N,OK,JSP,NA
JP710,JE253N1,SO,8,N,OK,JSP,NA
JP509,JE254N1,CO,1,N,OK,JSP,NA
JP485,JE254N1,CU,5,N,OK,JSP,NA
JP544,JE254N1,PI,1,N,OK,JSP,NA
JP708,JE254N1,SO,10,N,OK,JSP,NA
JP687,JE254N1,SO,10,N,OK,JSP,NA
JP489,JE256N1,HE,2,N,OK,JSP,NA
JP511,JE256N1,CU,10,N,OK,JSP,NA
JP531,JE256N1,PI,10,N,OK,JSP,NA
JP699,JE256N1,SO,10,N,OK,JSP,NA
JP660,JE256N1,SO,10,N,OK,JSP,NA
JP491,JE257N1,CU,10,N,OK,JSP,NA
JP718,JE257N1,SO,10,N,OK,JSP,NA
JP724,JE257N1,SO,10,N,OK,JSP,NA
JP635,JE258N1,SO,10,N,OK,JSP,NA
JP456,JE258N1,CU,10,N,NA,JSP,NA
JP464,JE258N1,PI,10,N,NA,JSP,NA
JP498,JE259N3,CU,10,N,OK,JSP,NA
JP725,JE259N3,SO,10,N,OK,JSP,NA
JP693,JE259N3,SO,10,N,OK,JSP,NA
JP654,JE262N1,PI,1,N,OK,JSP,NA
JP465,JE262N1,PI,9,N,NA,JSP,NA
JP484,JE263N1,CO,8,N,OK,JSP,NA
JP503,JE263N1,CU,10,N,OK,JSP,NA
JP523,JE263N1,PI,10,N,OK,JSP,NA
JP698,JE263N1,SO,10,N,OK,JSP,NA
JP581,JE264N1,SO,10,N,OK,JSP,NA
JP580,JE264N1,SO,10,N,OK,JSP,NA
JP507,JE265N1,CU,10,N,OK,JSP,NA
JP542,JE265N1,PI,10,N,OK,JSP,NA
JP722,JE265N1,SO,10,N,OK,JSP,NA
JP731,JE265N1,SO,2,N,OK,JSP,NA
JP723,JE267N1,SO,10,N,OK,JSP,NA
JP666,JE267N1,SO,10,N,OK,JSP,NA
JP460,JE267N1,CU,10,N,NA,JSP,NA
JP466,JE267N1,PI,9,N,NA,JSP,NA
JP492,JE268N1,HE,10,N,OK,JSP,NA
JP703,JE268N1,SO,10,N,OK,JSP,NA
JP697,JE268N1,SO,10,N,OK,JSP,NA
JP457,JE268N1,CU,10,N,NA,JSP,NA
JP467,JE268N1,PI,10,N,NA,JSP,NA
JP517,JE269N1,HE,1,N,OK,JSP,NA
JP512,JE269N1,CO,1,N,OK,JSP,NA
JP638,JE269N1,SO,10,N,OK,JSP,NA
JP662,JE269N1,SO,10,N,OK,JSP,NA
JP453,JE269N1,CU,10,N,NA,JSP,NA
JP462,JE269N1,PI,10,N,NA,JSP,NA
JP497,JE270N1,HE,5,N,OK,JSP,NA
JP711,JE270N1,SO,10,N,OK,JSP,NA
JP665,JE270N1,SO,10,N,OK,JSP,NA
JP455,JE270N1,CU,10,N,NA,JSP,NA
JP461,JE270N1,PI,10,N,NA,JSP,NA
JP518,JE271N1,CU,10,N,OK,JSP,NA
JP533,JE271N1,PI,10,N,OK,JSP,NA
JP706,JE271N1,SO,10,N,OK,JSP,NA
JP690,JE271N1,SO,10,N,OK,JSP,NA
JP493,JE272N2,CO,3,N,OK,JSP,NA
JP510,JE272N2,HE,1,N,OK,JSP,NA
JP524,JE272N2,CU,7,N,OK,JSP,NA
JP540,JE272N2,PI,10,N,OK,JSP,NA
JP502,JE273N1,HE,1,N,OK,JSP,NA
JP476,JE273N1,CU,10,N,OK,JSP,NA
JP545,JE273N1,PI,10,N,OK,JSP,NA
JP704,JE273N1,SO,10,N,OK,JSP,NA
JP716,JE273N1,SO,10,N,OK,JSP,NA
JP696,JE273N1,SO,10,N,OK,JSP,NA
JP695,JE273N1,SO,10,N,OK,JSP,NA
JP688,JE273N1,SO,10,N,OK,JSP,NA
JP496,JE282N1,HE,7,N,OK,JSP,NA
JP525,JE282N1,CU,10,N,OK,JSP,NA
JP536,JE282N1,PI,10,N,OK,JSP,NA
JP709,JE282N1,SO,10,N,OK,JSP,NA
JP659,JE282N1,SO,10,N,OK,JSP,NA
JP719,JE283N1,SO,10,N,OK,JSP,NA
JP458,JE283N1,CU,10,N,NA,JSP,NA
JP471,JE283N1,PI,10,N,NA,JSP,NA
JP477,JE285N1,HE,5,N,OK,JSP,NA
JP487,JE285N1,CO,10,N,OK,JSP,NA
JP481,JE285N1,CU,10,N,OK,JSP,NA
JP534,JE285N1,PI,10,N,OK,JSP,NA
JP712,JE285N1,SO,10,N,OK,JSP,NA
JP668,JE285N1,SO,9,N,OK,JSP,NA
JP670,JE285N1,SO,1,N,OK,JSP,NA
JP508,JE290N2,HE,2,N,OK,JSP,NA
JP488,JE290N2,CU,10,N,OK,JSP,NA
JP527,JE290N2,PI,10,N,OK,JSP,NA
JP480,JE291N1,HE,1,N,OK,JSP,NA
JP499,JE291N1,CO,1,N,OK,JSP,NA
JP479,JE291N1,CU,10,N,OK,JSP,NA
JP541,JE291N1,PI,10,N,OK,JSP,NA
JP726,JE291N1,SO,10,N,OK,JSP,NA
JP700,JE291N1,SO,10,N,OK,JSP,NA
JP721,JE292N1,SO,10,N,OK,JSP,NA
JP720,JE292N1,SO,10,N,OK,JSP,NA
JP702,JE292N1,SO,1,N,OK,JSP,NA
JP459,JE292N1,CU,10,N,NA,JSP,NA
JP468,JE292N1,PI,10,N,NA,JSP,NA
JP495,JE293N2,CU,10,N,OK,JSP,NA
JP537,JE293N2,PI,10,N,OK,JSP,NA
JP715,JE293N2,SO,10,N,OK,JSP,NA
JP717,JE293N2,SO,8,N,OK,JSP,NA
JP516,JE302N1,HE,1,N,OK,JSP,NA
JP727,JE302N1,SO,10,N,OK,JSP,NA
JP728,JE302N1,SO,10,N,OK,JSP,NA
JP454,JE302N1,CU,10,N,NA,JSP,NA
JP463,JE302N1,PI,10,N,NA,JSP,NA
JP501,JE303N1,CU,10,N,OK,JSP,NA
JP530,JE303N1,CU,1,N,OK,JSP,NA
JP535,JE303N1,PI,10,N,OK,JSP,NA
JP707,JE303N1,SO,10,N,OK,JSP,NA
JP730,JE303N1,SO,2,N,OK,JSP,NA
JP1,JE304N2,SO,10,Y,OK,JSP,NA
JP2,JE304N2,SO,10,N,OK,JSP,Sockeye out of dewar for longer periods due to first day of sampling. Will get quicker from here on.
JP3,JE304N2,SO,3,N,OK,JSP,Sockeye out of dewar for longer periods due to first day of sampling. Will get quicker from here on.
JP5,JE304N2,CU,10,N,OK,JSP,First chum was taken out before the rest (Hence the long time out of dewar).
JP6,JE304N2,CO,8,N,OK,JSP,NA
JP16,JE305N1,SO,7,N,OK,JSP,Licing set done at secondary site. Second set labels for survey JE305 used. Cut short dew to sudden change in weather. Trial incomplete.
JP17,JE306N1,SO,10,Y,OK,JSP,NA
JP18,JE306N1,SO,10,N,OK,JSP,NA
JP19,JE306N1,SO,10,N,OK,JSP,NA
JP21,JE306N1,CU,10,N,OK,JSP,NA
JP22,JE306N1,CO,10,N,OK,JSP,NA
JP25,JE307N1,SO,10,Y,OK,JSP,"11 fish in this package, one chinook (UFN14037) foil labelled CH. Included in this package because no fish package labels for chinook."
JP26,JE307N1,SO,10,N,OK,JSP,NA
JP27,JE307N1,SO,10,N,OK,JSP,NA
JP29,JE307N1,CU,10,N,OK,JSP,NA
JP30,JE307N1,CO,10,N,OK,JSP,NA
JP31,JE307N1,HE,10,N,OK,JSP,NA
JP33,JE308N1,SO,10,Y,OK,JSP,NA
JP34,JE308N1,SO,10,N,OK,JSP,Samples may have been compromised because they were sitting at -65C for ~4 hours (accidentally forgotten in Freezer 1 during while it was defrosting on 2017-12-08
JP35,JE308N1,SO,10,N,OK,JSP,NA
JP36,JE308N1,PI,1,N,OK,JSP,NA
JP37,JE308N1,CU,10,N,OK,JSP,NA
JP38,JE308N1,CO,5,N,OK,JSP,NA
JP39,JE308N1,HE,10,N,OK,JSP,NA
JP88,JE308N1,CK,1,N,OK,JSP,NA
JP41,JE309N1,SO,10,Y,OK,JSP,NA
JP42,JE309N1,SO,10,N,OK,JSP,NA
JP43,JE309N1,SO,10,N,OK,JSP,NA
JP45,JE309N1,CU,10,N,OK,JSP,NA
JP47,JE309N1,HE,2,N,OK,JSP,NA
JP49,JE310N1,SO,10,Y,PC,JSP,Fully thawed. Found in the dewar May 2018
JP50,JE310N1,SO,10,N,PC,JSP,Fully thawed. Found in the dewar May 2018
JP51,JE310N1,SO,6,N,OK,JSP,NA
JP52,JE310N1,PI,3,N,OK,JSP,NA
JP53,JE310N1,CU,10,N,OK,JSP,NA
JP54,JE310N1,CO,2,N,OK,JSP,NA
JP55,JE310N1,HE,1,N,OK,JSP,NA
JP56,JE310N2,SO,4,N,OK,JSP,NA
JP57,JE311N5,SO,10,Y,OK,JSP,NA
JP58,JE311N5,SO,10,N,OK,JSP,NA
JP59,JE311N5,SO,10,N,OK,JSP,NA
JP60,JE311N5,PI,10,N,OK,JSP,NA
JP61,JE311N5,CU,10,N,OK,JSP,NA
JP62,JE311N5,CO,4,N,OK,JSP,NA
JP63,JE311N5,HE,5,N,OK,JSP,NA
JP311N5CK,JE311N5,CK,2,N,OK,JSP,NA
JP68,JE312N1,PI,6,N,OK,JSP,NA
JP69,JE312N1,CU,10,N,OK,JSP,NA
JP71,JE312N1,HE,10,N,OK,JSP,NA
JP81,JE314N1,SO,1,Y,OK,JSP,NA
JP84,JE314N1,PI,10,N,OK,JSP,NA
JP85,JE314N1,CU,10,N,OK,JSP,NA
JP86,JE314N1,CO,2,N,OK,JSP,NA
JP87,JE314N1,HE,2,N,OK,JSP,NA
P1079,JE402N1,SO,3,Y,OK,JSP,NA
P1078,JE402N1,CO,10,N,OK,JSP,NA
P1086,JE402N1,HE,5,N,OK,JSP,NA
P1081,JE414N1,SO,10,Y,OK,JSP,NA
P1066,JE414N1,PI,10,Y,OK,JSP,NA
P1053,JE414N1,CU,10,Y,OK,JSP,NA
P1072,JE414N1,SO,10,N,OK,JSP,NA
P1067,JE414N1,SO,10,N,OK,JSP,NA
P1087,JE414N1,CO,3,N,OK,JSP,NA
P1057,JE415N2,SO,8,Y,OK,JSP,NA
P1084,JE415N2,CU,10,Y,OK,JSP,NA
P1082,JE415N2,PI,10,Y,OK,JSP,NA
P1052,JE417N1,SO,10,Y,OK,JSP,NA
P1098,JE417N1,SO,10,N,OK,JSP,NA
P1100,JE417N1,SO,10,N,OK,JSP,NA
P1068,JE417N1,PI,10,Y,OK,JSP,NA
P1085,JE417N1,CO,10,N,OK,JSP,NA
P1061,JE417N1,CU,10,Y,OK,JSP,NA
P1089,JE418N1,SO,10,Y,OK,JSP,NA
P1074,JE418N1,PI,10,Y,OK,JSP,NA
P1099,JE418N1,CU,10,Y,OK,JSP,NA
P1051,JE418N1,SO,10,N,OK,JSP,NA
P1055,JE418N1,SO,10,N,OK,JSP,NA
P1073,JE418N1,CO,1,N,OK,JSP,NA
P1060,JE418N1,HE,5,N,OK,JSP,NA
P1071,JE419N1,SO,10,Y,OK,JSP,"Each fish processed then placed in dewar immediately, due to low sockeye density."
P1058,JE419N1,PI,10,Y,OK,JSP,NA
P1065,JE419N1,CU,10,Y,OK,JSP,NA
P1063,JE419N1,SO,6,Y,OK,JSP,"Each fish processed then placed in dewar immediately, due to low sockeye density."
P1076,JE420N1,SO,8,Y,OK,JSP,NA
P1083,JE420N1,CU,10,Y,OK,JSP,NA
P1088,JE420N1,PI,10,Y,OK,JSP,NA
P1090,JE421N1,SO,10,Y,OK,JSP,NA
P1075,JE421N1,PI,10,Y,OK,JSP,NA
P1095,JE421N1,CU,10,Y,OK,JSP,NA
P1077,JE421N1,SO,7,N,OK,JSP,NA
P1064,JE421N1,HE,10,N,OK,JSP,NA
P1080,JE421N2,SO,10,N,OK,JSP,NA
P1093,JE421N2,SO,3,N,OK,JSP,NA
P1096,JE422N1,SO,5,Y,OK,JSP,"Fin clips 543 and 544 are switched. 543 is U16954, 544 is U16953"
P1062,JE422N1,PI,10,Y,OK,JSP,NA
P1092,JE422N1,CU,10,Y,OK,JSP,NA
P1070,JE422N1,CO,1,N,OK,JSP,NA
P1059,JE422N2,SO,5,Y,OK,JSP,NA
P1094,JE422N2,SO,7,N,OK,JSP,NA
P1054,JE422N2,HE,1,N,OK,JSP,NA
P1190,JE423N1,SO,1,Y,OK,JSP,NA
P1194,JE423N1,PI,10,Y,OK,JSP,NA
P1174,JE423N2,CU,10,Y,OK,JSP,NA
P1195,JE423N2,SO,4,Y,OK,JSP,Few sockeye. Each Sample was put in dewar immediately after fin clips were extracted.
P1185,JE423N2,CK,1,N,OK,JSP,NA
P1091,JE426N1,SO,1,Y,OK,JSP,NA
P1156,JE426N1,PI,10,Y,OK,JSP,NA
P1164,JE426N1,CU,10,Y,OK,JSP,NA
P1165,JE426N1,HE,1,N,OK,JSP,NA
P1169,JE427N1,PI,10,Y,OK,JSP,NA
P1157,JE427N1,CU,10,Y,OK,JSP,NA
P1188,JE428N1,SO,1,Y,OK,JSP,NA
P1161,JE428N1,PI,10,Y,OK,JSP,NA
P1172,JE428N1,CU,10,Y,OK,JSP,NA
P1193,JE428N1,CO,1,N,OK,JSP,NA
P1167,JE429N1,SO,1,Y,OK,JSP,NA
P1198,JE429N1,CU,10,Y,OK,JSP,NA
P1151,JE429N1,PI,10,Y,OK,JSP,NA
P1562,DE802N1,PI,10,N,OK,JSP,NA
P1563,DE802N1,CU,1,N,OK,JSP,NA
P1565,DE803N3,CU,10,N,OK,JSP,NA
P1567,DE803N3,SO,3,N,OK,JSP,NA
P1566,DE803N3,PI,10,N,OK,JSP,NA
P1553,DE804N1,CU,10,N,OK,JSP,NA
P1554,DE804N1,HE,2,N,OK,JSP,NA
P1552,DE805N1,SO,10,N,OK,JSP,NA
P1598,DE805N1,CK,1,N,OK,JSP,NA
P1597,DE805N1,CU,10,N,OK,JSP,NA
P1599,DE805N1,PI,10,N,OK,JSP,NA
P1572,DE806N2,SO,10,N,OK,JSP,NA
P1573,DE806N2,CU,10,N,OK,JSP,NA
P1575,DE806N2,PI,10,N,OK,JSP,NA
P1576,DE806N2,SO,10,N,OK,JSP,NA
P1600,DE807N2,SO,10,N,OK,JSP,NA
P1582,DE807N2,CU,10,N,OK,JSP,NA
P1583,DE807N2,SO,7,N,OK,JSP,NA
P1586,DE808N1,SO,10,N,OK,JSP,NA
P1585,DE808N1,HE,1,N,OK,JSP,NA
P1584,DE808N1,CU,10,N,OK,JSP,NA
P1541,DE808N1,PI,10,N,OK,JSP,NA
P1542,DE808N1,SO,10,N,OK,JSP,NA
P1543,DE808N1,SO,2,N,OK,JSP,NA
P1557,DE809N3,SO,10,N,OK,JSP,NA
P1558,DE809N3,PI,10,N,OK,JSP,NA
P1559,DE809N3,CU,10,N,OK,JSP,NA
P1560,DE809N3,SO,10,N,OK,JSP,NA
P1561,DE809N3,SO,10,N,OK,JSP,NA
P1555,DE809N3,CK,1,N,OK,JSP,NA
P1545,DE810N4,PI,10,N,OK,JSP,NA
P1544,DE810N4,CU,3,N,OK,JSP,NA
P1577,DE811N2,SO,10,N,OK,JSP,NA
P1580,DE811N2,PI,6,N,OK,JSP,NA
P1579,DE811N2,CU,10,N,OK,JSP,NA
P1581,DE811N2,HE,6,N,OK,JSP,NA
P1568,DE812N1,CK,5,N,OK,JSP,NA
P1569,DE812N1,CU,10,N,OK,JSP,NA
P1570,DE812N1,PI,10,N,OK,JSP,NA
P1564,DE813N2,SO,2,N,OK,JSP,NA
P1587,DE813N2,CU,10,N,OK,JSP,NA
P1571,DE813N2,PI,10,N,OK,JSP,NA
P1556,DE813N2,HE,1,N,OK,JSP,NA
P1589,DE814N2,PI,10,N,OK,JSP,NA
P1588,DE814N2,CU,10,N,OK,JSP,NA
P1590,DE814N2,CK,3,N,OK,JSP,NA
P1591,DE814N2,CO,1,N,OK,JSP,NA
P1606,DE815N1,CU,10,N,OK,JSP,NA
P1607,DE815N1,PI,10,N,OK,JSP,NA
