ufn,cal_cope_field,lep_cope_field,chal_a_field,chal_b_field,cal_mot_field,cgf_field,lpam_field,lpaf_field,lam_field,laf_field,lgf_field,unid_cope_field,unid_chal_field,cs,ms,ps,hem,egp,ggp,mg,pb,comments_fish_health_field,quality_log
U11324,0,0,0,0,1,1,0,0,0,0,0,0,0,0,0,0,1,0,0,0,0,H:ANF,NA
U11325,0,0,0,0,0,0,0,0,0,0,0,0,0,0,0,0,0,0,0,0,0,NA,NA
U11326,0,0,0,0,1,0,0,0,0,0,0,0,0,0,0,0,1,0,0,0,0,Dorsal surface lesion,NA
U11327,0,0,0,0,0,0,0,0,0,0,0,0,0,0,0,0,0,0,0,0,0,NA,NA
U11328,0,0,9,3,0,1,0,0,0,0,0,0,0,0,0,0,0,0,0,0,0,NA,NA
U11329,2,0,1,0,0,1,0,0,0,0,0,0,0,0,0,0,1,0,0,0,0,Ventral surface laceration,NA
U11330,0,0,0,0,0,0,0,0,0,0,0,0,0,0,0,0,1,0,0,0,0,Lacerations flank & ventral surfaces,NA
U16703,0,0,3,2,0,0,0,0,0,0,0,0,0,0,0,0,0,0,0,0,0,NA,NA
U16893,0,0,1,2,0,0,0,0,0,0,0,0,0,0,0,0,0,0,0,0,0,NA,NA
U17231,2,0,1,3,0,0,0,0,0,0,0,0,0,2,0,0,0,0,0,0,0,NA,NA
U16513,0,0,0,1,0,0,0,0,0,0,0,0,0,0,0,0,0,0,0,0,0,NA,NA
U16514,2,0,1,2,0,0,0,0,0,0,0,0,0,0,0,1,0,0,0,0,0,Bird,NA
U16515,1,0,2,2,0,0,0,0,0,0,0,0,0,0,0,0,1,0,0,0,0,Flank,NA
U16519,0,0,4,1,0,0,0,0,0,0,0,0,0,0,0,0,0,0,1,0,0,NA,NA
U16520,3,1,1,4,0,0,0,0,0,0,0,0,0,0,0,0,0,0,0,0,0,NA,NA
U16804,0,0,2,4,0,0,0,0,0,0,0,0,0,0,0,0,0,0,0,0,0,NA,NA
U16802,0,0,0,0,0,0,0,0,0,0,0,0,0,0,0,0,0,0,0,0,0,NA,NA
U10081,0,0,0,3,0,0,0,0,0,0,0,0,0,0,0,0,0,0,0,0,0,NA,NA
U10090,0,0,3,2,0,0,0,0,0,0,0,0,0,0,0,0,0,0,0,0,0,NA,NA
U10243,1,0,2,0,0,0,0,0,0,0,0,0,0,0,0,0,0,0,0,0,0,NA,NA
U10244,2,0,4,0,0,0,0,0,0,0,0,0,0,0,0,0,0,0,0,0,0,Did not obtain length in field,NA
U10245,0,0,1,1,0,0,0,0,0,0,0,0,0,0,0,0,0,0,0,0,0,Unidentified algae-covered parasite on flank,NA
U10247,0,0,0,0,0,0,0,0,0,0,0,0,0,0,0,0,0,0,0,0,0,NA,NA
U10401,0,0,2,3,0,0,0,0,0,0,0,0,0,0,0,0,0,0,0,0,0,1 flabellifera,NA
U10403,0,0,0,0,0,0,0,0,0,0,0,0,0,0,0,1,0,0,0,0,0,"PS-flank,bird",NA
U12408,0,0,3,1,1,0,0,0,0,0,0,0,0,0,0,0,0,0,0,0,0,NA,NA
U12410,0,0,2,2,1,0,0,0,0,0,0,0,0,0,0,0,0,0,0,0,0,NA,NA
U10561,0,0,1,0,1,0,0,0,0,0,0,0,0,0,0,0,1,0,0,0,0,H-dorsal surface,NA
U10562,0,0,1,1,0,0,0,0,0,0,0,0,0,0,0,0,0,0,0,0,0,NA,NA
U10563,1,0,4,1,0,0,0,0,0,0,0,0,0,0,0,0,0,0,0,0,0,NA,NA
U10564,0,0,0,0,0,0,0,0,0,0,0,0,0,0,0,0,0,0,0,0,0,NA,NA
U10565,1,0,3,0,0,1,0,0,0,0,0,0,0,0,0,0,0,0,0,0,0,Dropped on boat deck,NA
U10568,0,0,0,0,0,0,0,0,0,0,0,0,0,0,0,0,0,0,0,0,0,NA,NA
U10569,5,0,5,0,1,0,0,0,0,0,0,0,0,0,0,0,0,0,0,0,0,NA,NA
U10570,3,0,2,1,0,0,0,0,0,0,0,0,0,0,0,0,0,0,0,0,0,NA,NA
U10644,0,0,0,1,0,0,0,0,0,0,0,0,0,0,0,0,0,0,0,0,0,NA,NA
U10647,0,0,4,5,0,0,0,0,0,0,0,0,0,0,0,0,0,0,0,0,0,NA,NA
U12561,0,0,7,5,0,0,0,0,0,0,0,0,0,0,0,0,0,0,0,0,0,NA,NA
U12644,5,0,8,2,0,0,0,0,0,0,0,0,0,0,0,1,1,0,0,0,0,"PS-fish, H-eye",NA
U12645,1,0,1,0,0,0,0,0,0,0,0,0,0,1,0,0,0,0,0,0,0,NA,NA
U11045,0,0,5,1,0,0,0,0,0,0,0,0,0,0,0,0,0,0,0,0,0,NA,NA
U11124,0,0,4,2,1,0,0,0,0,0,0,0,0,0,0,0,0,0,0,0,0,NA,NA
U11126,2,0,2,3,1,2,0,0,0,0,0,0,0,0,0,0,0,0,0,0,0,NA,NA
U11127,0,0,1,2,0,0,0,0,0,0,0,0,0,0,0,0,0,0,0,0,0,Multiple lesions on dorsal side.,NA
U11130,1,0,0,1,0,0,0,0,0,0,0,0,0,0,0,0,0,0,0,0,0,NA,NA
U12801,1,0,2,2,0,0,0,0,0,0,0,0,0,0,0,0,0,0,0,0,0,NA,NA
U12802,2,0,8,2,0,0,0,0,0,0,0,0,0,1,0,0,0,0,0,0,0,grazed ANF,NA
U12803,1,0,2,0,0,0,0,0,0,0,0,0,0,0,0,0,0,0,0,0,0,NA,NA
U12806,2,0,4,3,1,0,0,0,0,0,0,0,0,0,0,0,0,0,0,0,0,NA,NA
U12807,1,0,1,0,0,0,0,0,0,0,0,0,0,0,0,0,0,0,0,0,0,NA,NA
U12808,0,0,5,1,1,0,0,0,0,0,0,0,0,0,0,0,0,0,0,0,0,split CDF,NA
U12809,1,0,5,0,0,0,0,0,0,0,0,0,0,0,0,0,0,0,0,0,0,NA,NA
U12810,0,0,0,0,0,0,0,0,0,0,0,0,0,0,0,0,1,0,0,0,0,H-eye,NA
U10798,0,0,6,0,0,1,0,0,0,0,0,0,0,0,0,0,1,0,0,0,0,"H-both flanks, vent & dorsal lacerations",NA
U10881,0,0,2,0,0,0,0,0,0,0,0,0,0,0,0,0,0,0,0,0,0,NA,NA
U10882,0,0,0,0,1,0,0,0,0,0,0,0,0,0,0,0,0,0,0,0,0,NA,NA
U10883,0,0,3,4,0,0,0,0,0,0,0,0,0,0,0,0,0,0,0,0,0,NA,NA
U16818,NA,NA,NA,NA,0,0,0,0,0,0,0,NA,NA,0,0,0,0,0,0,0,0,NA,NA
U16820,NA,NA,NA,NA,1,0,0,0,0,0,0,NA,NA,0,0,0,0,0,0,0,0,NA,NA
U16812,NA,NA,NA,NA,0,1,0,0,0,0,0,NA,NA,0,0,0,0,0,0,0,0,NA,NA
U16814,NA,NA,NA,NA,1,1,0,0,0,0,0,NA,NA,0,0,0,0,0,0,0,0,NA,NA
U17138,NA,NA,NA,NA,1,2,0,0,0,0,1,NA,NA,0,0,0,0,0,0,0,0,NA,NA
U17131,NA,NA,NA,NA,2,1,0,0,0,0,0,NA,NA,0,0,0,0,0,0,0,0,NA,NA
U17133,NA,NA,NA,NA,0,1,0,0,0,0,0,NA,NA,0,0,0,0,0,0,0,0,NA,NA
U17610,NA,NA,NA,NA,1,0,0,0,0,0,0,NA,NA,0,0,0,0,0,0,0,0,NA,NA
U17229,NA,NA,NA,NA,0,0,0,0,0,0,0,NA,NA,0,0,0,0,0,0,0,0,NA,NA
U16880,NA,NA,NA,NA,0,0,0,0,0,0,0,NA,NA,0,0,0,0,0,0,0,0,NA,NA
U16878,NA,NA,NA,NA,0,1,0,0,0,0,0,NA,NA,0,0,0,0,0,0,0,0,NA,NA
U16748,NA,NA,NA,NA,0,2,0,0,0,0,0,NA,NA,1,1,0,0,0,0,0,0,NA,NA
U16742,NA,NA,NA,NA,0,1,0,0,0,0,0,NA,NA,0,0,0,0,0,0,0,0,NA,NA
U16620,NA,NA,NA,NA,0,0,0,0,0,0,0,NA,NA,0,0,0,0,0,0,0,0,NA,NA
U16618,NA,NA,NA,NA,1,0,0,0,0,0,0,NA,NA,0,0,0,0,0,0,0,0,NA,NA
U16619,NA,NA,NA,NA,0,0,0,0,0,0,0,NA,NA,0,0,0,0,0,0,0,0,NA,NA
U17289,NA,NA,NA,NA,1,0,0,0,0,0,0,NA,NA,0,0,0,0,0,0,0,0,NA,NA
U17286,NA,NA,NA,NA,0,0,0,0,0,0,0,NA,NA,0,0,0,0,0,0,0,0,NA,NA
U17687,NA,NA,NA,NA,0,0,0,0,0,0,0,NA,NA,0,0,0,1,0,0,0,0,ANF,NA
U17683,NA,NA,NA,NA,0,0,0,0,0,0,0,NA,NA,0,0,0,0,0,0,0,0,NA,NA
U16210,NA,NA,NA,NA,0,0,0,0,0,0,0,NA,NA,0,0,0,0,0,0,0,0,NA,NA
U17502,NA,NA,NA,NA,1,1,0,0,0,0,0,NA,NA,0,0,0,0,0,0,0,0,NA,NA
U17501,NA,NA,NA,NA,1,2,0,0,0,0,0,NA,NA,0,0,0,0,0,0,0,0,NA,NA
U17503,NA,NA,NA,NA,0,0,0,0,0,0,0,NA,NA,0,0,0,1,0,0,0,0,ANF,NA
U17260,NA,NA,NA,NA,0,0,0,0,0,0,0,NA,NA,0,0,0,0,0,0,0,0,NA,NA
U16678,NA,NA,NA,NA,0,0,0,0,0,0,0,NA,NA,0,0,0,0,0,0,0,0,NA,NA
U16415,NA,NA,NA,NA,0,0,0,0,0,0,0,NA,NA,0,0,1,0,0,0,0,0,fish,NA
U16411,NA,NA,NA,NA,0,0,0,0,0,0,0,NA,NA,0,0,0,0,0,0,0,0,NA,NA
U16419,NA,NA,NA,NA,0,0,0,0,0,0,0,NA,NA,0,0,0,0,0,0,0,0,NA,NA
U17157,NA,NA,NA,NA,0,0,0,0,0,0,0,NA,NA,0,0,0,0,0,0,0,0,NA,NA
U17159,NA,NA,NA,NA,0,0,0,0,0,0,0,NA,NA,0,0,1,0,0,0,0,0,PS:bird,NA
U17155,NA,NA,NA,NA,0,1,0,0,0,0,0,NA,NA,0,0,0,0,0,0,0,0,NA,NA
U17156,NA,NA,NA,NA,0,0,0,0,0,0,0,NA,NA,0,0,0,0,0,0,0,0,NA,NA
U17158,NA,NA,NA,NA,0,1,0,0,0,0,0,NA,NA,0,0,0,0,0,0,0,0,NA,NA
U16575,NA,NA,NA,NA,0,0,0,0,0,0,0,NA,NA,0,0,0,1,0,0,0,0,ANF,NA
U16487,NA,NA,NA,NA,0,0,0,0,0,0,0,0,0,0,0,0,0,0,0,0,0,NA,"Changed cop & chal counts from 0 to ""NA"" because they were never enumerated under motile protocol (2019-08-26 JG)"
U16488,NA,NA,NA,NA,0,0,0,0,0,0,0,0,0,0,0,0,0,0,0,0,0,NA,"Changed cop & chal counts from 0 to ""NA"" because they were never enumerated under motile protocol (2019-08-26 JG)"
U16489,NA,NA,NA,NA,0,0,0,0,0,0,0,0,0,0,0,0,0,0,0,0,0,NA,"Changed cop & chal counts from 0 to ""NA"" because they were never enumerated under motile protocol (2019-08-26 JG)"
U16482,NA,NA,NA,NA,0,0,0,0,0,0,0,0,0,0,0,0,0,0,0,0,0,NA,"Changed cop & chal counts from 0 to ""NA"" because they were never enumerated under motile protocol (2019-08-26 JG)"
U16485,NA,NA,NA,NA,0,0,0,0,0,0,0,0,0,0,0,0,0,0,0,0,0,NA,"Changed cop & chal counts from 0 to ""NA"" because they were never enumerated under motile protocol (2019-08-26 JG)"
U16481,NA,NA,NA,NA,0,0,0,0,0,0,0,0,0,0,0,0,0,0,0,0,0,NA,"Changed cop & chal counts from 0 to ""NA"" because they were never enumerated under motile protocol (2019-08-26 JG)"
U17188,NA,NA,NA,NA,0,0,0,0,0,0,0,NA,NA,0,0,0,0,0,0,0,0,NA,NA
U17186,NA,NA,NA,NA,1,0,0,0,0,0,1,NA,NA,0,0,0,0,0,0,0,0,NA,NA
U17185,NA,NA,NA,NA,0,0,0,0,0,0,0,NA,NA,0,0,0,0,0,0,0,0,NA,NA
U17181,NA,NA,NA,NA,0,0,0,0,0,0,0,NA,NA,0,0,0,0,0,0,0,0,NA,NA
U16653,NA,NA,NA,NA,0,0,0,0,0,0,0,NA,NA,0,0,0,0,0,0,0,0,NA,NA
U16657,NA,NA,NA,NA,1,0,0,0,0,0,0,NA,NA,0,0,0,0,0,0,0,0,NA,NA
U17469,NA,NA,NA,NA,0,1,0,0,0,0,0,NA,NA,0,0,0,0,0,0,0,0,NA,NA
U17454,NA,NA,NA,NA,0,0,0,0,0,0,0,NA,NA,0,0,0,0,0,0,0,0,NA,NA
U17458,NA,NA,NA,NA,0,0,0,0,0,0,0,NA,NA,0,0,0,1,0,0,0,0,vent,NA
U17459,NA,NA,NA,NA,0,0,0,0,0,0,0,NA,NA,0,0,0,0,0,0,0,0,NA,NA
U17460,NA,NA,NA,NA,0,0,0,0,0,0,0,NA,NA,0,0,0,0,0,0,0,0,hit the beach,NA
U17451,NA,NA,NA,NA,0,0,0,0,0,0,0,NA,NA,0,0,0,0,0,0,0,0,NA,NA
U17457,NA,NA,NA,NA,0,0,0,0,0,0,0,NA,NA,0,0,0,0,0,0,0,0,scaled,NA
U16037,NA,NA,NA,NA,0,0,0,0,0,0,0,NA,NA,0,0,0,0,0,0,0,0,NA,NA
U16038,NA,NA,NA,NA,0,0,0,0,0,0,0,NA,NA,0,0,0,0,0,0,0,0,NA,NA
U16034,NA,NA,NA,NA,0,0,0,0,0,0,0,NA,NA,0,0,0,0,0,0,0,0,NA,NA
U16039,NA,NA,NA,NA,0,1,0,0,0,0,0,NA,NA,0,0,0,1,0,0,0,0,mouth,NA
U16040,NA,NA,NA,NA,0,0,0,0,0,0,0,NA,NA,0,0,0,0,0,0,0,0,NA,NA
U16033,NA,NA,NA,NA,0,0,0,0,0,0,0,NA,NA,0,0,0,0,0,0,0,0,NA,NA
U17464,NA,NA,NA,NA,0,0,0,0,0,0,0,NA,NA,0,0,0,0,0,0,0,0,NA,NA
U16737,NA,NA,NA,NA,0,1,0,0,0,0,0,NA,NA,0,0,0,0,0,0,0,0,NA,NA
U17939,NA,NA,NA,NA,0,0,0,0,0,0,0,NA,NA,0,0,0,0,0,0,0,0,NA,NA
U17936,NA,NA,NA,NA,0,0,0,0,0,0,0,NA,NA,0,0,0,0,0,0,0,0,NA,NA
U17940,NA,NA,NA,NA,0,0,0,0,0,0,0,NA,NA,0,0,0,0,0,0,0,0,NA,NA
U17931,NA,NA,NA,NA,0,0,0,0,0,0,0,NA,NA,0,0,0,0,0,0,0,0,NA,NA
U16043,NA,NA,NA,NA,1,1,0,0,0,0,0,NA,NA,0,0,0,0,0,0,0,0,NA,NA
U16045,NA,NA,NA,NA,1,0,0,0,0,0,0,NA,NA,0,0,0,0,0,0,0,0,NA,NA
U16042,NA,NA,NA,NA,0,0,0,0,0,0,0,NA,NA,0,0,0,0,0,0,0,0,NA,NA
U16445,NA,NA,NA,NA,0,0,0,0,0,0,0,NA,NA,0,0,0,0,0,0,0,0,NA,NA
U16450,NA,NA,NA,NA,0,0,0,0,0,0,0,NA,NA,0,0,0,0,0,0,0,0,NA,NA
U16448,NA,NA,NA,NA,0,0,0,0,0,0,0,NA,NA,0,0,0,1,0,0,0,0,NA,NA
U16449,NA,NA,NA,NA,0,0,0,0,0,0,0,NA,NA,0,0,0,0,0,0,0,0,NA,NA
U16478,NA,NA,NA,NA,0,0,0,0,0,0,0,NA,NA,0,0,0,0,0,0,0,0,NA,NA
U16477,NA,NA,NA,NA,0,0,0,0,0,0,0,NA,NA,0,0,0,0,0,0,0,0,NA,NA
U17309,NA,NA,NA,NA,0,1,0,0,0,0,0,NA,NA,0,0,0,0,0,0,0,0,NA,NA
U17307,NA,NA,NA,NA,0,0,0,0,0,0,0,NA,NA,0,0,0,0,0,0,0,0,NA,NA
U17480,NA,NA,NA,NA,1,0,0,0,0,0,0,NA,NA,0,0,0,0,0,0,0,0,NA,NA
U17472,NA,NA,NA,NA,0,0,0,0,0,0,0,NA,NA,0,0,0,0,0,0,0,0,NA,NA
U17479,NA,NA,NA,NA,0,0,0,0,0,0,0,NA,NA,0,0,0,0,0,0,0,0,NA,NA
U17478,NA,NA,NA,NA,0,0,0,0,0,0,0,NA,NA,0,0,0,0,0,0,0,0,NA,NA
U17476,NA,NA,NA,NA,0,0,0,0,0,0,0,NA,NA,0,0,0,0,0,0,0,0,NA,NA
U17209,NA,NA,NA,NA,0,0,0,0,0,0,0,NA,NA,0,0,0,0,0,0,0,0,NA,NA
U17207,NA,NA,NA,NA,1,0,0,0,0,0,0,NA,NA,0,0,0,0,0,0,0,0,NA,NA
U17206,NA,NA,NA,NA,0,1,0,0,0,0,0,NA,NA,0,0,0,0,0,0,0,0,NA,NA
U17491,NA,NA,NA,NA,0,0,0,0,0,0,0,NA,NA,0,0,0,0,0,0,0,0,NA,NA
U17494,NA,NA,NA,NA,0,0,0,0,0,0,0,NA,NA,0,0,0,1,0,0,0,0,H:vent,NA
U16225,NA,NA,NA,NA,0,0,0,0,0,0,0,NA,NA,0,0,0,0,0,0,0,0,NA,NA
U16224,NA,NA,NA,NA,0,0,0,0,0,0,0,NA,NA,0,0,0,0,0,0,0,0,NA,NA
U16222,NA,NA,NA,NA,0,0,0,0,0,0,0,NA,NA,0,0,0,0,0,0,0,0,NA,NA
U16474,NA,NA,NA,NA,0,0,0,0,0,0,0,NA,NA,0,0,0,0,0,0,0,0,NA,NA
U16471,NA,NA,NA,NA,0,0,0,0,0,0,0,NA,NA,0,0,0,0,0,0,0,0,NA,NA
U16472,NA,NA,NA,NA,0,0,0,0,0,0,0,NA,NA,0,0,0,0,0,0,0,0,NA,NA
U16751,2,0,5,0,2,0,0,0,0,0,0,0,0,0,0,0,0,0,0,0,0,NA,NA
U16752,3,0,3,3,0,0,0,0,0,0,0,0,0,0,0,0,0,0,0,0,0,1 ChalB floating on scale in bag,NA
U16756,2,0,3,1,0,0,0,0,0,0,0,0,0,0,0,1,0,0,0,0,0,Bird,NA
U16754,1,0,4,0,0,0,0,0,0,0,0,0,0,0,0,0,0,0,0,0,0,NA,NA
U16755,5,0,6,6,0,0,0,0,0,0,0,0,0,3,0,0,1,0,0,0,0,LJ,NA
U16757,3,0,9,4,0,0,0,0,0,0,0,0,0,0,0,0,0,0,0,0,0,NA,NA
U16758,0,0,2,0,0,0,0,0,0,0,0,0,0,1,0,0,0,0,0,0,0,NA,NA
U16702,0,0,0,0,0,0,0,0,0,0,0,0,0,0,0,0,0,0,0,0,0,NA,NA
U16705,0,0,3,3,1,0,0,0,0,0,0,0,0,0,0,0,1,0,0,0,0,PVF,NA
U16704,4,0,10,5,2,0,0,0,0,0,0,0,0,0,0,0,2,0,0,0,0,Lesion FL,NA
U16706,2,0,0,1,1,0,0,0,0,0,0,0,0,0,0,0,0,0,0,0,0,NA,NA
U16897,0,0,0,0,1,0,0,0,0,0,0,0,0,0,0,0,0,0,0,0,0,NA,NA
U16891,1,0,1,0,0,0,0,0,0,0,0,0,0,0,0,0,0,0,0,0,0,NA,NA
U16892,0,0,0,0,0,0,0,0,0,0,0,0,0,0,0,0,0,0,0,0,0,NA,NA
U16899,0,0,0,0,1,0,0,0,0,0,0,0,0,0,0,0,0,0,0,0,0,NA,NA
U16900,5,0,5,5,0,0,0,0,0,0,0,0,0,4,0,0,0,0,0,0,0,NA,NA
U16896,5,0,3,1,0,0,0,0,0,0,0,0,0,0,0,0,0,0,0,0,0,NA,NA
U16894,5,0,1,13,0,0,0,0,0,0,0,0,0,3,0,0,0,0,0,0,0,NA,NA
U16895,1,0,5,1,0,0,0,0,0,0,0,0,0,1,0,0,0,0,0,0,0,NA,NA
U16898,0,0,2,2,0,0,0,0,0,0,0,0,0,0,0,0,0,0,0,0,0,NA,NA
U16707,0,0,0,0,1,0,0,0,0,0,0,0,0,0,0,0,1,0,0,0,0,PVF,NA
U16708,0,0,2,0,0,0,0,0,0,0,0,0,0,0,0,0,0,0,0,0,0,NA,NA
U16709,0,0,2,1,0,0,0,0,0,0,0,0,0,0,0,0,0,0,0,0,0,NA,NA
U16710,2,0,1,0,0,0,0,0,0,0,0,0,0,0,0,0,0,0,0,0,0,NA,NA
U17351,0,0,4,3,2,0,0,0,0,0,0,0,0,0,0,0,0,0,0,0,0,lesions both sides,NA
U17352,0,0,0,0,0,0,0,0,0,0,0,0,0,0,0,0,0,0,0,0,0,NA,NA
U17353,0,0,0,0,0,0,0,0,0,0,0,0,0,0,0,0,0,0,0,0,0,NA,NA
U17354,0,0,0,2,0,0,0,0,0,0,0,0,0,0,0,0,0,0,0,0,0,NA,NA
U17355,1,0,1,1,0,0,0,0,0,0,0,0,0,0,0,0,0,0,0,0,0,NA,NA
U17356,0,0,1,3,0,0,0,0,0,0,0,0,0,0,0,0,0,0,0,0,0,NA,NA
U17357,0,0,0,1,0,0,0,0,0,0,0,0,0,0,0,0,0,0,0,0,0,NA,NA
U17358,0,0,0,1,0,0,0,0,0,0,0,0,0,0,0,0,0,0,0,0,0,NA,NA
U17359,0,0,0,0,0,0,0,0,0,0,0,0,0,0,0,0,0,0,0,0,0,NA,NA
U17360,0,0,1,2,0,0,0,0,0,0,0,0,0,0,0,0,0,0,0,0,0,NA,NA
U16954,1,0,7,0,0,0,0,0,0,0,0,0,0,1,0,0,0,0,0,0,0,NA,NA
U16953,2,0,3,2,1,0,0,0,0,0,0,0,0,1,0,0,0,0,0,0,0,NA,NA
U16952,1,0,6,1,0,0,0,0,0,0,0,0,0,0,0,0,0,0,0,0,0,NA,NA
U16951,10,0,7,2,0,0,0,0,0,0,0,0,0,3,0,0,0,0,0,0,0,Chal A floating on scale in bag,NA
U16955,1,0,2,0,0,0,0,0,0,0,0,0,0,1,0,0,0,0,0,0,0,NA,NA
U17429,0,0,0,2,1,0,0,0,0,0,0,0,0,0,0,0,0,0,0,0,0,NA,NA
U17425,0,0,3,1,0,0,0,0,0,0,0,0,0,0,0,1,0,0,0,0,0,PS:fish,NA
U17422,1,0,0,0,0,0,0,0,0,0,0,0,0,0,0,0,0,0,0,0,0,NA,NA
U17423,0,0,1,2,1,0,0,0,0,0,0,0,0,0,0,0,0,0,0,0,0,CM fell out of bag,NA
U17426,0,0,0,1,0,0,0,0,0,0,0,0,0,0,0,0,0,0,0,0,0,NA,NA
U17421,0,0,0,0,1,0,0,0,0,0,0,0,0,0,0,0,0,0,0,0,0,NA,NA
U17430,0,0,0,1,1,0,0,0,0,0,0,0,0,0,0,0,0,0,0,0,0,NA,NA
U17424,1,0,2,2,0,0,0,0,0,0,0,0,0,0,0,0,0,0,0,0,0,NA,NA
U17427,0,0,2,0,0,0,0,0,0,0,0,0,0,0,0,0,0,0,0,0,0,NA,NA
U17428,0,0,0,2,0,0,0,0,0,0,0,0,0,0,0,0,1,0,0,0,0,H:vent,NA
U17233,0,0,2,4,0,0,0,0,0,0,0,0,0,2,0,0,0,0,0,0,0,NA,NA
U17941,8,0,9,1,1,0,0,0,0,0,0,0,0,2,0,0,0,0,0,0,0,Cal cope in bag,NA
U17942,0,0,3,0,0,0,0,0,0,0,0,0,0,0,0,0,0,0,0,0,0,NA,NA
U17943,7,0,3,0,1,0,0,0,0,0,0,0,0,1,0,0,0,0,0,0,0,NA,NA
U17944,8,0,15,1,0,0,0,0,0,0,0,0,0,0,0,0,0,0,0,0,0,Cal cope in bag,NA
U16881,2,0,14,2,1,0,0,0,0,0,0,0,0,2,0,0,0,0,0,0,0,NA,NA
U16882,1,0,2,3,0,0,0,0,0,0,0,0,0,0,0,0,0,0,0,0,0,NA,NA
U16883,1,0,2,1,0,0,0,0,0,0,0,0,0,0,0,0,0,0,0,0,0,NA,NA
U16884,1,0,2,1,0,0,0,0,0,0,0,0,0,0,0,0,0,0,0,0,0,NA,NA
U16885,0,0,3,2,2,0,0,0,0,0,0,0,0,0,0,0,0,0,0,0,0,NA,NA
U16889,2,0,1,1,0,0,0,0,0,0,0,0,0,0,0,0,0,0,0,0,0,NA,NA
U16886,2,0,1,1,0,0,0,0,0,0,0,0,0,0,0,0,0,0,0,0,0,NA,NA
U16887,1,0,2,3,0,0,0,0,0,0,0,0,0,0,0,0,0,0,0,0,0,NA,NA
U16888,2,0,4,2,0,0,0,0,0,0,0,0,0,0,0,0,0,0,0,0,0,NA,NA
U16890,0,0,6,0,1,0,0,0,0,0,0,0,0,0,0,0,0,0,0,0,0,NA,NA
U16512,0,0,2,2,0,0,0,0,0,0,0,0,0,0,0,0,0,0,0,0,0,NA,NA
U17235,0,0,1,0,0,0,0,0,0,0,0,0,0,0,0,0,0,0,0,0,0,NA,NA
U17237,0,0,0,0,0,0,0,0,0,0,0,0,0,0,0,0,0,0,0,0,0,NA,NA
U17238,0,0,0,0,0,0,0,0,0,0,0,0,0,0,0,0,0,0,0,0,0,NA,NA
U17234,1,0,1,0,0,0,0,0,0,0,0,0,0,1,0,0,0,0,0,0,0,NA,NA
U17232,1,0,0,0,0,0,0,0,0,0,0,0,0,0,0,0,0,0,0,0,0,NA,NA
U17240,0,0,1,3,0,0,0,0,0,0,0,0,0,0,0,0,0,0,0,0,0,NA,NA
U17239,1,0,0,1,0,0,0,0,0,0,0,0,0,0,0,0,0,0,0,0,0,NA,NA
U17236,0,0,0,0,0,0,0,0,0,0,0,0,0,0,0,0,0,0,0,0,0,NA,NA
U16516,0,0,5,0,0,0,0,0,0,0,0,0,0,0,0,0,1,0,0,0,0,Eye,NA
U16517,1,0,8,4,0,0,0,0,0,0,0,0,0,0,0,0,0,0,0,0,0,NA,NA
U16518,2,0,1,0,0,0,0,0,0,0,0,0,0,0,0,0,0,0,0,0,0,NA,NA
U16806,1,0,0,1,0,0,0,0,0,0,0,0,0,0,0,0,0,0,0,0,0,NA,NA
U16810,0,0,0,1,0,0,0,0,0,0,0,0,0,0,0,0,0,0,0,0,0,NA,NA
U16808,2,0,2,2,0,0,0,0,0,0,0,0,0,0,0,0,0,0,0,0,0,NA,NA
U16809,0,0,6,7,1,0,0,0,0,0,0,0,0,1,0,0,0,0,1,0,0,NA,NA
U16803,1,0,5,1,1,0,0,0,0,0,0,0,0,0,0,0,0,0,0,0,0,NA,NA
U16805,0,0,2,4,0,0,0,0,0,0,0,0,0,1,0,1,0,0,0,0,0,fish,NA
U16801,0,0,2,0,0,0,0,0,0,0,0,0,0,0,0,0,0,0,0,0,0,NA,NA
U16807,0,0,5,0,0,0,0,0,0,0,0,0,0,1,0,0,0,0,0,0,0,CP,NA
U17891,4,0,4,0,0,0,0,0,0,0,0,0,0,0,0,0,0,0,0,0,0,1 cal cope floating in bag,NA
U17291,0,0,3,0,0,0,0,0,0,0,0,0,0,0,0,0,0,0,0,0,0,NA,NA
U17041,1,0,0,0,1,0,0,0,0,0,0,0,0,0,0,0,0,0,0,0,0,NA,NA
U17072,5,0,0,0,0,0,0,0,1,0,0,0,0,0,0,0,0,0,0,0,0,NA,NA
U17071,5,0,2,3,0,0,0,0,0,0,0,0,0,0,0,0,0,0,0,0,0,NA,NA
U16581,1,0,3,1,0,0,0,0,0,0,0,0,0,1,0,0,5,0,0,0,0,"2 H lesions on FL, 3 H DS lesions",NA
U16585,0,0,1,0,0,0,0,0,0,0,0,0,0,0,0,0,0,0,0,0,0,NA,NA
U16584,0,0,1,3,0,0,0,0,0,0,0,0,0,0,0,0,0,0,0,0,0,"Lesion on DS, 1 chal A on scale in bag (counted)",NA
U16583,6,0,6,0,2,0,0,0,0,0,0,0,0,0,0,0,0,0,0,0,0,NA,NA
U16582,0,0,2,1,0,0,0,0,0,0,0,0,0,0,0,0,0,0,0,0,0,NA,NA
U16901,5,1,12,5,0,0,0,0,0,0,0,0,0,0,0,2,1,0,0,0,0,"Lesion(VS, FL), Bird, Fish, CP, one chalb on scale in the bag (accounted for), LC also in bag.",NA
U17871,3,0,3,0,0,0,0,0,0,0,0,0,0,0,0,0,0,0,0,0,0,NA,NA
U17661,2,0,5,0,0,0,0,0,0,0,0,0,0,0,0,0,0,0,0,0,0,NA,NA
U17122,NA,NA,NA,NA,0,1,0,0,0,0,0,NA,NA,0,0,0,0,0,0,0,0,NA,NA
U17124,NA,NA,NA,NA,1,0,0,0,0,0,0,NA,NA,0,0,0,0,0,0,0,0,NA,NA
U16911,NA,NA,NA,NA,0,0,0,0,0,0,0,NA,NA,0,0,0,0,0,0,0,0,NA,NA
U16912,NA,NA,NA,NA,2,0,0,0,0,0,0,NA,NA,0,0,0,0,0,0,0,0,NA,NA
U16913,NA,NA,NA,NA,0,0,0,0,0,0,0,NA,NA,0,0,0,0,0,0,0,0,NA,NA
U16915,NA,NA,NA,NA,0,0,0,0,0,0,0,NA,NA,0,0,0,0,0,0,0,0,NA,NA
U16916,NA,NA,NA,NA,0,0,0,0,0,0,0,NA,NA,0,0,0,0,0,0,0,0,NA,NA
U16917,NA,NA,NA,NA,0,0,0,0,0,0,0,NA,NA,0,0,0,0,0,0,0,0,NA,NA
U16918,NA,NA,NA,NA,1,0,0,0,0,0,0,NA,NA,2,0,0,2,0,0,0,0,CS,NA
U16919,NA,NA,NA,NA,1,0,0,0,0,0,0,NA,NA,0,0,0,0,0,0,0,0,NA,NA
U16920,NA,NA,NA,NA,0,1,0,0,0,0,0,NA,NA,1,0,0,0,0,0,0,0,NA,NA
U17441,NA,NA,NA,NA,1,0,0,0,0,0,0,NA,NA,0,0,0,0,0,0,0,0,NA,NA
U17443,NA,NA,NA,NA,0,0,0,0,0,0,0,NA,NA,0,0,0,0,0,0,0,0,NA,NA
U17444,NA,NA,NA,NA,0,0,0,0,0,0,0,NA,NA,0,0,0,0,0,0,0,0,NA,NA
U17446,NA,NA,NA,NA,0,0,0,0,0,0,0,NA,NA,0,0,0,0,0,0,0,0,NA,NA
U17447,NA,NA,NA,NA,1,0,0,0,0,0,0,NA,NA,0,0,0,0,0,0,0,0,NA,NA
U17121,NA,NA,NA,NA,0,0,0,0,0,0,0,NA,NA,0,0,1,0,0,0,0,0,PS left flank,NA
U17126,NA,NA,NA,NA,0,0,0,0,0,0,0,NA,NA,0,0,0,0,0,0,0,0,NA,NA
U16832,NA,NA,NA,NA,0,0,0,0,0,0,0,NA,NA,0,0,0,0,0,0,0,0,NA,NA
U16835,NA,NA,NA,NA,0,0,0,0,0,0,0,NA,NA,0,0,0,0,0,0,0,0,NA,NA
U16837,NA,NA,NA,NA,1,0,0,0,0,0,0,NA,NA,0,0,0,0,0,0,0,0,NA,NA
U16838,NA,NA,NA,NA,0,0,0,0,0,0,0,NA,NA,0,0,0,0,0,0,0,0,NA,NA
U16836,NA,NA,NA,NA,0,0,0,0,0,0,0,NA,NA,0,0,0,0,0,0,0,0,NA,NA
U16839,NA,NA,NA,NA,1,0,0,0,0,0,0,NA,NA,0,0,0,0,0,0,0,0,NA,NA
U16840,NA,NA,NA,NA,0,0,0,0,0,0,0,NA,NA,0,0,0,0,0,0,0,0,NA,NA
U16833,NA,NA,NA,NA,0,0,0,0,0,0,0,NA,NA,0,0,0,0,0,0,0,0,NA,NA
U16834,NA,NA,NA,NA,0,0,0,0,0,0,1,NA,NA,0,0,0,0,0,0,0,0,NA,NA
U16831,NA,NA,NA,NA,0,0,0,0,0,0,0,NA,NA,0,0,0,0,0,0,0,0,NA,NA
U16948,NA,NA,NA,NA,0,0,0,0,0,0,0,NA,NA,0,0,0,0,0,0,0,0,NA,NA
U16942,NA,NA,NA,NA,0,1,0,0,0,0,0,NA,NA,0,0,0,0,0,0,0,0,NA,NA
U16950,NA,NA,NA,NA,1,0,0,0,0,0,0,NA,NA,0,0,0,0,0,0,0,0,NA,NA
U16944,NA,NA,NA,NA,1,0,0,0,0,0,0,NA,NA,2,0,0,0,0,0,0,0,NA,NA
U16945,NA,NA,NA,NA,1,0,0,0,0,0,0,NA,NA,0,0,0,0,0,0,0,0,Lesion CP/VS,NA
U16947,NA,NA,NA,NA,0,0,0,0,0,0,0,NA,NA,0,0,0,0,0,0,0,0,NA,NA
U16946,NA,NA,NA,NA,0,0,0,0,0,0,0,NA,NA,0,0,0,0,0,0,0,0,NA,NA
U16949,NA,NA,NA,NA,1,0,0,0,0,0,0,NA,NA,0,0,0,0,0,0,0,0,NA,NA
U16943,NA,NA,NA,NA,0,0,0,0,0,0,0,NA,NA,0,0,0,0,0,0,0,0,NA,NA
U16941,NA,NA,NA,NA,0,1,0,0,0,0,0,NA,NA,0,0,0,0,0,0,0,0,NA,NA
U17448,NA,NA,NA,NA,0,0,0,0,0,0,0,NA,NA,0,0,0,0,0,0,0,0,NA,NA
U17450,NA,NA,NA,NA,0,0,0,0,0,0,0,NA,NA,0,0,0,0,0,0,0,0,NA,NA
U16821,NA,NA,NA,NA,1,0,0,0,0,0,0,NA,NA,0,0,0,0,0,0,0,0,NA,NA
U16822,NA,NA,NA,NA,0,0,0,0,0,0,0,NA,NA,0,0,0,0,0,0,0,0,NA,NA
U16823,NA,NA,NA,NA,0,0,0,0,0,0,0,NA,NA,1,0,0,0,0,0,0,0,NA,NA
U16824,NA,NA,NA,NA,0,1,0,0,0,0,0,NA,NA,0,0,0,0,0,0,0,0,NA,NA
U16825,NA,NA,NA,NA,0,0,0,0,0,0,0,NA,NA,0,0,0,1,0,0,0,0,ANF,NA
U16827,NA,NA,NA,NA,0,0,0,0,0,0,0,NA,NA,0,0,0,0,0,0,0,0,NA,NA
U16828,NA,NA,NA,NA,0,0,0,0,0,0,0,NA,NA,4,0,0,2,0,0,0,0,"ANF, CS",NA
U16829,NA,NA,NA,NA,0,0,0,0,0,0,0,NA,NA,0,0,0,0,0,0,0,0,NA,NA
U16830,NA,NA,NA,NA,0,0,0,0,0,0,0,NA,NA,0,0,0,1,0,0,0,0,LJ,NA
U17051,NA,NA,NA,NA,0,0,0,0,0,0,0,NA,NA,0,0,0,0,0,0,0,0,NA,NA
U17052,NA,NA,NA,NA,0,0,0,0,0,0,0,NA,NA,0,0,0,0,0,0,0,0,NA,NA
U17053,NA,NA,NA,NA,0,0,0,0,0,0,0,NA,NA,0,0,0,0,0,0,0,0,NA,NA
U17055,NA,NA,NA,NA,0,0,0,0,0,0,0,NA,NA,0,0,0,0,0,0,0,0,NA,NA
U17056,NA,NA,NA,NA,0,0,0,0,0,0,0,NA,NA,0,0,0,0,0,0,0,0,NA,NA
U17057,NA,NA,NA,NA,0,0,0,0,0,0,0,NA,NA,0,0,0,0,0,0,0,0,NA,NA
U17736,NA,NA,NA,NA,0,0,0,0,0,0,0,NA,NA,1,0,0,0,0,0,0,0,NA,NA
U17740,NA,NA,NA,NA,0,0,0,0,0,0,0,NA,NA,0,0,0,0,0,0,0,0,Lesion Flank,NA
U17733,NA,NA,NA,NA,0,1,0,0,0,0,0,NA,NA,0,0,0,0,0,0,0,0,NA,NA
U17731,NA,NA,NA,NA,1,0,0,0,0,0,0,NA,NA,0,0,0,0,0,0,0,0,NA,NA
U17739,NA,NA,NA,NA,1,0,0,0,0,0,0,NA,NA,0,0,0,0,0,0,0,0,NA,NA
U17732,NA,NA,NA,NA,0,1,0,0,0,0,0,NA,NA,0,0,0,0,0,0,0,0,NA,NA
U17738,NA,NA,NA,NA,0,0,0,0,0,0,0,NA,NA,0,0,0,0,0,0,0,0,NA,NA
U16647,NA,NA,NA,NA,0,0,0,0,0,0,0,NA,NA,0,0,0,0,0,0,0,0,NA,NA
U16646,NA,NA,NA,NA,0,0,0,0,0,0,0,NA,NA,0,0,0,1,0,0,0,0,ANF,NA
U16643,NA,NA,NA,NA,0,1,0,0,0,0,0,NA,NA,0,0,0,0,0,0,0,0,NA,NA
U16641,NA,NA,NA,NA,2,1,0,0,0,0,0,NA,NA,0,0,0,0,0,0,0,0,NA,NA
U16648,NA,NA,NA,NA,0,0,0,0,0,0,0,NA,NA,0,0,0,0,0,0,0,0,NA,NA
U16645,NA,NA,NA,NA,0,0,0,0,0,0,0,NA,NA,0,0,0,0,0,0,0,0,NA,NA
U16644,NA,NA,NA,NA,0,0,0,0,0,0,0,NA,NA,0,0,0,3,0,0,0,0,"ANF, VENT, OPERC",NA
U16649,NA,NA,NA,NA,0,0,0,0,0,0,0,NA,NA,1,0,0,1,0,0,0,0,ANF,NA
U16650,NA,NA,NA,NA,0,0,0,0,0,0,0,NA,NA,0,0,0,0,0,0,0,0,NA,NA
U17089,NA,NA,NA,NA,0,0,0,0,0,0,0,NA,NA,0,0,0,0,0,0,0,0,NA,NA
U17090,NA,NA,NA,NA,0,0,0,0,0,0,0,NA,NA,0,0,0,0,0,0,0,0,NA,NA
U17088,NA,NA,NA,NA,1,0,0,0,0,0,0,NA,NA,0,0,0,0,0,0,0,0,NA,NA
U17087,NA,NA,NA,NA,0,0,0,0,0,0,0,NA,NA,0,0,0,0,0,0,0,0,NA,NA
U17086,NA,NA,NA,NA,0,0,0,0,0,0,0,NA,NA,0,0,1,0,0,0,0,0,fish scar,NA
U17085,NA,NA,NA,NA,0,0,0,0,0,0,0,NA,NA,0,0,0,0,0,0,0,0,NA,NA
U17084,NA,NA,NA,NA,0,0,0,0,0,0,0,NA,NA,0,0,0,0,0,0,0,0,NA,NA
U17081,NA,NA,NA,NA,0,0,0,0,0,0,0,NA,NA,0,0,0,0,0,0,0,0,NA,NA
U17082,NA,NA,NA,NA,0,0,0,0,0,0,0,NA,NA,0,0,0,0,0,0,0,0,NA,NA
U17083,NA,NA,NA,NA,0,0,0,0,0,0,0,NA,NA,0,0,0,0,0,0,0,0,NA,NA
U17348,NA,NA,NA,NA,0,0,0,0,0,0,0,NA,NA,0,0,0,0,0,0,0,0,NA,NA
U17347,NA,NA,NA,NA,0,1,0,0,0,0,0,NA,NA,0,0,0,0,0,0,0,0,NA,NA
U17349,NA,NA,NA,NA,0,1,0,0,0,0,0,NA,NA,0,0,0,0,0,0,0,0,NA,NA
U17343,NA,NA,NA,NA,1,0,0,0,0,0,0,NA,NA,0,0,0,0,0,0,0,0,NA,NA
U17342,NA,NA,NA,NA,0,1,0,0,0,0,0,NA,NA,0,0,0,0,0,0,0,0,NA,NA
U17345,NA,NA,NA,NA,0,0,0,0,0,0,0,NA,NA,0,0,0,0,0,0,0,0,NA,NA
U17059,NA,NA,NA,NA,0,0,0,0,0,0,0,NA,NA,0,0,0,0,0,0,0,0,NA,NA
U17060,NA,NA,NA,NA,0,0,0,0,0,0,0,NA,NA,0,0,0,0,0,0,0,0,NA,NA
U17141,NA,NA,NA,NA,0,0,0,0,0,0,0,NA,NA,0,0,0,0,0,0,0,0,Significant scale loss/abrasion on both sides. In dewar 10:12,NA
U17142,NA,NA,NA,NA,0,0,0,0,0,0,0,NA,NA,0,0,0,0,0,0,0,0,In dewar 10:24,NA
U17143,NA,NA,NA,NA,0,0,0,0,0,0,0,NA,NA,0,0,0,0,0,0,0,0,In dewar 10:24,NA
U17144,NA,NA,NA,NA,0,1,0,0,0,0,0,NA,NA,0,0,0,0,0,0,0,0,In dewar 10:24,NA
U17145,NA,NA,NA,NA,0,0,0,0,0,0,0,NA,NA,0,0,0,0,0,0,0,0,NA,NA
U17146,NA,NA,NA,NA,0,0,0,0,0,0,0,NA,NA,0,0,0,0,0,0,0,0,NA,NA
U17147,NA,NA,NA,NA,0,0,0,0,0,0,0,NA,NA,0,0,0,0,0,0,0,0,NA,NA
U17148,NA,NA,NA,NA,0,0,1,0,0,0,0,NA,NA,0,0,0,0,0,0,0,0,NA,NA
U17149,NA,NA,NA,NA,0,0,0,0,0,0,0,NA,NA,0,0,0,0,0,0,0,0,NA,NA
U17150,NA,NA,NA,NA,0,0,0,0,0,0,0,NA,NA,0,0,0,0,0,0,0,0,NA,NA
U17321,NA,NA,NA,NA,0,0,0,0,0,0,0,NA,NA,0,0,0,0,0,0,0,0,NA,NA
U17322,NA,NA,NA,NA,0,0,0,0,0,0,0,NA,NA,0,0,0,0,0,0,0,0,NA,NA
U17323,NA,NA,NA,NA,0,0,0,0,0,0,0,NA,NA,0,0,0,0,0,0,0,0,NA,NA
U17324,NA,NA,NA,NA,0,0,0,0,0,0,0,NA,NA,0,0,0,0,0,0,0,0,NA,NA
U17325,NA,NA,NA,NA,0,0,0,0,0,0,0,NA,NA,0,0,0,0,0,0,0,0,NA,NA
U17346,NA,NA,NA,NA,0,0,0,0,0,0,0,NA,NA,0,0,0,0,0,0,0,0,NA,NA
U17344,NA,NA,NA,NA,0,0,0,0,0,0,0,NA,NA,0,0,0,0,0,0,0,0,fell on saras super clean rain pants,NA
U17218,NA,NA,NA,NA,0,0,0,0,0,0,0,NA,NA,0,0,0,0,0,0,0,0,NA,NA
U17215,NA,NA,NA,NA,0,0,0,0,0,0,0,NA,NA,0,0,0,0,0,0,0,0,NA,NA
U17219,NA,NA,NA,NA,0,0,0,0,0,0,0,NA,NA,0,0,0,0,0,0,0,0,NA,NA
U17220,NA,NA,NA,NA,0,0,0,0,0,0,0,NA,NA,0,0,0,0,0,0,0,0,NA,NA
U17211,NA,NA,NA,NA,0,0,0,0,0,0,0,NA,NA,0,0,0,0,0,0,0,0,NA,NA
U17217,NA,NA,NA,NA,0,0,0,0,0,0,0,NA,NA,0,0,0,0,0,0,0,0,NA,NA
U17213,NA,NA,NA,NA,0,0,0,0,0,0,0,NA,NA,0,0,0,0,0,0,0,0,NA,NA
U17212,NA,NA,NA,NA,0,0,0,0,0,0,0,NA,NA,0,0,0,0,0,0,0,0,NA,NA
U17216,NA,NA,NA,NA,0,0,0,0,0,0,0,NA,NA,0,0,0,0,0,0,0,0,NA,NA
U17214,NA,NA,NA,NA,0,0,0,0,0,0,0,NA,NA,0,0,0,0,0,0,0,0,NA,NA
U17170,NA,NA,NA,NA,0,1,0,0,0,0,0,NA,NA,0,0,0,0,0,0,0,0,NA,NA
U17165,NA,NA,NA,NA,1,0,0,0,0,0,0,NA,NA,0,0,0,0,0,0,0,0,NA,NA
U17166,NA,NA,NA,NA,2,0,0,0,0,0,0,NA,NA,0,0,0,0,0,0,0,0,NA,NA
U17167,NA,NA,NA,NA,2,0,0,0,0,0,0,NA,NA,0,0,0,0,0,0,0,0,isotopod,NA
U17169,NA,NA,NA,NA,1,0,0,0,0,0,0,NA,NA,0,0,0,0,0,0,0,0,isotopod,NA
U17168,NA,NA,NA,NA,0,1,0,0,0,0,0,NA,NA,0,0,0,0,0,0,0,0,NA,NA
U17164,NA,NA,NA,NA,1,0,0,0,0,0,0,NA,NA,0,0,0,0,0,0,0,0,isotopod - flabellifera,NA
U17326,NA,NA,NA,NA,1,1,0,0,0,0,0,NA,NA,0,0,0,0,0,0,0,0,NA,NA
U17327,NA,NA,NA,NA,0,0,0,0,0,0,0,NA,NA,0,0,0,0,0,0,0,0,NA,NA
U17328,NA,NA,NA,NA,0,0,0,0,0,0,0,NA,NA,0,0,0,0,0,0,0,0,NA,NA
U17329,NA,NA,NA,NA,0,0,0,0,0,0,0,NA,NA,0,0,0,0,0,0,0,0,NA,NA
U17021,NA,NA,NA,NA,0,0,0,0,0,0,0,NA,NA,0,0,0,0,0,0,0,0,NA,NA
U17023,NA,NA,NA,NA,0,0,0,0,0,0,0,NA,NA,0,0,0,0,0,0,0,0,NA,NA
U17024,NA,NA,NA,NA,0,0,0,0,0,0,0,NA,NA,0,0,0,0,0,0,0,0,NA,NA
U17026,NA,NA,NA,NA,0,0,0,0,0,0,0,NA,NA,0,0,0,0,0,0,0,0,NA,NA
U17025,NA,NA,NA,NA,1,0,0,0,0,0,0,NA,NA,0,0,0,0,0,0,0,0,NA,NA
U17028,NA,NA,NA,NA,0,1,0,0,0,0,0,NA,NA,0,0,0,0,0,0,0,0,NA,NA
U17029,NA,NA,NA,NA,0,0,0,0,0,0,0,NA,NA,0,0,0,0,0,0,0,0,hit the bench,NA
U17163,NA,NA,NA,NA,0,0,0,0,0,0,0,NA,NA,0,0,0,0,0,0,0,0,NA,NA
U17162,NA,NA,NA,NA,0,0,0,0,0,0,0,NA,NA,0,0,0,0,0,0,0,0,NA,NA
U16264,NA,NA,NA,NA,0,0,0,0,0,0,0,NA,NA,0,0,0,0,0,0,0,0,NA,NA
U16265,NA,NA,NA,NA,0,0,0,0,0,0,0,NA,NA,0,0,0,0,0,0,0,0,NA,NA
U16266,NA,NA,NA,NA,0,0,0,0,0,0,0,NA,NA,0,0,0,0,0,0,0,0,NA,NA
U17382,NA,NA,NA,NA,0,0,0,0,0,0,0,NA,NA,0,0,0,0,0,0,0,0,NA,NA
U17381,NA,NA,NA,NA,1,1,0,0,0,0,0,NA,NA,0,0,0,0,0,0,0,0,NA,NA
U17383,NA,NA,NA,NA,0,0,0,0,0,0,0,NA,NA,0,0,0,0,0,0,0,0,NA,NA
U17384,NA,NA,NA,NA,0,0,0,0,0,0,0,NA,NA,0,0,0,0,0,0,0,0,NA,NA
U17385,NA,NA,NA,NA,0,0,0,0,0,0,0,NA,NA,0,0,0,0,0,0,0,0,NA,NA
U17386,NA,NA,NA,NA,0,0,0,0,0,0,0,NA,NA,0,0,0,0,0,0,0,0,NA,NA
U17388,NA,NA,NA,NA,0,0,0,0,0,0,0,NA,NA,0,0,0,1,0,0,0,0,anf,NA
U17389,NA,NA,NA,NA,0,1,0,0,0,0,0,NA,NA,0,0,0,0,0,0,0,0,NA,NA
U17387,NA,NA,NA,NA,0,0,0,0,0,0,0,NA,NA,0,0,0,0,0,0,0,0,NA,NA
U17715,NA,NA,NA,NA,0,0,0,0,0,0,0,NA,NA,0,0,0,0,0,0,0,0,NA,NA
U17717,NA,NA,NA,NA,0,1,0,0,0,0,0,NA,NA,0,0,0,0,0,0,0,0,NA,NA
U17719,NA,NA,NA,NA,0,0,0,0,0,0,0,NA,NA,0,0,0,0,0,0,0,0,NA,NA
U17713,NA,NA,NA,NA,1,0,0,0,0,0,0,NA,NA,1,0,0,0,0,0,0,0,NA,NA
U17720,NA,NA,NA,NA,0,0,0,0,0,0,0,NA,NA,1,0,0,0,0,0,0,0,NA,NA
U17716,NA,NA,NA,NA,0,0,0,0,0,0,0,NA,NA,0,0,0,0,0,0,0,0,NA,NA
U17718,NA,NA,NA,NA,0,0,0,0,0,0,0,NA,NA,0,0,0,0,0,0,0,0,NA,NA
U17712,NA,NA,NA,NA,1,0,0,0,0,0,0,NA,NA,1,0,0,0,0,0,0,0,NA,NA
U17971,NA,NA,NA,NA,1,0,0,0,0,0,0,NA,NA,0,0,0,0,0,0,0,0,NA,NA
U17972,NA,NA,NA,NA,0,0,0,0,0,0,0,NA,NA,0,0,0,0,0,0,0,0,NA,NA
U17973,NA,NA,NA,NA,4,0,0,0,0,0,0,NA,NA,3,0,0,0,0,0,0,0,Lots of attached lice,NA
U17974,NA,NA,NA,NA,0,0,0,0,0,0,0,NA,NA,0,0,0,1,0,0,0,0,LJ,NA
U17975,NA,NA,NA,NA,3,0,0,0,0,0,0,NA,NA,0,0,0,0,0,0,0,0,NA,NA
U17976,NA,NA,NA,NA,1,1,0,0,0,0,0,NA,NA,0,0,0,0,0,0,0,0,NA,NA
U17977,NA,NA,NA,NA,2,1,0,0,0,0,0,NA,NA,0,0,1,1,0,0,0,0,"Bird, ANF",NA
U17978,NA,NA,NA,NA,0,0,0,0,0,0,0,NA,NA,0,0,0,0,0,0,0,0,NA,NA
U17979,NA,NA,NA,NA,2,0,0,0,0,0,0,NA,NA,0,0,0,0,0,0,0,0,NA,NA
U17980,NA,NA,NA,NA,0,0,0,0,0,0,0,NA,NA,1,1,0,0,0,0,0,0,NA,NA
U17561,NA,NA,NA,NA,0,0,0,0,0,0,0,NA,NA,0,0,0,0,0,0,0,0,NA,NA
U17562,NA,NA,NA,NA,0,0,0,0,0,0,0,NA,NA,0,0,0,0,0,0,0,0,NA,NA
U17563,NA,NA,NA,NA,1,1,0,0,0,0,0,NA,NA,0,0,0,0,0,0,0,0,Split CDF,NA
U17564,NA,NA,NA,NA,0,0,0,0,0,0,0,NA,NA,0,0,0,0,0,0,0,0,NA,NA
U17565,NA,NA,NA,NA,0,0,0,0,0,0,0,NA,NA,0,0,0,0,0,0,0,0,NA,NA
U17566,NA,NA,NA,NA,0,1,0,0,0,0,0,NA,NA,0,0,0,0,0,0,0,0,NA,NA
U17567,NA,NA,NA,NA,0,0,0,0,0,0,0,NA,NA,0,0,0,0,0,0,0,0,NA,NA
U17569,NA,NA,NA,NA,2,1,0,0,0,0,0,NA,NA,0,0,0,0,0,0,0,0,NA,NA
U17714,NA,NA,NA,NA,0,0,0,0,0,0,0,NA,NA,0,0,1,0,0,0,0,0,Fish?,NA
U17570,NA,NA,NA,NA,1,0,0,0,0,0,0,NA,NA,0,0,0,0,0,0,0,0,NA,NA
U17631,NA,NA,NA,NA,1,0,0,0,0,0,0,NA,NA,0,0,0,0,0,0,0,0,NA,NA
U17632,NA,NA,NA,NA,0,0,0,0,0,0,0,NA,NA,0,0,0,0,0,0,0,0,Lesion FL,NA
U17633,NA,NA,NA,NA,3,3,0,0,0,0,0,NA,NA,0,0,0,0,0,0,0,0,NA,NA
U17634,NA,NA,NA,NA,0,3,0,0,0,0,0,NA,NA,0,0,0,0,0,0,0,0,NA,NA
U17635,NA,NA,NA,NA,0,1,0,0,0,0,0,NA,NA,0,0,0,0,0,0,0,0,NA,NA
U17636,NA,NA,NA,NA,1,0,0,0,0,0,0,NA,NA,1,0,0,0,0,0,0,0,NA,NA
U17637,NA,NA,NA,NA,1,1,0,0,0,0,0,NA,NA,0,0,1,0,0,0,0,0,fish,NA
U17638,NA,NA,NA,NA,1,0,0,0,0,0,0,NA,NA,1,0,1,1,0,0,0,0,"bird, Vent, Lesion on head",NA
U17639,NA,NA,NA,NA,0,0,0,0,0,0,0,NA,NA,0,0,0,0,0,0,0,0,NA,NA
U17640,NA,NA,NA,NA,0,0,0,0,0,0,0,NA,NA,0,0,0,0,0,0,0,0,NA,NA
U17317,NA,NA,NA,NA,0,0,0,0,0,0,0,NA,NA,0,0,0,0,0,0,0,0,NA,NA
U17315,NA,NA,NA,NA,0,0,0,0,0,0,0,NA,NA,0,0,0,0,0,0,0,0,NA,NA
U17316,NA,NA,NA,NA,0,0,0,0,0,0,0,NA,NA,0,0,0,0,0,0,0,0,NA,NA
U17318,NA,NA,NA,NA,0,0,0,0,0,0,0,NA,NA,0,0,0,0,0,0,0,0,NA,NA
U17311,NA,NA,NA,NA,0,0,0,0,0,0,0,NA,NA,0,0,0,0,0,0,0,0,completely scaled,NA
U17312,NA,NA,NA,NA,0,0,0,0,0,0,0,NA,NA,0,0,0,0,0,0,0,0,NA,NA
U17313,NA,NA,NA,NA,0,0,0,0,0,0,0,NA,NA,0,0,0,0,0,0,0,0,NA,NA
U17320,NA,NA,NA,NA,0,0,0,0,0,0,0,NA,NA,0,0,0,0,0,0,0,0,NA,NA
U17314,NA,NA,NA,NA,0,0,0,0,0,0,0,NA,NA,0,0,0,0,0,0,0,0,NA,NA
U16602,NA,NA,NA,NA,0,0,0,0,0,0,0,NA,NA,0,0,0,0,0,0,0,0,NA,NA
U16608,NA,NA,NA,NA,0,0,0,0,0,0,0,NA,NA,0,0,0,0,0,0,0,0,NA,NA
U16605,NA,NA,NA,NA,0,0,0,0,0,0,0,NA,NA,0,0,0,0,0,0,0,0,NA,NA
U16604,NA,NA,NA,NA,0,0,0,0,0,0,0,NA,NA,0,0,0,0,0,0,0,0,NA,NA
U16606,NA,NA,NA,NA,0,0,0,0,0,0,0,NA,NA,0,0,0,0,0,0,0,0,NA,NA
U16603,NA,NA,NA,NA,0,0,0,0,0,0,0,NA,NA,0,0,0,1,0,0,0,0,eye,NA
U16609,NA,NA,NA,NA,1,0,0,0,0,0,0,NA,NA,0,0,0,0,0,0,0,0,NA,NA
U16607,NA,NA,NA,NA,0,0,0,0,0,0,0,NA,NA,0,0,0,0,0,0,0,0,NA,NA
U16981,NA,NA,NA,NA,0,2,0,0,0,0,0,NA,NA,0,0,0,0,0,0,0,0,NA,NA
U16982,NA,NA,NA,NA,0,0,0,0,0,0,0,NA,NA,0,0,0,1,0,0,0,0,CP (wound / lesion),NA
U16984,NA,NA,NA,NA,0,2,0,0,0,0,0,NA,NA,0,0,1,0,0,0,0,0,fish,NA
U16989,NA,NA,NA,NA,0,0,0,0,0,0,0,NA,NA,0,0,0,1,0,0,0,0,ANF,NA
U16987,NA,NA,NA,NA,0,0,0,0,0,0,0,NA,NA,0,0,0,0,0,0,0,0,NA,NA
U16986,NA,NA,NA,NA,0,0,0,0,0,0,0,NA,NA,0,0,0,0,0,0,0,0,NA,NA
U16990,NA,NA,NA,NA,1,0,0,0,0,0,0,NA,NA,0,0,0,0,0,0,0,0,NA,NA
U16988,NA,NA,NA,NA,0,1,0,0,0,0,0,NA,NA,0,0,1,1,0,0,0,0,"bird, ANF",NA
U16529,NA,NA,NA,NA,0,0,0,0,0,0,0,NA,NA,0,0,0,0,0,0,0,0,NA,NA
U16525,NA,NA,NA,NA,0,0,0,0,0,0,0,NA,NA,0,0,0,0,0,0,0,0,NA,NA
U16528,NA,NA,NA,NA,0,0,0,0,0,0,0,NA,NA,1,0,0,0,0,0,0,0,Grazed chal scar,NA
U16527,NA,NA,NA,NA,0,0,0,0,0,0,0,NA,NA,0,0,0,0,0,0,0,0,NA,NA
U16526,NA,NA,NA,NA,0,1,0,0,0,0,0,NA,NA,0,0,1,0,0,0,0,0,bird,NA
U16523,NA,NA,NA,NA,0,0,0,0,0,0,0,NA,NA,0,0,0,0,0,0,0,0,NA,NA
U16522,NA,NA,NA,NA,0,0,0,0,0,0,0,NA,NA,0,0,0,0,0,0,0,0,NA,NA
U16524,NA,NA,NA,NA,0,0,0,0,0,0,0,NA,NA,0,0,0,0,0,0,0,0,NA,NA
U16530,NA,NA,NA,NA,0,0,0,0,0,0,0,NA,NA,0,0,0,0,0,0,0,0,NA,NA
U16521,NA,NA,NA,NA,1,0,0,0,0,0,0,NA,NA,1,0,0,0,0,0,0,0,Grazed chal scar,NA
U17391,NA,NA,NA,NA,0,0,0,0,0,0,0,NA,NA,0,0,0,0,0,0,0,0,NA,NA
U17011,NA,NA,NA,NA,0,1,0,0,0,0,0,NA,NA,0,0,0,0,0,0,0,0,NA,NA
U16811,NA,NA,NA,NA,0,0,0,0,0,0,0,NA,NA,0,0,0,0,0,0,0,0,NA,NA
U16815,NA,NA,NA,NA,0,0,0,0,0,0,0,NA,NA,0,0,0,1,0,0,0,0,Anal fin,NA
U16816,NA,NA,NA,NA,0,0,0,0,0,0,0,NA,NA,0,0,0,1,0,0,0,0,Pelvic fin,NA
U16819,NA,NA,NA,NA,0,1,0,0,0,0,0,NA,NA,0,0,0,0,0,0,0,0,NA,NA
U16813,NA,NA,NA,NA,0,0,0,0,0,0,0,NA,NA,0,0,0,0,0,0,0,0,NA,NA
U16817,NA,NA,NA,NA,0,0,0,0,0,0,0,NA,NA,0,0,0,1,0,0,0,0,Lower jaw,NA
U17135,NA,NA,NA,NA,2,1,0,0,0,0,0,NA,NA,0,0,0,0,0,0,0,0,NA,NA
U17136,NA,NA,NA,NA,0,0,0,0,0,0,0,NA,NA,0,0,0,0,0,0,0,0,NA,NA
U17139,NA,NA,NA,NA,0,1,0,0,0,0,0,NA,NA,0,0,0,0,0,0,0,0,NA,NA
U17140,NA,NA,NA,NA,0,0,0,0,0,0,0,NA,NA,0,0,0,0,0,0,0,0,NA,NA
U17137,NA,NA,NA,NA,0,0,0,0,0,0,0,NA,NA,0,0,0,0,0,0,0,0,NA,NA
U17134,NA,NA,NA,NA,0,0,0,0,0,0,0,NA,NA,0,0,0,0,0,0,0,0,NA,NA
U17132,NA,NA,NA,NA,0,1,0,0,0,0,0,NA,NA,0,0,0,0,0,0,0,0,NA,NA
U17227,NA,NA,NA,NA,2,0,0,0,0,0,0,NA,NA,0,0,0,0,0,0,0,0,NA,NA
U17222,NA,NA,NA,NA,0,1,0,0,0,0,0,NA,NA,0,0,0,0,0,0,0,0,NA,NA
U17221,NA,NA,NA,NA,2,0,0,0,0,0,0,NA,NA,0,0,0,0,0,0,0,0,NA,NA
U17223,NA,NA,NA,NA,0,0,0,0,0,0,0,NA,NA,0,3,0,0,0,0,0,0,NA,NA
U17224,NA,NA,NA,NA,0,3,0,0,0,0,0,NA,NA,0,0,0,0,0,0,0,0,NA,NA
U17230,NA,NA,NA,NA,0,0,0,0,0,0,0,NA,NA,0,0,0,0,0,0,0,0,NA,NA
U17225,NA,NA,NA,NA,1,0,0,0,0,0,1,NA,NA,0,0,0,0,0,0,0,0,NA,NA
U17226,NA,NA,NA,NA,1,0,0,0,0,0,0,NA,NA,0,0,0,0,0,0,0,0,NA,NA
U17228,NA,NA,NA,NA,0,1,0,0,0,0,0,NA,NA,0,0,0,0,0,0,0,0,NA,NA
U17608,NA,NA,NA,NA,0,0,0,0,0,0,0,NA,NA,0,0,0,0,0,0,0,0,NA,NA
U17604,NA,NA,NA,NA,1,0,0,0,0,0,0,NA,NA,0,0,0,0,0,0,0,0,NA,NA
U17609,NA,NA,NA,NA,0,0,0,0,0,0,0,NA,NA,0,0,0,0,0,0,0,0,NA,NA
U17605,NA,NA,NA,NA,2,0,0,0,0,0,0,NA,NA,0,0,1,1,0,0,0,0,PS Bird is H as well,NA
U17603,NA,NA,NA,NA,0,1,0,0,0,0,0,NA,NA,0,0,0,0,0,0,0,0,NA,NA
U17606,NA,NA,NA,NA,0,1,0,0,0,0,0,NA,NA,0,0,0,0,0,0,0,0,NA,NA
U16876,NA,NA,NA,NA,0,0,0,0,0,0,0,NA,NA,0,0,0,2,0,0,0,0,"PVF, ANF",NA
U16877,NA,NA,NA,NA,0,0,0,0,0,0,0,NA,NA,0,0,0,1,0,0,0,0,PVF,NA
U16879,NA,NA,NA,NA,0,1,0,0,0,0,0,NA,NA,0,0,0,0,0,0,0,0,NA,NA
U16875,NA,NA,NA,NA,0,1,0,0,0,0,0,NA,NA,0,0,0,0,0,0,0,0,NA,NA
U16874,NA,NA,NA,NA,0,0,0,0,0,0,0,NA,NA,0,0,0,0,0,0,0,0,NA,NA
U16872,NA,NA,NA,NA,0,0,0,0,0,0,0,NA,NA,0,0,0,0,0,0,0,0,NA,NA
U16873,NA,NA,NA,NA,0,0,0,0,0,0,0,NA,NA,0,0,0,0,0,0,0,0,NA,NA
U16871,NA,NA,NA,NA,0,0,0,0,0,0,0,NA,NA,0,0,0,0,0,0,0,0,NA,NA
U17560,NA,NA,NA,NA,0,1,0,0,0,0,0,NA,NA,0,0,0,0,0,0,0,0,NA,NA
U17552,NA,NA,NA,NA,1,1,0,0,0,0,0,NA,NA,0,0,0,0,0,0,0,0,Lesion FL,NA
U17551,NA,NA,NA,NA,0,1,0,0,0,0,0,NA,NA,0,0,0,0,0,0,0,0,NA,NA
U17553,NA,NA,NA,NA,0,0,0,0,0,0,0,NA,NA,0,0,0,0,0,0,0,0,NA,NA
U17556,NA,NA,NA,NA,0,0,0,0,0,0,0,NA,NA,0,0,0,0,0,0,0,0,NA,NA
U17554,NA,NA,NA,NA,2,1,0,0,0,0,0,NA,NA,0,0,0,0,0,0,0,0,Lesion FL,NA
U17601,NA,NA,NA,NA,0,1,0,0,0,0,0,NA,NA,0,0,0,0,0,0,0,0,NA,NA
U17607,NA,NA,NA,NA,1,1,0,0,0,0,0,NA,NA,0,0,0,0,0,0,0,0,NA,NA
U17602,NA,NA,NA,NA,0,0,0,0,0,0,0,NA,NA,0,0,0,0,0,0,0,0,NA,NA
U16750,NA,NA,NA,NA,0,0,0,0,0,0,0,NA,NA,0,0,0,0,0,0,0,0,NA,NA
U16745,NA,NA,NA,NA,2,0,0,0,0,0,0,NA,NA,0,0,0,0,0,0,0,0,split CDF,NA
U16741,NA,NA,NA,NA,0,1,0,0,0,0,1,NA,NA,0,0,0,0,0,0,0,0,NA,NA
U16744,NA,NA,NA,NA,0,0,0,0,0,0,0,NA,NA,0,0,0,0,0,0,0,0,NA,NA
U16743,NA,NA,NA,NA,0,0,0,0,0,0,0,NA,NA,0,0,1,0,0,0,0,0,fish,NA
U16747,NA,NA,NA,NA,1,0,0,0,0,0,0,NA,NA,0,0,0,1,0,0,0,0,lesion above vent,NA
U16749,NA,NA,NA,NA,2,1,0,0,1,1,0,NA,NA,1,1,0,0,0,0,1,0,NA,NA
U16746,NA,NA,NA,NA,0,1,0,0,0,0,0,NA,NA,0,0,0,0,0,0,0,0,NA,NA
U16615,NA,NA,NA,NA,1,1,0,0,0,0,0,NA,NA,0,0,0,0,0,0,0,0,NA,NA
U16614,NA,NA,NA,NA,0,1,0,0,0,0,0,NA,NA,0,0,0,0,0,0,0,0,NA,NA
U16613,NA,NA,NA,NA,2,1,0,0,0,0,0,NA,NA,0,0,0,0,0,0,0,0,NA,NA
U16616,NA,NA,NA,NA,1,0,0,0,0,0,0,NA,NA,0,0,0,0,0,0,0,0,NA,NA
U16612,NA,NA,NA,NA,1,0,0,0,0,1,0,NA,NA,0,0,0,0,0,0,0,0,NA,NA
U16617,NA,NA,NA,NA,2,0,0,0,0,0,0,NA,NA,0,0,0,0,0,0,0,0,NA,NA
U16611,NA,NA,NA,NA,0,0,0,0,0,0,0,NA,NA,0,0,0,0,0,0,0,0,NA,NA
U17558,NA,NA,NA,NA,2,0,0,0,0,0,0,NA,NA,0,0,0,0,0,0,0,0,NA,NA
U17557,NA,NA,NA,NA,1,0,0,0,0,0,0,NA,NA,0,0,0,0,0,0,0,0,NA,NA
U17555,NA,NA,NA,NA,0,1,0,0,0,0,0,NA,NA,0,0,1,0,0,0,0,0,bird,NA
U17559,NA,NA,NA,NA,0,0,0,0,0,0,0,NA,NA,0,0,0,1,0,0,0,0,"ANF, Lesion VS,",NA
U17288,NA,NA,NA,NA,0,1,0,0,0,0,0,NA,NA,0,0,0,0,0,0,0,0,NA,NA
U17285,NA,NA,NA,NA,0,0,0,0,0,0,0,NA,NA,0,0,0,0,0,0,0,0,Fish fell out of bag onto tote,NA
U17281,NA,NA,NA,NA,0,1,0,0,0,0,0,NA,NA,0,0,0,0,0,0,0,0,NA,NA
U17287,NA,NA,NA,NA,1,2,0,0,0,0,0,NA,NA,0,0,0,0,0,0,0,0,NA,NA
U17283,NA,NA,NA,NA,0,0,0,0,0,0,0,NA,NA,0,0,0,0,0,0,0,0,NA,NA
U17290,NA,NA,NA,NA,0,1,0,0,0,0,0,NA,NA,0,0,0,0,0,0,0,0,NA,NA
U17282,NA,NA,NA,NA,0,0,0,0,0,0,0,NA,NA,0,0,0,0,0,0,0,0,NA,NA
U17284,NA,NA,NA,NA,0,0,0,0,0,0,0,NA,NA,0,0,0,0,0,0,0,0,NA,NA
U17682,NA,NA,NA,NA,0,0,0,0,0,0,0,NA,NA,0,0,0,0,0,0,0,0,NA,NA
U17686,NA,NA,NA,NA,0,0,0,0,0,0,0,NA,NA,0,0,0,0,0,0,0,0,NA,NA
U17685,NA,NA,NA,NA,0,2,0,0,0,0,0,NA,NA,1,0,0,0,0,0,0,0,NA,NA
U17688,NA,NA,NA,NA,0,1,0,0,0,0,0,NA,NA,0,0,0,0,0,0,0,0,NA,NA
U17681,NA,NA,NA,NA,1,1,0,0,0,0,0,NA,NA,1,0,0,0,0,0,0,0,NA,NA
U17689,NA,NA,NA,NA,1,3,0,0,0,0,0,NA,NA,0,0,0,1,0,0,0,0,Flank,NA
U17684,NA,NA,NA,NA,0,0,0,0,0,0,0,NA,NA,0,0,0,0,0,0,0,0,NA,NA
U17690,NA,NA,NA,NA,1,0,0,0,0,0,0,NA,NA,0,0,0,0,0,0,0,0,NA,NA
U16208,NA,NA,NA,NA,0,0,0,0,0,0,0,NA,NA,0,0,0,0,0,0,0,0,NA,NA
U17504,NA,NA,NA,NA,2,0,0,0,0,0,0,NA,NA,3,0,0,0,0,0,0,0,NA,NA
U17509,NA,NA,NA,NA,1,2,0,0,0,0,0,NA,NA,0,0,0,0,0,0,0,0,NA,NA
U17507,NA,NA,NA,NA,1,1,0,0,0,0,0,NA,NA,0,0,0,1,0,0,0,0,ANF,NA
U17508,NA,NA,NA,NA,0,1,0,0,0,0,0,NA,NA,0,0,0,0,0,0,0,0,NA,NA
U17505,NA,NA,NA,NA,0,1,0,0,0,0,0,NA,NA,0,0,0,0,0,0,0,0,NA,NA
U17510,NA,NA,NA,NA,0,1,0,0,0,0,0,NA,NA,0,0,0,0,0,0,0,0,NA,NA
U17506,NA,NA,NA,NA,0,1,0,0,0,0,0,NA,NA,0,0,0,0,0,0,0,0,NA,NA
U17259,NA,NA,NA,NA,1,0,0,0,0,0,0,NA,NA,0,0,0,0,0,0,0,0,NA,NA
U17258,NA,NA,NA,NA,1,0,0,0,0,0,0,NA,NA,0,0,0,0,0,0,0,0,NA,NA
U17256,NA,NA,NA,NA,0,0,0,0,0,0,0,NA,NA,0,0,0,0,0,0,0,0,NA,NA
U17253,NA,NA,NA,NA,0,0,0,0,0,0,0,NA,NA,0,0,0,0,0,0,0,0,NA,NA
U17257,NA,NA,NA,NA,0,0,0,0,0,0,0,NA,NA,0,0,0,0,0,0,0,0,NA,NA
U17252,NA,NA,NA,NA,0,0,0,0,0,0,0,NA,NA,0,0,0,0,0,0,0,0,NA,NA
U17255,NA,NA,NA,NA,0,0,0,0,0,0,1,NA,NA,1,1,0,0,0,0,0,0,NA,NA
U17251,NA,NA,NA,NA,0,1,0,0,0,0,0,NA,NA,0,0,0,0,0,0,0,0,NA,NA
U16675,NA,NA,NA,NA,0,0,0,0,0,0,0,NA,NA,0,0,0,0,0,0,0,0,NA,NA
U16677,NA,NA,NA,NA,0,1,0,0,0,0,0,NA,NA,0,0,0,0,0,0,0,0,NA,NA
U16673,NA,NA,NA,NA,1,0,0,0,0,0,0,NA,NA,0,0,0,0,0,0,0,0,NA,NA
U16671,NA,NA,NA,NA,0,1,0,0,0,0,0,NA,NA,0,0,0,0,0,0,0,0,NA,NA
U16679,NA,NA,NA,NA,0,0,0,0,0,0,0,NA,NA,0,0,0,0,0,0,0,0,NA,NA
U16680,NA,NA,NA,NA,0,0,0,0,0,0,0,NA,NA,0,0,0,0,0,0,0,0,NA,NA
U16674,NA,NA,NA,NA,0,0,0,0,0,0,0,NA,NA,0,0,0,0,0,0,0,0,NA,NA
U16676,NA,NA,NA,NA,0,1,0,0,0,0,0,NA,NA,0,0,0,0,0,0,0,0,NA,NA
U16672,NA,NA,NA,NA,0,1,0,0,0,0,0,NA,NA,0,0,0,0,0,0,0,0,NA,NA
U17254,NA,NA,NA,NA,0,1,0,0,0,0,0,NA,NA,0,0,0,0,0,0,0,0,NA,NA
U17108,NA,NA,NA,NA,0,0,0,0,0,0,0,NA,NA,0,0,0,0,0,0,0,0,NA,NA
U16418,NA,NA,NA,NA,0,0,0,0,0,0,0,NA,NA,0,0,0,0,0,0,0,0,NA,NA
U16414,NA,NA,NA,NA,0,0,0,0,0,0,0,NA,NA,0,0,0,0,0,0,0,0,NA,NA
U16412,NA,NA,NA,NA,0,0,0,0,0,0,0,NA,NA,0,0,0,0,0,0,0,0,NA,NA
U16413,NA,NA,NA,NA,0,0,0,0,0,0,0,NA,NA,0,0,0,0,0,0,0,0,NA,NA
U16417,NA,NA,NA,NA,0,1,0,0,0,0,0,NA,NA,0,0,0,0,0,0,0,0,NA,NA
U16416,NA,NA,NA,NA,0,0,0,0,0,0,0,NA,NA,0,0,0,0,0,0,0,0,NA,NA
U16420,NA,NA,NA,NA,0,0,0,0,0,0,0,NA,NA,0,0,0,0,0,0,0,0,NA,NA
U17380,NA,NA,NA,NA,0,0,0,0,0,0,0,NA,NA,0,0,0,0,0,0,0,0,NA,NA
U17375,NA,NA,NA,NA,0,0,0,0,0,0,0,NA,NA,0,0,0,0,0,0,0,0,NA,NA
U17376,NA,NA,NA,NA,0,0,0,0,0,0,0,NA,NA,0,0,0,0,0,0,0,0,NA,NA
U17377,NA,NA,NA,NA,0,0,0,0,0,0,0,NA,NA,0,0,0,0,0,0,0,0,NA,NA
U17374,NA,NA,NA,NA,0,0,0,0,0,0,0,NA,NA,0,0,0,0,0,0,0,0,NA,NA
U17378,NA,NA,NA,NA,0,0,0,0,0,0,0,NA,NA,0,0,0,0,0,0,0,0,NA,NA
U17379,NA,NA,NA,NA,0,2,0,0,0,0,0,NA,NA,0,0,0,0,0,0,0,0,NA,NA
U17371,NA,NA,NA,NA,0,0,0,0,0,0,0,NA,NA,0,0,0,0,0,0,0,0,NA,NA
U17372,NA,NA,NA,NA,0,0,0,0,0,0,0,NA,NA,0,0,0,0,0,0,0,0,NA,NA
U17373,NA,NA,NA,NA,0,1,0,0,0,0,0,NA,NA,0,0,0,0,0,0,0,0,NA,NA
U17160,NA,NA,NA,NA,1,0,0,0,0,0,0,NA,NA,0,0,0,0,0,0,0,0,NA,NA
U17154,NA,NA,NA,NA,0,0,0,0,0,0,0,NA,NA,0,0,0,0,0,0,0,0,NA,NA
U17152,NA,NA,NA,NA,0,0,0,0,0,0,0,NA,NA,0,0,0,0,0,0,0,0,NA,NA
U17151,NA,NA,NA,NA,1,1,0,0,0,0,0,NA,NA,0,0,0,0,0,0,0,0,NA,NA
U17153,NA,NA,NA,NA,0,1,0,0,0,0,0,NA,NA,0,0,0,0,0,0,0,0,Fish hit the deck,NA
U16573,NA,NA,NA,NA,0,0,0,1,0,0,0,NA,NA,0,0,0,0,0,0,0,0,NA,NA
U16571,NA,NA,NA,NA,0,0,0,0,0,0,0,NA,NA,0,0,0,0,0,0,0,0,NA,NA
U16580,NA,NA,NA,NA,0,0,0,0,0,0,0,NA,NA,0,0,0,0,0,0,0,0,NA,NA
U16574,NA,NA,NA,NA,1,0,0,0,0,0,0,NA,NA,0,0,0,0,0,0,0,0,NA,NA
U16577,NA,NA,NA,NA,1,0,0,0,0,0,0,NA,NA,0,0,0,0,0,0,0,0,NA,NA
U16579,NA,NA,NA,NA,0,0,0,0,0,0,0,NA,NA,0,0,0,0,0,0,0,0,NA,NA
U16576,NA,NA,NA,NA,0,0,0,0,0,0,0,NA,NA,0,0,0,1,0,0,0,0,ANF,NA
U16578,NA,NA,NA,NA,0,0,0,0,0,0,0,NA,NA,0,0,0,2,0,0,0,0,"ANF, LJ",NA
U16572,NA,NA,NA,NA,0,0,0,0,0,0,0,NA,NA,0,0,0,0,0,0,0,0,NA,NA
U16490,NA,NA,NA,NA,0,0,0,0,0,0,0,0,0,0,0,0,0,0,0,0,0,NA,"Changed cop & chal counts from 0 to ""NA"" because they were never enumerated under motile protocol (2019-08-26 JG)"
U16484,NA,NA,NA,NA,0,0,0,0,0,0,0,0,0,0,0,0,0,0,0,0,0,NA,"Changed cop & chal counts from 0 to ""NA"" because they were never enumerated under motile protocol (2019-08-26 JG)"
U16483,NA,NA,NA,NA,0,0,0,0,0,0,0,0,0,0,0,0,0,0,0,0,0,NA,"Changed cop & chal counts from 0 to ""NA"" because they were never enumerated under motile protocol (2019-08-26 JG)"
U17190,NA,NA,NA,NA,0,0,0,0,0,0,0,NA,NA,0,0,0,0,0,0,0,0,cal left in bucket,NA
U17189,NA,NA,NA,NA,1,0,0,0,0,0,0,NA,NA,0,0,0,0,0,0,0,0,NA,NA
U17187,NA,NA,NA,NA,0,0,0,0,0,0,0,NA,NA,0,0,0,0,0,0,0,0,NA,NA
U17184,NA,NA,NA,NA,0,0,0,0,0,0,0,NA,NA,0,0,0,0,0,0,0,0,NA,NA
U17182,NA,NA,NA,NA,2,0,0,0,0,0,0,NA,NA,0,0,0,0,0,0,0,0,NA,NA
U17183,NA,NA,NA,NA,1,0,0,0,0,0,0,NA,NA,0,0,1,0,0,0,0,0,fish,NA
U16655,NA,NA,NA,NA,0,0,0,0,0,0,0,NA,NA,0,0,0,0,0,0,0,0,NA,NA
U16652,NA,NA,NA,NA,0,0,0,0,0,0,0,NA,NA,0,0,0,0,0,0,0,0,3 louse sized zoops in bag,NA
U16658,NA,NA,NA,NA,1,1,0,0,0,0,0,NA,NA,0,0,0,0,0,0,0,0,NA,NA
U16659,NA,NA,NA,NA,0,1,0,0,0,0,0,NA,NA,0,0,0,0,0,0,0,0,NA,NA
U16656,NA,NA,NA,NA,0,0,0,0,0,0,0,NA,NA,0,0,0,0,0,0,0,0,NA,NA
U16660,NA,NA,NA,NA,0,0,0,0,0,0,0,NA,NA,0,0,0,0,0,0,0,0,NA,NA
U16654,NA,NA,NA,NA,0,0,0,0,0,0,0,NA,NA,0,0,0,0,0,0,0,0,NA,NA
U16651,NA,NA,NA,NA,0,0,0,0,0,0,0,NA,NA,0,0,0,0,0,0,0,0,NA,NA
U17470,NA,NA,NA,NA,0,0,0,0,0,0,0,NA,NA,0,0,0,0,0,0,0,0,isotopod,NA
U17468,NA,NA,NA,NA,0,0,0,0,0,0,0,NA,NA,0,0,0,0,0,0,0,0,NA,NA
U17467,NA,NA,NA,NA,1,0,0,1,0,0,0,NA,NA,0,0,0,0,0,0,0,0,NA,NA
U17456,NA,NA,NA,NA,0,0,0,0,0,0,0,NA,NA,0,0,0,0,0,0,0,0,hit the beach,NA
U17455,NA,NA,NA,NA,0,0,0,0,0,0,0,NA,NA,0,0,0,0,0,0,0,0,NA,NA
U17452,NA,NA,NA,NA,0,0,0,0,0,0,0,NA,NA,0,0,0,0,0,0,0,0,NA,NA
U17453,NA,NA,NA,NA,1,1,0,0,0,0,0,NA,NA,0,0,0,0,0,0,0,0,NA,NA
U16031,NA,NA,NA,NA,0,0,0,0,0,0,0,NA,NA,0,0,0,0,0,0,0,0,NA,NA
U16035,NA,NA,NA,NA,0,0,0,0,0,0,0,NA,NA,0,0,0,0,0,0,0,0,NA,NA
U16032,NA,NA,NA,NA,0,0,0,0,0,0,0,NA,NA,0,0,0,0,0,0,0,0,NA,NA
U16036,NA,NA,NA,NA,0,0,0,0,0,0,0,NA,NA,0,0,0,0,0,0,0,0,NA,NA
U17466,NA,NA,NA,NA,0,1,0,0,0,0,0,NA,NA,0,0,0,0,0,0,0,0,NA,NA
U17465,NA,NA,NA,NA,0,0,0,0,0,0,0,NA,NA,0,0,0,0,0,0,0,0,NA,NA
U17463,NA,NA,NA,NA,1,1,0,0,0,0,0,NA,NA,0,0,0,0,0,0,0,0,NA,NA
U17462,NA,NA,NA,NA,0,2,0,0,0,0,0,NA,NA,0,0,0,0,0,0,0,0,NA,NA
U17461,NA,NA,NA,NA,1,1,0,0,0,0,0,NA,NA,0,0,0,0,0,0,1,0,MG,NA
U16736,NA,NA,NA,NA,0,1,0,0,0,0,0,NA,NA,0,0,0,0,0,0,0,0,NA,NA
U16738,NA,NA,NA,NA,2,0,0,0,0,0,0,NA,NA,0,0,0,0,0,0,0,0,NA,NA
U16740,NA,NA,NA,NA,2,1,0,0,0,0,0,NA,NA,0,0,0,0,0,0,0,0,NA,NA
U16735,NA,NA,NA,NA,0,0,0,1,0,0,0,NA,NA,0,0,1,0,0,0,0,0,bird,NA
U16733,NA,NA,NA,NA,0,0,0,0,0,0,0,NA,NA,0,0,1,0,0,0,0,0,bird,NA
U16734,NA,NA,NA,NA,0,1,0,0,0,0,0,NA,NA,0,0,0,0,0,0,0,0,NA,NA
U16731,NA,NA,NA,NA,0,0,0,0,0,0,0,NA,NA,0,0,0,0,0,0,0,0,NA,NA
U16739,NA,NA,NA,NA,0,1,0,0,0,0,0,NA,NA,0,0,0,0,0,0,0,0,NA,NA
U16732,NA,NA,NA,NA,1,0,0,0,0,0,0,NA,NA,0,0,0,0,0,0,0,0,NA,NA
U17932,NA,NA,NA,NA,0,0,0,0,0,0,0,NA,NA,0,0,0,0,0,0,0,0,NA,NA
U17934,NA,NA,NA,NA,0,1,0,0,0,0,0,NA,NA,0,0,0,0,0,0,0,0,NA,NA
U17935,NA,NA,NA,NA,0,2,0,1,0,0,0,NA,NA,0,0,0,1,0,0,0,0,H Lesion Flank,NA
U17937,NA,NA,NA,NA,2,0,0,0,0,0,0,NA,NA,0,0,0,1,0,0,0,0,"H Lesion VS, Multiple Lesions VS",NA
U17933,NA,NA,NA,NA,0,0,0,0,0,0,0,NA,NA,0,0,0,0,0,0,0,0,Lesion Flank x2,NA
U17938,NA,NA,NA,NA,0,0,0,0,0,0,0,NA,NA,0,0,0,0,0,0,0,0,NA,NA
U16047,NA,NA,NA,NA,0,1,0,0,0,0,0,NA,NA,0,0,0,0,0,0,0,0,NA,NA
U16049,NA,NA,NA,NA,1,0,0,0,0,0,0,NA,NA,0,0,0,0,0,0,0,0,NA,NA
U16050,NA,NA,NA,NA,0,2,0,0,0,0,0,NA,NA,0,0,0,0,0,0,0,0,NA,NA
U16044,NA,NA,NA,NA,0,0,0,0,0,0,0,NA,NA,0,0,0,0,0,0,0,0,NA,NA
U16046,NA,NA,NA,NA,1,2,0,0,0,0,0,NA,NA,0,0,0,0,0,0,0,0,NA,NA
U16048,NA,NA,NA,NA,1,0,0,0,0,0,0,NA,NA,0,0,0,0,0,0,0,0,NA,NA
U16041,NA,NA,NA,NA,0,1,0,0,0,0,0,NA,NA,0,0,0,0,0,0,0,0,NA,NA
U16442,NA,NA,NA,NA,0,0,0,0,0,0,0,NA,NA,0,0,0,0,0,0,0,0,NA,NA
U16444,NA,NA,NA,NA,0,0,0,0,0,0,0,NA,NA,0,0,0,0,0,0,0,0,NA,NA
U16443,NA,NA,NA,NA,0,0,0,0,0,0,0,NA,NA,0,0,0,1,0,0,0,0,NA,NA
U16446,NA,NA,NA,NA,0,0,0,0,0,0,0,NA,NA,0,0,0,0,0,0,0,0,NA,NA
U16447,NA,NA,NA,NA,0,0,0,0,0,0,0,NA,NA,0,0,0,0,0,0,0,0,NA,NA
U16476,NA,NA,NA,NA,0,0,0,0,0,0,0,NA,NA,0,0,0,0,0,0,0,0,NA,NA
U16475,NA,NA,NA,NA,0,0,0,0,0,0,0,NA,NA,0,0,0,0,0,0,0,0,NA,NA
U17305,NA,NA,NA,NA,0,0,0,0,0,0,0,NA,NA,0,0,0,0,0,0,0,0,NA,NA
U17308,NA,NA,NA,NA,0,0,0,0,0,0,0,NA,NA,0,0,0,0,0,0,0,0,NA,NA
U17310,NA,NA,NA,NA,0,0,0,0,0,0,0,NA,NA,0,0,0,0,0,0,0,0,NA,NA
U17302,NA,NA,NA,NA,0,0,0,0,0,0,0,NA,NA,0,0,0,0,0,0,0,0,NA,NA
U17301,NA,NA,NA,NA,0,0,0,0,0,0,0,NA,NA,0,0,0,0,0,0,0,0,NA,NA
U17303,NA,NA,NA,NA,0,0,0,0,0,0,0,NA,NA,0,0,0,0,0,0,0,0,NA,NA
U17306,NA,NA,NA,NA,1,1,0,0,0,0,0,NA,NA,0,0,0,0,1,0,0,0,NA,NA
U17304,NA,NA,NA,NA,0,0,0,0,0,0,0,NA,NA,0,0,0,0,0,0,0,0,NA,NA
U17471,NA,NA,NA,NA,0,0,0,0,0,0,0,NA,NA,0,0,0,0,0,0,0,0,NA,NA
U17475,NA,NA,NA,NA,1,0,0,0,0,0,0,NA,NA,0,0,0,0,0,0,0,0,NA,NA
U17473,NA,NA,NA,NA,0,0,0,0,0,0,0,NA,NA,0,0,0,0,0,0,0,0,NA,NA
U17474,NA,NA,NA,NA,0,0,0,0,0,0,0,NA,NA,0,0,0,0,0,0,0,0,NA,NA
U17477,NA,NA,NA,NA,0,0,0,0,0,0,0,NA,NA,0,0,0,0,0,0,0,0,NA,NA
U17208,NA,NA,NA,NA,0,0,0,0,0,0,0,NA,NA,0,0,0,0,0,0,0,0,NA,NA
U17205,NA,NA,NA,NA,1,0,0,0,0,0,0,NA,NA,0,0,0,0,0,0,0,0,NA,NA
U17202,NA,NA,NA,NA,0,0,0,0,0,0,0,NA,NA,0,0,0,0,0,0,0,0,NA,NA
U17201,NA,NA,NA,NA,1,0,0,0,0,0,0,NA,NA,0,0,0,0,0,0,0,0,NA,NA
U17203,NA,NA,NA,NA,0,0,0,0,0,0,0,NA,NA,0,0,0,0,0,0,0,0,Fell on deck,NA
U17204,NA,NA,NA,NA,1,0,0,0,0,0,0,NA,NA,0,0,0,0,0,0,0,0,NA,NA
U17210,NA,NA,NA,NA,0,3,0,0,0,0,0,NA,NA,0,0,0,0,0,0,0,0,NA,NA
U17496,NA,NA,NA,NA,0,0,0,0,0,0,0,NA,NA,0,0,0,0,0,0,0,0,NA,NA
U17495,NA,NA,NA,NA,0,0,0,0,2,0,0,NA,NA,0,0,0,0,0,0,0,0,NA,NA
U17492,NA,NA,NA,NA,0,0,0,0,0,0,0,NA,NA,0,0,0,0,0,0,0,0,NA,NA
U17493,NA,NA,NA,NA,0,0,0,0,0,0,0,NA,NA,0,0,0,0,0,0,0,0,NA,NA
U16223,NA,NA,NA,NA,0,0,0,0,0,0,0,NA,NA,0,0,0,0,0,0,0,0,NA,NA
U16221,NA,NA,NA,NA,0,0,0,0,0,0,0,NA,NA,0,0,0,0,0,0,0,0,NA,NA
U16473,NA,NA,NA,NA,0,0,0,0,0,0,0,NA,NA,0,0,0,0,0,0,0,0,NA,NA
U16421,NA,NA,NA,NA,1,0,0,0,0,0,0,NA,NA,0,0,0,0,0,0,0,0,NA,NA
U16422,NA,NA,NA,NA,1,0,0,0,0,0,0,NA,NA,0,0,0,0,0,0,0,0,NA,NA
U16914,NA,NA,NA,NA,0,0,0,0,0,0,0,NA,NA,0,0,0,0,0,0,0,0,NA,NA
U17442,NA,NA,NA,NA,0,0,0,0,0,0,0,NA,NA,0,0,0,0,0,0,0,0,NA,NA
U17445,NA,NA,NA,NA,0,0,0,0,0,0,0,NA,NA,0,0,0,0,0,0,0,0,NA,NA
U17449,NA,NA,NA,NA,0,0,0,0,0,0,1,NA,NA,0,0,0,0,0,0,0,0,NA,NA
U16826,NA,NA,NA,NA,1,0,0,0,0,0,0,NA,NA,0,0,0,0,0,0,0,0,NA,NA
U17054,NA,NA,NA,NA,0,0,0,0,0,0,0,NA,NA,0,0,0,0,0,0,0,0,NA,NA
U17734,NA,NA,NA,NA,0,0,0,0,0,0,0,NA,NA,0,0,0,0,0,0,0,0,NA,NA
U17735,NA,NA,NA,NA,0,0,0,0,0,0,0,NA,NA,0,0,0,0,0,0,0,0,NA,NA
U17737,NA,NA,NA,NA,0,1,0,0,0,0,0,NA,NA,0,0,0,0,0,0,0,0,NA,NA
U16642,NA,NA,NA,NA,0,0,0,0,0,0,0,NA,NA,0,0,0,0,0,0,0,0,NA,NA
U17350,NA,NA,NA,NA,0,0,0,0,0,0,0,NA,NA,0,0,0,0,0,0,0,0,NA,NA
U17058,NA,NA,NA,NA,0,1,0,0,0,1,0,NA,NA,0,0,0,0,0,0,0,0,NA,NA
U17161,NA,NA,NA,NA,0,0,0,0,0,0,0,NA,NA,0,0,0,0,0,0,0,0,NA,NA
U17330,NA,NA,NA,NA,0,0,0,0,0,0,0,NA,NA,0,0,0,0,0,0,0,0,NA,NA
U17022,NA,NA,NA,NA,0,0,0,0,0,0,0,NA,NA,0,0,0,0,0,0,0,0,NA,NA
U17027,NA,NA,NA,NA,0,0,0,0,0,0,0,NA,NA,0,0,0,0,0,0,0,0,lesions on both side,NA
U17030,NA,NA,NA,NA,0,0,0,0,0,0,0,NA,NA,0,0,0,0,0,0,0,0,lesion on side,NA
U16263,NA,NA,NA,NA,0,1,0,0,0,0,0,NA,NA,0,0,0,0,0,0,0,0,NA,NA
U16267,NA,NA,NA,NA,0,0,0,0,0,0,0,NA,NA,0,0,0,0,0,0,0,0,NA,NA
U17390,NA,NA,NA,NA,0,0,0,0,0,0,0,NA,NA,0,0,0,0,0,0,0,0,NA,NA
U17711,NA,NA,NA,NA,1,2,0,0,0,0,0,NA,NA,1,0,0,0,0,0,0,0,NA,NA
U17568,NA,NA,NA,NA,0,0,0,0,0,0,0,NA,NA,0,0,0,0,0,0,0,0,NA,NA
U17319,NA,NA,NA,NA,0,0,0,0,0,0,0,NA,NA,0,0,0,0,0,0,0,0,NA,NA
U16610,NA,NA,NA,NA,0,0,0,0,0,0,0,NA,NA,0,0,0,0,0,0,0,0,NA,NA
U16601,NA,NA,NA,NA,0,0,0,0,0,0,0,NA,NA,0,0,0,0,0,0,0,0,NA,NA
U16983,NA,NA,NA,NA,0,1,0,0,0,0,0,NA,NA,0,0,0,0,0,0,0,0,NA,NA
U16985,NA,NA,NA,NA,0,0,0,0,0,0,0,NA,NA,0,0,0,0,0,0,0,0,NA,NA
U16391,NA,NA,NA,NA,0,0,0,0,0,0,0,NA,NA,0,0,0,0,0,0,0,0,NA,NA
U11403,0,0,0,0,0,1,0,0,0,0,0,0,0,0,0,0,0,0,0,0,0,NA,NA
U11405,0,0,0,0,1,0,0,0,0,0,0,0,0,0,0,0,0,0,0,0,0,NA,NA
U11410,1,0,3,0,0,0,0,0,0,0,0,0,0,0,0,0,1,0,0,0,0,H-ANF,NA
U15645,0,0,1,0,0,0,0,0,0,0,0,0,0,0,0,0,0,0,0,0,0,NA,NA
U15646,0,0,1,2,0,0,0,0,0,0,0,0,0,0,0,0,0,0,0,0,0,Lesion-CP,NA
U15647,3,0,4,1,4,0,0,0,0,0,0,0,0,0,0,0,0,0,0,0,0,NA,NA
U15648,0,0,4,3,0,0,0,0,0,0,0,0,0,0,0,0,0,0,0,0,0,NA,NA
U15649,0,0,2,0,0,0,0,0,0,0,0,0,0,0,0,0,0,0,0,0,0,NA,NA
U15650,0,0,1,0,1,0,0,0,0,0,0,0,0,0,0,0,0,0,0,0,0,NA,NA
U15651,0,0,0,0,0,0,0,0,0,0,0,0,0,0,0,0,0,0,0,0,0,NA,NA
U15652,0,0,2,0,0,0,0,0,0,0,0,0,0,0,0,0,0,0,0,0,0,NA,NA
U15653,0,0,0,0,0,1,0,0,0,0,0,0,0,0,0,0,0,0,0,0,0,NA,NA
U15654,0,0,0,0,1,0,0,0,0,0,0,0,0,0,0,0,0,0,0,0,0,NA,NA
U15655,0,0,0,0,0,0,0,0,0,0,0,0,0,0,0,0,0,0,0,0,0,NA,NA
U15656,0,0,0,0,0,0,0,0,0,0,0,0,0,0,0,0,0,0,0,0,0,NA,NA
U15657,1,0,0,0,0,1,0,0,0,0,0,0,0,0,0,0,0,0,0,0,0,NA,NA
U15658,0,0,0,1,0,1,0,0,0,0,0,0,0,0,0,0,0,0,0,0,0,NA,NA
U15659,1,0,0,0,0,1,0,0,0,0,0,0,0,0,0,0,0,0,0,0,0,NA,NA
U15660,0,0,0,0,0,0,0,0,0,0,0,0,0,0,0,0,0,0,0,0,0,NA,NA
U15661,0,0,0,0,0,0,0,0,0,0,0,0,0,0,0,0,0,0,0,0,0,NA,NA
U15662,0,0,0,0,0,0,0,0,0,0,0,0,0,0,0,0,0,0,0,0,0,NA,NA
U15663,0,0,0,0,0,0,0,0,0,0,0,0,0,0,0,0,0,0,0,0,0,NA,NA
U15664,0,0,0,2,0,0,0,0,0,0,0,0,0,0,0,0,0,0,0,0,0,NA,NA
U15665,1,0,1,0,0,0,0,0,1,0,0,0,0,0,0,0,0,0,0,0,0,NA,NA
U15666,0,0,0,0,0,0,0,0,0,0,0,0,0,0,0,0,0,0,0,0,0,NA,NA
U15667,0,0,0,0,0,0,0,0,0,0,0,0,0,0,0,0,0,0,0,0,0,NA,NA
U15668,1,0,0,0,0,0,0,0,0,0,0,0,0,0,0,0,0,0,0,0,0,NA,NA
U15669,0,0,0,0,0,0,0,0,0,0,0,0,0,0,0,0,0,0,0,0,0,NA,NA
U15670,0,0,1,4,12,0,0,0,0,0,0,0,0,0,0,1,0,0,0,1,0,PS-fish,NA
U15671,0,0,1,0,1,0,0,0,0,0,0,0,0,0,0,0,0,0,0,0,0,NA,NA
U15672,0,0,3,2,0,0,0,0,0,0,0,0,0,0,0,0,0,0,0,0,0,Dorsal lesion,NA
U15673,0,0,1,0,0,0,0,0,0,0,0,0,0,0,0,0,0,0,0,0,0,NA,NA
U15674,0,0,0,2,1,0,0,0,0,0,0,0,0,0,0,0,0,0,0,0,0,NA,NA
U15675,0,0,6,0,0,0,0,0,0,0,0,0,0,0,0,0,0,0,0,0,0,NA,NA
U15676,0,0,1,0,0,0,0,0,0,0,0,0,0,0,0,0,0,0,0,0,0,NA,NA
U15677,0,0,2,4,2,0,0,0,0,0,0,0,0,0,0,0,0,0,0,0,0,NA,NA
U15678,1,0,5,2,1,0,0,0,0,0,0,0,0,0,0,0,0,0,0,0,0,NA,NA
U15679,0,0,1,3,1,0,0,0,0,0,0,0,0,0,0,0,0,0,0,0,0,NA,NA
U15680,0,0,3,1,0,0,0,0,0,0,0,0,0,1,0,0,0,0,0,0,0,NA,NA
U15681,1,0,2,0,0,0,0,0,0,0,0,0,0,1,0,0,0,0,0,0,0,NA,NA
U15682,0,0,2,0,0,0,0,0,0,0,0,0,0,0,0,2,0,0,0,0,0,PS- fish and bird,NA
U15683,3,0,7,0,0,0,0,0,0,0,0,0,0,0,0,0,0,0,0,0,0,NA,NA
U15684,0,0,1,1,0,0,0,0,0,0,0,0,0,0,0,0,0,0,0,0,0,NA,NA
U15685,0,0,1,0,0,0,0,0,0,0,0,0,0,0,0,0,1,0,0,0,0,H- eye,NA
U15686,0,0,0,0,0,0,0,0,0,0,0,0,0,0,0,0,0,0,0,0,0,NA,NA
U15687,0,0,2,0,0,0,0,0,0,0,0,0,0,0,0,0,1,0,0,0,0,"H- eye, grazed DF, unid parasite on dorsal surface",NA
U15688,0,0,5,0,0,0,0,0,0,0,0,0,0,0,0,0,1,0,0,0,0,H- eye,NA
U15689,2,0,1,0,0,0,0,0,0,0,0,0,0,0,0,0,0,0,0,0,0,NA,NA
U15690,2,0,0,2,0,2,0,0,0,0,0,0,0,0,0,0,0,0,0,0,0,NA,NA
U15691,1,0,1,0,0,0,0,0,0,0,0,0,0,1,0,0,1,0,0,0,0,"H- CS, ANF, Operc",NA
U15692,0,0,1,2,0,0,0,0,0,0,0,0,0,1,0,0,1,0,0,0,0,"H- ANF, CDF, CS; split CDF",NA
U15693,0,0,0,1,1,1,0,0,0,0,0,0,0,1,0,0,0,0,0,0,0,NA,NA
U15694,1,0,4,0,0,0,0,0,0,0,0,0,0,1,0,0,1,0,0,0,0,"H- CS, split ANF, H-ANF",NA
U15695,0,0,0,0,0,0,0,0,0,0,0,0,0,0,0,0,1,0,0,0,0,H-CP,NA
U15696,0,0,0,1,0,0,0,0,0,0,0,0,0,0,0,0,0,0,0,0,0,NA,NA
U15697,0,0,0,0,0,0,0,0,0,0,0,0,0,0,0,0,0,0,0,0,0,NA,NA
U15698,0,0,0,0,1,0,0,0,0,0,0,0,0,0,0,0,0,0,0,0,0,NA,NA
U15699,0,0,0,0,0,0,0,0,0,0,0,0,0,0,0,0,0,0,0,0,0,NA,NA
U15700,2,0,0,3,1,0,0,0,0,0,0,0,0,0,0,0,0,0,0,0,0,grazed CDF,NA
U15701,0,0,3,1,1,0,0,0,0,0,0,0,0,0,0,0,0,0,0,0,0,NA,NA
U15702,1,0,0,0,0,0,0,0,0,0,0,0,0,1,0,1,0,0,0,0,0,PS-fish,NA
U15703,0,0,2,0,0,0,0,0,0,0,0,0,0,0,0,0,0,0,0,0,0,NA,NA
U15704,0,0,0,0,0,0,0,0,0,0,0,0,0,0,0,0,1,0,0,0,0,H-operc,NA
U15705,0,0,1,2,1,0,0,0,0,0,0,0,0,0,0,0,0,0,0,0,0,NA,NA
U15706,0,0,1,0,1,0,0,0,0,0,0,0,0,0,0,0,0,0,0,0,0,NA,NA
U15707,1,0,0,0,0,0,0,0,0,0,0,0,0,0,0,0,0,0,0,0,0,NA,NA
U15708,1,0,3,2,0,0,0,0,0,0,0,0,0,0,0,0,0,0,0,0,0,split ANF,NA
U15709,3,0,1,0,0,0,0,0,0,0,0,0,0,0,0,0,1,0,0,0,0,H-CP,NA
U15710,3,0,1,0,0,0,0,0,0,0,0,0,0,0,0,0,1,0,0,0,0,H-ANF,NA
U15711,0,0,0,0,1,0,0,0,0,0,0,0,0,0,0,0,0,0,0,0,0,NA,NA
U15712,1,0,2,0,0,0,0,0,0,0,0,0,0,0,0,0,0,0,0,0,0,NA,NA
U15713,1,0,1,0,0,0,0,0,0,0,0,0,0,0,0,0,0,0,0,0,0,NA,NA
U15714,0,0,1,0,0,1,0,0,0,0,0,0,0,0,0,0,1,0,0,0,0,H-ANF,NA
U15715,1,0,1,0,0,0,0,0,0,0,0,0,0,0,0,0,0,0,0,0,0,NA,NA
U15716,0,0,1,0,0,1,0,0,0,0,0,0,0,0,0,0,1,0,0,0,0,H-ANF,NA
U15717,1,0,1,0,0,1,0,0,0,0,0,0,0,1,0,0,1,0,0,0,0,H-CS,NA
U15718,1,0,4,0,0,0,0,0,0,0,0,0,0,0,0,0,0,0,0,0,0,NA,NA
U15719,0,0,0,0,0,0,0,0,0,0,0,0,0,0,0,0,1,0,0,0,0,H-ANF; grazed DF,NA
U15720,0,0,1,0,1,0,0,0,0,0,0,0,0,0,0,0,0,0,0,0,0,NA,NA
U15721,0,0,0,0,0,0,0,0,0,0,0,0,0,0,0,0,0,0,0,0,0,NA,NA
U15722,0,0,0,0,2,1,0,0,0,0,0,0,0,0,0,0,0,0,0,0,0,NA,NA
U15723,0,0,1,0,0,0,0,0,0,0,0,0,0,0,0,0,0,0,0,0,0,NA,NA
U15724,0,0,0,0,0,1,0,0,0,0,0,0,0,0,0,0,0,0,0,0,0,Fish recovered too quickly to take length & height measurements,NA
U15725,0,0,0,0,0,0,0,0,0,0,0,0,0,0,0,0,0,0,0,0,0,NA,NA
U15726,0,0,0,0,0,0,0,0,0,0,0,0,0,0,0,0,0,0,0,0,0,NA,NA
U15727,0,0,0,0,0,0,0,0,0,0,0,0,0,0,0,0,0,0,0,0,0,NA,NA
U15728,0,0,0,0,0,0,0,0,0,0,0,0,0,0,0,0,1,0,0,0,0,H-AF,NA
U15729,0,0,0,0,0,0,0,0,0,0,0,0,0,0,0,0,0,0,0,0,0,NA,NA
U15730,0,0,0,0,1,0,0,0,0,0,0,0,0,0,0,0,0,0,0,0,0,NA,NA
U15731,1,0,0,0,0,0,0,0,0,0,0,0,0,0,0,0,0,0,0,0,0,NA,NA
U15732,0,0,2,0,0,0,0,0,0,0,0,0,0,0,0,0,0,0,0,0,0,"split CDF,",NA
U15733,0,0,2,2,0,1,0,2,0,0,0,0,0,0,0,0,1,0,0,0,0,H-eye,NA
U15734,0,0,2,2,0,0,0,0,0,0,0,0,0,0,0,0,1,1,0,0,0,"H-eye, DF, ANF",NA
U15735,1,0,4,0,2,0,0,0,0,0,0,0,0,0,0,0,1,0,0,0,0,"H-eye, Split CDF",NA
U15736,1,0,1,0,0,0,0,0,0,0,0,0,0,0,0,0,0,0,0,0,0,NA,NA
U15737,0,0,2,3,2,0,0,0,0,0,0,0,0,0,0,0,0,0,0,0,0,NA,NA
U15738,0,0,0,0,0,0,0,0,0,0,0,0,0,0,0,0,1,0,0,0,0,"OPERC, Split DF",NA
U15739,2,0,7,4,2,0,0,0,0,0,0,0,0,0,0,0,0,0,0,0,0,NA,NA
U15740,1,0,1,3,0,0,0,0,0,0,0,0,0,0,0,0,1,0,0,0,0,"Split ANF, H-eye, open face wound",NA
U15741,1,0,0,0,0,1,0,0,0,0,0,0,0,0,0,0,1,0,0,0,0,"H-PVF, ANF",NA
U15742,0,1,1,2,0,0,0,0,0,0,0,0,0,0,0,0,0,0,0,0,0,NA,NA
U15743,0,0,3,0,1,1,0,0,0,0,0,0,0,0,0,0,0,0,0,0,0,NA,NA
U15744,0,0,0,0,0,0,0,0,0,0,0,0,0,0,0,0,1,0,0,0,0,"H-ANF,",NA
U15745,2,0,1,1,0,0,0,0,0,0,0,0,0,0,0,0,0,0,0,0,0,NA,NA
U15746,0,0,1,0,0,0,0,0,0,0,0,0,0,0,0,0,0,0,0,0,0,NA,NA
U15747,0,0,0,0,0,2,0,0,0,0,0,0,0,0,0,0,0,0,0,0,0,NA,NA
U15748,0,0,1,0,0,0,0,0,0,0,0,0,0,0,0,0,1,0,0,0,0,"H-Eye, ANF",NA
U15749,0,0,2,2,2,0,0,0,0,0,0,0,0,0,0,0,0,0,0,0,0,NA,NA
U15750,0,0,0,0,0,0,0,0,0,0,0,0,0,0,0,0,1,0,0,0,0,H-ANF,NA
U15751,1,0,0,1,0,0,0,0,0,0,0,0,0,0,0,0,0,0,0,0,0,NA,NA
U15752,0,0,0,0,0,0,0,0,0,0,0,0,0,0,0,0,0,0,0,0,0,NA,NA
U15753,0,0,0,0,0,0,0,0,0,0,0,0,0,0,0,0,1,0,0,0,0,H-PCF,NA
U15754,0,0,1,0,0,0,0,0,0,0,0,0,0,0,0,0,0,0,0,0,0,NA,NA
U15755,0,0,0,0,1,0,0,0,0,0,0,0,0,0,0,0,0,0,0,0,0,NA,NA
U15756,0,0,0,0,0,0,0,0,0,0,0,0,0,0,0,0,0,0,0,0,0,NA,NA
U15757,0,0,0,0,1,0,0,0,0,0,0,0,0,0,0,0,0,0,0,0,0,NA,NA
U15758,0,0,0,0,0,2,0,0,0,0,0,0,0,0,0,0,0,0,0,0,0,NA,NA
U15759,0,0,0,0,0,1,0,0,0,0,0,0,0,0,0,0,0,0,0,0,0,NA,NA
U15760,0,0,0,0,0,0,0,0,0,0,0,0,0,0,0,0,1,0,0,0,0,H-PVF,NA
U15761,0,0,0,0,1,1,0,0,0,0,0,0,0,0,0,0,0,0,0,0,0,NA,NA
U15762,3,0,0,1,0,0,0,0,0,0,0,0,0,0,0,0,0,0,0,0,0,NA,NA
U15763,1,0,9,0,0,0,0,0,0,0,0,0,0,0,0,1,0,0,0,0,0,PS-BIRD,NA
U15764,0,0,0,0,0,0,0,0,0,0,0,0,0,0,0,0,1,0,0,0,0,"H-EYE, PCF",NA
U15765,2,0,2,2,0,1,0,0,0,0,0,0,0,0,0,0,0,0,0,0,0,NA,NA
U15766,0,0,0,0,0,0,0,0,0,0,0,0,0,0,0,0,0,0,0,0,0,NA,NA
U15767,0,0,7,2,0,0,0,0,0,0,0,0,0,0,0,0,0,0,0,0,0,NA,NA
U15768,0,0,0,0,0,0,0,0,0,0,0,0,0,0,0,0,0,0,0,0,0,NA,NA
U15769,0,0,0,0,0,1,0,0,0,0,0,0,0,0,0,0,0,0,0,0,0,NA,NA
U15770,1,0,3,0,0,0,0,0,0,0,0,0,0,0,0,0,0,0,0,0,0,NA,NA
U15771,0,0,2,0,0,0,0,0,0,0,0,0,0,0,0,0,0,0,0,0,0,NA,NA
U15772,0,0,1,0,0,0,0,0,0,0,0,0,0,0,0,0,0,0,0,0,0,NA,NA
U15773,0,0,0,0,0,0,1,0,0,0,0,0,0,0,0,0,0,0,0,0,0,H-ANF,NA
U15774,0,0,0,0,1,0,0,0,0,0,0,0,0,0,0,0,1,0,0,0,0,NA,NA
U15775,0,0,0,0,0,1,0,0,0,0,1,0,0,0,1,0,0,1,0,0,0,NA,NA
U15776,1,0,3,0,1,0,0,0,0,0,0,0,0,0,0,0,0,0,0,0,0,NA,NA
U15777,2,1,8,0,0,0,0,0,0,0,0,0,0,2,0,0,0,0,0,0,0,NA,NA
U15778,3,0,5,0,1,0,0,0,0,0,0,0,0,0,0,0,0,1,0,0,0,NA,NA
U15779,1,0,5,0,1,0,0,0,0,0,0,0,0,0,0,0,0,0,0,0,0,NA,NA
U15780,3,0,7,2,1,0,0,0,0,0,0,0,0,1,0,0,0,0,0,0,0,NA,NA
U15781,4,0,3,1,1,0,0,0,0,0,0,0,0,0,0,0,0,0,0,0,0,NA,NA
U15782,1,0,0,0,0,0,0,0,0,0,0,0,0,0,0,0,0,0,0,0,0,NA,NA
U15783,1,1,2,1,0,0,0,0,0,0,0,0,0,0,0,0,1,0,0,0,0,H-ANF,NA
U15784,2,0,2,1,0,1,0,0,0,0,0,0,0,1,0,0,1,0,0,0,0,"H-ANF, CS",NA
U15785,2,0,12,0,0,2,0,0,0,0,0,0,0,0,0,0,0,0,0,0,0,NA,NA
U15786,0,0,3,0,1,0,0,0,0,0,0,0,0,2,0,0,0,0,0,0,0,NA,NA
U15787,1,0,2,0,0,0,0,0,0,0,0,0,0,0,0,0,1,0,0,0,0,H-PVF,NA
U15788,0,0,0,0,0,0,0,0,0,0,0,0,0,0,0,1,0,0,0,0,0,PS-Fish,NA
U15789,2,0,0,0,0,0,0,0,0,0,0,0,0,0,0,0,0,0,0,0,0,NA,NA
U15790,2,0,2,0,0,1,0,0,0,0,0,0,0,0,0,0,0,0,0,0,0,NA,NA
U15791,0,0,6,0,0,0,0,0,0,0,0,0,0,0,0,0,0,0,0,0,0,NA,NA
U15792,1,0,0,0,1,1,0,0,0,0,0,0,0,0,0,0,0,0,0,0,0,NA,NA
U15793,0,0,2,1,3,2,0,0,0,0,0,0,0,0,0,0,0,0,0,0,0,NA,NA
U15794,1,0,3,0,0,2,0,0,0,0,0,0,0,0,0,0,0,0,0,0,0,NA,NA
U15795,1,0,0,0,0,0,0,0,0,0,0,0,0,0,0,0,0,0,0,0,0,NA,NA
U15796,3,0,1,0,1,0,0,0,0,0,0,0,0,0,0,0,1,0,0,0,0,H-eye,NA
U15797,0,0,1,0,0,0,0,0,0,0,0,0,0,0,0,0,0,0,0,0,0,NA,NA
U15798,0,0,2,0,1,1,0,0,0,0,0,0,0,0,0,0,0,0,0,0,0,NA,NA
U15799,0,0,6,0,1,0,0,0,0,0,0,0,0,0,0,1,0,0,0,0,0,PS-Fish,NA
U15800,1,0,1,0,0,1,0,0,0,0,0,0,0,0,0,0,1,0,0,0,0,H-ANF,NA
U15801,0,0,7,0,0,1,0,0,0,0,0,0,0,0,0,0,0,0,0,0,0,NA,NA
U15802,0,0,3,0,0,1,0,0,0,0,0,0,0,1,0,0,0,0,0,0,0,NA,NA
U15803,0,0,4,0,0,0,0,0,0,0,0,0,0,0,0,0,0,0,0,0,0,Lesion on dorsal surface,NA
U15804,0,0,5,1,0,0,0,0,0,0,0,0,0,0,0,0,0,0,0,0,0,NA,NA
U15805,1,0,0,0,0,1,0,0,0,0,0,0,0,0,0,0,0,0,0,0,0,NA,NA
U15806,0,0,0,1,0,0,0,0,0,0,0,0,0,0,0,0,0,0,0,0,0,NA,NA
U10082,0,0,1,1,1,0,0,0,0,0,0,0,0,0,0,0,0,0,0,0,0,Fish dropped,NA
U10083,4,0,2,0,0,0,0,0,0,0,0,0,0,0,0,0,0,0,0,0,0,NA,NA
U10084,0,0,0,0,1,0,0,0,0,0,0,0,0,0,0,0,0,0,0,0,0,>30.0g,NA
U10085,0,0,2,1,0,0,0,0,0,0,0,0,0,0,0,0,0,0,0,0,0,NA,NA
U10086,0,1,1,1,0,0,0,0,0,0,0,0,0,0,0,0,0,0,0,0,0,fos,NA
U10087,0,0,1,0,3,0,0,0,0,0,0,0,0,0,0,0,0,0,0,0,0,NA,NA
U10088,0,0,2,1,0,0,0,0,0,0,0,0,0,0,0,0,1,0,0,0,0,HPVF,NA
U10089,0,0,2,0,0,0,0,0,0,0,0,0,0,0,0,0,0,0,0,0,0,NA,NA
U10161,0,0,0,0,0,0,0,0,0,0,0,0,0,0,0,0,0,0,0,0,0,> 30 g,NA
U10162,0,0,2,1,1,0,0,0,0,0,0,0,0,0,0,0,0,0,0,0,0,> 30 g,NA
U10163,2,0,3,2,0,0,0,0,0,0,0,0,0,0,0,0,0,0,0,0,0,> 30 g,NA
U10164,0,0,0,0,1,0,0,0,0,0,0,0,0,0,0,0,0,0,0,0,0,> 30 g,NA
U10165,0,0,0,0,0,0,0,0,0,0,0,0,0,0,0,0,0,0,0,0,0,> 30 g,NA
U10166,0,0,1,0,0,0,0,0,0,0,0,0,0,0,0,0,0,0,0,0,0,NA,NA
U10167,0,0,1,0,1,0,0,0,0,0,0,0,0,0,0,0,0,0,0,0,0,> 30 g,NA
U10168,0,0,3,1,1,0,0,0,0,0,0,0,0,0,0,0,0,0,0,0,0,NA,NA
U10169,0,0,0,0,0,0,0,0,0,0,0,0,0,0,0,0,0,0,0,0,0,> 30 g,NA
U10170,0,0,2,0,0,0,0,0,0,0,0,0,0,0,0,0,0,0,0,0,0,NA,NA
U10241,1,0,2,0,0,0,0,0,0,0,0,0,0,0,0,0,0,0,0,0,0,Weighed using 600g scale accurate to 5g,NA
U10242,0,0,3,0,0,0,0,0,0,0,0,0,0,0,0,0,0,0,0,0,0,Weighed using 600g scale accurate to 5g,NA
U10246,0,0,0,1,0,0,0,0,0,0,0,0,0,0,0,0,0,0,0,0,0,Weighed using 600g scale accurate to 5g,NA
U10248,0,0,3,1,0,0,0,0,0,0,0,0,0,0,0,0,0,0,0,0,0,NA,NA
U10486,1,0,2,2,0,0,0,0,0,0,0,0,0,0,0,0,0,0,0,0,0,NA,NA
U10402,0,0,1,0,0,0,0,0,0,0,0,0,0,0,0,0,0,0,0,0,0,NA,NA
U10404,0,0,1,1,0,0,0,0,0,0,0,0,0,0,0,0,0,0,0,0,0,NA,NA
U10405,1,0,0,0,0,0,0,0,0,0,0,0,0,0,0,0,0,0,0,0,0,NA,NA
U10406,0,0,0,0,0,0,0,0,0,0,0,0,0,0,0,0,0,0,0,0,0,NA,NA
U10407,0,0,0,0,0,0,0,0,0,0,0,0,0,0,0,0,0,0,0,0,0,NA,NA
U10408,0,0,2,0,0,0,0,0,0,0,0,0,0,0,0,0,0,0,0,0,0,NA,NA
U10409,0,0,2,0,0,0,0,0,0,0,0,0,0,0,0,0,0,0,0,0,0,NA,NA
U10410,0,0,0,0,0,0,0,0,0,0,0,0,0,0,0,0,0,0,0,0,0,NA,NA
U10481,0,0,2,1,0,0,0,0,0,0,0,0,0,0,0,0,0,0,0,0,0,NA,NA
U10482,1,0,0,0,0,0,0,0,0,0,0,0,0,0,0,0,0,0,0,0,0,NA,NA
U10483,0,0,2,0,0,0,0,0,0,0,0,0,0,0,0,0,0,0,0,0,0,NA,NA
U10484,0,0,0,0,0,0,0,0,0,0,0,0,0,0,0,0,0,0,0,0,0,NA,NA
U10485,0,0,0,4,0,0,0,0,0,0,0,0,0,0,0,0,0,0,0,0,0,NA,NA
U10487,2,0,1,0,0,0,0,0,0,0,0,0,0,0,0,0,0,0,0,0,0,NA,NA
U10488,0,0,0,0,0,0,0,0,0,0,0,0,0,0,0,0,0,0,0,0,0,NA,NA
U10489,1,0,0,0,0,0,0,0,0,0,0,0,0,0,0,0,0,0,0,0,0,NA,NA
U10490,0,0,1,0,1,0,0,0,0,0,0,0,0,0,0,0,0,0,0,0,0,NA,NA
U12401,0,0,0,0,0,0,0,0,0,0,0,0,0,0,0,0,1,0,0,0,0,H-eye,NA
U12402,0,0,1,3,0,0,0,0,0,0,0,0,0,0,0,0,0,0,0,0,0,NA,NA
U12403,2,0,3,2,0,0,0,0,0,0,0,0,0,0,0,1,0,0,0,0,0,NA,NA
U12404,0,0,0,0,0,0,0,0,0,0,0,0,0,0,0,0,0,0,0,0,0,NA,NA
U12405,2,0,3,0,0,0,0,0,0,0,0,0,0,0,0,0,0,0,0,0,0,NA,NA
U12406,0,0,1,0,0,0,0,0,0,0,0,0,0,0,0,0,0,0,0,0,0,NA,NA
U12407,2,0,2,0,0,0,0,0,0,0,0,0,0,0,0,0,0,0,0,0,0,NA,NA
U12409,1,0,5,1,0,0,0,0,0,0,0,0,0,0,0,1,1,0,0,0,0,"H-eye, PS-bird",NA
U10566,4,0,2,0,0,0,0,0,0,0,0,0,0,0,0,0,0,0,0,0,0,NA,NA
U10567,0,0,1,0,0,0,0,0,0,0,0,0,0,0,0,0,1,0,0,0,0,H-dorsal surface lesion,NA
U10641,0,0,1,1,0,0,0,0,0,0,0,0,0,0,0,0,0,0,0,0,0,NA,NA
U10642,0,0,3,1,0,0,0,0,0,0,0,0,0,0,0,0,0,0,0,0,0,NA,NA
U10643,1,0,1,0,0,0,0,0,0,0,0,0,0,0,0,0,1,0,0,0,0,H on ventral surface,NA
U10645,0,0,3,1,0,0,0,0,0,0,0,0,0,0,0,0,0,0,0,0,0,NA,NA
U10646,0,0,0,0,2,0,0,0,0,0,0,0,0,0,0,0,0,0,0,0,0,NA,NA
U10648,1,0,0,0,0,0,0,0,0,0,0,0,0,0,0,0,0,0,0,0,0,NA,NA
U10649,0,0,0,2,0,0,0,0,0,0,0,0,0,0,0,0,0,0,0,0,0,NA,NA
U10650,0,0,0,1,0,0,0,0,0,0,0,0,0,0,0,0,0,0,0,0,0,NA,NA
U12562,3,0,0,1,0,0,0,0,0,0,0,0,0,2,0,0,0,0,0,0,0,NA,NA
U12563,3,0,2,0,0,0,0,0,0,0,0,0,0,0,0,0,0,0,0,0,0,NA,NA
U12564,0,0,3,3,0,0,0,0,0,0,0,0,0,0,0,0,0,0,0,0,0,NA,NA
U12565,1,0,1,0,0,0,0,0,0,0,0,0,0,0,0,0,1,0,0,0,0,H-eye,NA
U12566,4,0,7,5,1,0,0,0,0,0,0,0,0,0,0,0,0,0,0,0,0,NA,NA
U12567,1,0,0,3,1,0,0,0,0,0,0,0,0,0,0,0,0,0,0,0,0,NA,NA
U12568,4,0,8,4,0,0,0,0,0,0,0,0,0,1,0,0,0,0,0,0,0,NA,NA
U12569,1,0,2,6,0,0,0,0,0,0,0,0,0,1,0,0,0,0,0,0,0,NA,NA
U12570,0,0,1,1,0,0,0,0,0,0,0,0,0,0,0,0,0,0,0,0,0,NA,NA
U10961,0,0,3,0,0,0,0,0,0,0,0,0,0,0,0,0,0,0,0,0,0,NA,NA
U10962,2,0,1,1,0,0,0,0,0,0,0,0,0,0,0,0,0,0,0,0,0,NA,NA
U10963,0,0,3,1,0,0,0,0,0,0,0,0,0,0,0,0,0,0,0,0,0,NA,NA
U10964,0,0,1,5,0,0,0,0,0,0,0,0,0,0,0,0,0,0,0,0,0,NA,NA
U10965,0,0,2,0,0,0,0,0,0,0,0,0,0,0,0,0,0,0,0,0,0,NA,NA
U10966,0,0,1,0,0,0,0,0,0,0,0,0,0,0,0,0,1,0,0,0,0,Body has multiple lacerations,NA
U10967,0,0,0,0,0,0,0,0,0,0,0,0,0,0,0,0,0,0,0,0,0,NA,NA
U10968,0,0,9,4,0,0,0,0,0,0,0,0,0,0,0,0,0,0,0,0,0,Lesion aft of skull,NA
U10969,0,0,1,1,0,0,0,0,0,0,0,0,0,0,0,0,0,0,0,0,0,NA,NA
U10970,0,0,2,1,0,0,0,0,0,0,0,0,0,0,0,0,0,0,0,0,0,NA,NA
U12641,0,0,1,2,0,0,0,0,0,0,0,0,0,0,0,1,0,0,0,0,0,PS-fish,NA
U12642,3,0,2,4,1,0,0,0,0,0,0,0,0,1,0,1,0,0,0,0,0,PS-fish,NA
U12643,1,0,1,1,0,0,0,0,0,0,0,0,0,0,0,0,0,0,0,0,0,NA,NA
U12646,0,0,1,0,0,0,0,0,0,0,0,0,0,0,0,0,1,0,0,0,0,H-belly,NA
U12647,4,0,2,2,1,0,0,0,0,0,0,0,0,1,0,0,0,0,0,0,0,NA,NA
U12648,1,0,0,4,0,0,0,0,0,0,0,0,0,0,0,0,0,0,0,0,0,NA,NA
U12649,1,0,2,0,0,0,0,0,0,0,0,0,0,0,0,1,0,0,0,0,0,PS-fish,NA
U12650,2,0,2,0,0,0,0,0,0,0,0,0,0,0,0,0,1,0,0,0,0,H-eye,NA
U11041,0,0,3,0,0,0,0,0,0,0,0,0,0,0,0,0,0,0,0,0,0,NA,NA
U11042,0,0,1,0,0,0,0,0,0,0,0,0,0,0,0,0,0,0,0,0,0,NA,NA
U11043,0,0,0,0,0,0,0,0,0,0,0,0,0,0,0,0,0,0,0,0,0,NA,NA
U11044,2,0,0,1,0,0,0,0,0,0,0,0,0,0,0,0,0,0,0,0,0,NA,NA
U11046,0,0,0,1,0,0,0,0,0,0,0,0,0,0,0,0,0,0,0,0,0,NA,NA
U11047,0,0,0,0,0,0,0,0,0,0,0,0,0,0,0,0,0,0,0,0,0,NA,NA
U11048,1,0,2,0,1,0,0,0,0,0,0,0,0,0,0,0,0,0,0,0,0,NA,NA
U11049,0,0,0,0,0,0,0,0,0,0,0,0,0,0,0,0,0,0,0,0,0,NA,NA
U11050,0,0,0,3,0,0,0,0,0,0,0,0,0,0,0,0,0,0,0,0,0,NA,NA
U12721,0,0,3,0,0,0,0,0,0,0,0,0,0,0,0,0,0,0,0,0,0,NA,NA
U12722,5,0,10,1,1,0,0,0,0,0,0,0,0,1,0,0,0,0,0,0,0,NA,NA
U12723,3,0,6,2,0,0,0,0,0,0,0,0,0,0,0,1,1,0,0,0,0,"PS- bird, H- flank, grazed ANF",NA
U12724,1,0,4,2,0,0,0,0,0,0,0,0,0,0,0,0,0,0,0,0,0,NA,NA
U12725,1,0,3,0,0,0,0,0,0,0,0,0,0,0,0,0,0,0,0,0,0,NA,NA
U12726,0,0,1,1,1,0,0,0,0,0,0,0,0,0,0,0,0,0,0,0,0,NA,NA
U12727,1,0,1,1,1,0,0,0,0,0,0,0,0,0,0,0,0,0,0,0,0,NA,NA
U12728,1,0,2,3,0,0,0,0,0,0,0,0,0,0,0,0,0,0,0,0,0,NA,NA
U12729,4,0,3,1,0,0,0,0,0,0,0,0,0,0,0,0,1,0,0,0,0,H- eye,NA
U12730,0,0,5,2,0,0,0,0,0,0,0,0,0,0,0,0,1,0,0,0,0,"H- eye, grazed DF",NA
U11121,0,0,0,1,0,0,0,0,0,0,0,0,0,0,0,0,0,0,0,0,0,NA,NA
U11122,2,0,0,1,0,0,0,0,0,0,0,0,0,0,0,0,0,0,0,0,0,NA,NA
U11123,6,0,2,0,0,0,0,0,0,0,0,0,0,0,0,0,0,0,0,0,0,NA,NA
U11125,2,0,0,0,0,0,0,0,0,0,0,0,0,0,0,0,0,0,0,0,0,NA,NA
U11128,0,0,1,1,1,0,0,0,0,0,0,0,0,0,0,0,0,0,0,0,0,NA,NA
U11129,3,0,3,1,1,0,0,0,0,0,0,0,0,0,0,0,0,0,0,0,0,NA,NA
U12804,1,0,4,0,1,1,0,0,0,0,0,0,0,0,0,0,0,0,0,0,0,NA,NA
U12805,0,0,13,0,0,0,0,0,0,0,0,0,0,0,0,0,1,0,0,0,0,H-ANF,NA
U10721,1,0,1,3,0,1,0,0,0,0,0,0,0,0,0,0,0,0,0,0,0,NA,NA
U10722,0,0,3,1,0,0,0,0,0,0,0,0,0,0,0,0,0,0,0,0,0,NA,NA
U10723,2,0,4,0,0,0,0,0,0,0,0,0,0,0,0,0,0,0,0,0,0,NA,NA
U10724,0,0,2,0,0,0,0,0,0,0,0,0,0,0,0,0,0,0,0,0,0,NA,NA
U10725,2,0,0,1,1,0,0,0,0,0,0,0,0,0,0,0,0,0,0,0,0,NA,NA
U10726,0,0,0,0,0,0,0,0,0,0,0,0,0,0,0,0,0,0,0,0,0,NA,NA
U10727,0,0,3,0,0,0,0,0,0,0,0,0,0,0,0,0,0,0,0,0,0,NA,NA
U10728,0,0,1,0,0,0,0,0,0,0,0,0,0,0,0,0,0,0,0,0,0,NA,NA
U10729,0,0,1,0,0,1,0,0,0,0,0,0,0,0,0,0,0,0,0,0,0,NA,NA
U10730,0,0,3,2,0,0,0,0,0,1,0,0,0,0,0,0,0,0,0,0,0,NA,NA
U10791,0,0,4,0,0,0,0,0,0,0,0,0,0,0,0,0,0,0,0,0,0,NA,NA
U10792,0,0,3,0,0,0,0,0,0,0,0,0,0,0,0,1,1,0,0,0,0,"H-flank, PS-fish",NA
U10793,0,0,0,1,0,0,0,0,0,0,0,0,0,0,0,0,0,0,0,0,0,NA,NA
U10794,0,0,0,1,0,0,0,0,0,0,0,0,0,0,0,0,0,0,0,0,0,NA,NA
U10795,0,0,0,1,0,0,0,0,0,0,0,0,0,0,0,0,0,0,0,0,0,NA,NA
U10796,0,0,1,0,0,0,0,0,0,0,0,0,0,0,0,0,0,0,0,0,0,NA,NA
U10797,1,0,0,2,0,0,0,0,0,0,0,0,0,0,0,0,0,0,0,0,0,NA,NA
U12961,0,0,4,0,0,0,0,0,0,0,0,0,0,0,0,0,0,0,0,0,0,NA,NA
U12962,1,0,1,0,0,0,0,0,0,0,0,0,0,2,0,0,1,0,0,0,0,H-EYE,NA
U12963,0,0,1,2,0,0,0,0,0,0,0,0,0,0,0,0,1,0,0,0,0,"H-EYE, OPERC, Lesion on flank,",NA
U12964,0,0,5,1,0,0,0,0,0,0,0,0,0,0,0,0,0,0,0,0,0,NA,NA
U12965,0,0,2,0,1,0,0,0,0,0,0,0,0,0,0,0,1,0,0,0,0,H-PCF,NA
U12966,2,0,0,0,0,0,0,0,0,0,0,0,0,0,0,0,0,0,0,0,0,NA,NA
U12967,0,0,9,2,0,0,0,0,0,0,0,0,0,1,0,0,0,0,0,0,0,NA,NA
U12968,0,0,4,3,0,0,0,0,0,0,0,0,0,0,0,0,0,0,0,0,0,NA,NA
U12969,1,0,6,0,0,0,0,0,0,0,0,0,0,0,0,0,1,0,0,0,0,H-EYE,NA
U12970,0,0,0,0,0,0,0,0,0,0,0,0,0,0,0,0,0,0,0,0,0,NA,NA
U10801,0,0,2,1,0,0,0,0,0,0,0,0,0,0,0,0,0,0,0,0,0,NA,NA
U10802,0,0,0,0,0,0,0,0,0,0,0,0,0,0,0,0,0,0,0,0,0,NA,NA
U10803,0,1,1,1,3,0,0,0,0,0,0,0,0,0,0,0,0,0,0,0,0,"Eroded dorsal, adipose, and pectoral fin",NA
U10804,0,0,1,0,2,0,0,0,0,0,0,0,0,0,0,0,1,0,0,0,0,H. lesion and H. laceration,NA
U10805,0,0,2,0,0,0,0,0,0,0,0,0,0,0,0,0,0,0,0,0,0,NA,NA
U10806,1,0,0,1,0,0,0,0,0,0,0,0,0,0,0,0,0,0,0,0,0,NA,NA
U10807,0,0,0,1,0,0,0,0,0,0,0,0,0,0,0,1,1,0,0,0,0,H. lesion dorasal surface. Pred scar is fish,NA
U10808,0,0,3,0,1,0,0,0,0,0,0,0,0,0,0,0,0,0,0,0,0,NA,NA
U10809,0,0,0,0,0,0,0,0,0,0,0,0,0,0,0,0,0,0,0,0,0,NA,NA
U10810,0,0,0,0,0,0,0,0,0,0,0,0,0,0,0,0,0,0,0,0,0,NA,NA
U11241,0,0,0,0,0,0,0,0,0,0,0,0,0,0,0,0,0,1,0,0,0,NA,NA
U11242,0,0,0,0,0,1,0,0,0,0,0,0,0,0,0,0,0,0,0,0,0,NA,NA
U11243,0,0,0,1,4,0,0,0,0,0,0,0,0,0,0,0,0,0,0,0,0,NA,NA
U11244,0,0,1,0,0,1,0,0,0,0,0,0,0,0,0,0,0,0,0,0,0,NA,NA
U11245,0,0,0,0,0,0,0,0,0,0,0,0,0,0,0,0,0,0,0,0,0,NA,NA
U11246,0,0,0,0,0,0,0,0,0,0,0,0,0,0,0,0,0,0,0,0,0,NA,NA
U11247,0,0,0,0,0,0,0,0,0,0,0,0,0,0,0,0,0,0,0,0,0,NA,NA
U11248,0,0,1,0,0,1,0,0,0,0,0,0,0,0,0,0,0,0,0,0,0,NA,NA
U11249,0,1,1,0,0,0,0,0,0,0,0,0,0,0,0,0,0,0,0,0,0,NA,NA
U11250,0,0,1,0,0,0,0,0,0,0,0,0,0,0,0,0,0,0,0,0,0,NA,NA
U11281,0,1,0,1,0,0,0,0,0,0,0,0,0,0,0,0,0,0,0,0,0,NA,NA
U11282,0,0,4,0,1,0,0,0,0,0,0,0,0,0,0,0,0,0,0,0,0,NA,NA
U11321,0,0,1,0,0,1,0,0,0,0,0,0,0,0,0,0,0,0,0,0,0,NA,NA
U11322,0,0,0,0,2,0,0,0,0,0,0,0,0,0,0,0,0,0,0,0,0,label not in tintoil,NA
U11323,1,0,1,0,0,0,0,0,0,0,0,0,0,0,0,0,0,0,0,0,0,NA,NA
U13201,10,0,30,10,3,1,0,0,0,0,0,0,0,4,0,0,1,0,0,0,0,"H-CS X4, PVF",NA
U11401,0,0,0,0,0,0,0,0,1,0,2,0,0,0,1,0,0,0,0,0,0,MS-Lep right flank,NA
U11402,2,0,1,0,0,0,0,0,0,0,0,0,0,0,0,0,0,0,0,0,0,NA,NA
U11404,0,0,0,0,2,0,0,0,0,0,0,0,0,0,0,0,0,0,0,0,0,NA,NA
U11406,0,0,0,0,1,0,0,0,0,0,0,0,0,0,0,0,0,0,0,0,0,NA,NA
U11407,0,0,2,0,1,5,0,0,0,0,0,0,0,0,0,0,0,0,0,0,0,NA,NA
U11408,0,0,3,1,1,0,0,0,0,0,0,0,0,0,0,0,0,0,0,0,0,NA,NA
U11409,1,1,7,1,2,1,0,0,0,0,0,0,0,0,0,0,0,0,0,0,0,NA,NA
U16441,NA,NA,NA,NA,0,0,0,0,0,0,0,NA,NA,0,0,0,1,0,0,0,0,NA,NA
U16431,NA,NA,NA,NA,0,0,0,0,0,0,0,NA,NA,0,0,0,0,0,0,0,0,NA,NA
U16432,NA,NA,NA,NA,0,0,0,0,0,0,0,NA,NA,0,0,0,0,0,0,0,0,NA,NA
U16433,NA,NA,NA,NA,0,0,0,0,0,0,0,NA,NA,0,0,0,0,0,0,0,0,NA,NA
U16434,NA,NA,NA,NA,0,0,0,0,0,0,0,NA,NA,0,0,0,0,0,0,0,0,NA,NA
U16435,NA,NA,NA,NA,0,0,0,0,0,0,0,NA,NA,0,0,0,0,0,0,0,0,NA,NA
U16436,NA,NA,NA,NA,0,0,0,0,0,0,0,NA,NA,0,0,0,0,0,0,0,0,NA,NA
U16437,NA,NA,NA,NA,0,0,0,0,0,0,0,NA,NA,0,0,0,0,0,0,0,0,NA,NA
U16438,NA,NA,NA,NA,1,0,1,1,1,0,0,NA,NA,0,0,1,0,0,0,0,0,NA,NA
U16439,NA,NA,NA,NA,0,0,0,0,0,0,0,NA,NA,0,0,0,0,0,0,0,0,NA,NA
U16440,NA,NA,NA,NA,0,0,0,0,0,0,0,NA,NA,0,0,0,0,0,0,0,0,NA,NA
U16491,NA,NA,NA,NA,0,0,0,0,1,0,0,NA,NA,0,0,0,0,0,0,0,0,NA,NA
U16492,NA,NA,NA,NA,0,0,0,0,0,0,0,NA,NA,0,0,0,0,0,0,0,0,NA,NA
U16493,NA,NA,NA,NA,0,0,0,0,0,0,0,NA,NA,0,0,0,0,0,0,0,0,NA,NA
U16494,NA,NA,NA,NA,0,0,0,0,0,0,0,NA,NA,0,0,0,0,0,0,0,0,NA,NA
U16495,NA,NA,NA,NA,0,0,0,0,0,0,0,NA,NA,0,0,0,0,0,0,0,0,NA,NA
U16496,NA,NA,NA,NA,0,0,0,0,0,0,0,NA,NA,0,0,0,0,0,0,0,0,NA,NA
U16497,NA,NA,NA,NA,0,0,0,0,0,0,0,NA,NA,0,0,0,0,0,0,0,0,NA,NA
U16498,NA,NA,NA,NA,0,0,0,0,0,0,0,NA,NA,1,0,0,0,0,0,0,0,NA,NA
U16499,NA,NA,NA,NA,0,1,0,0,0,0,0,NA,NA,0,0,0,0,0,0,0,0,NA,NA
U16500,NA,NA,NA,NA,0,0,0,0,0,0,0,NA,NA,0,0,0,0,0,0,0,0,NA,NA
U16051,NA,NA,NA,NA,0,0,0,0,0,0,0,NA,NA,0,0,0,0,0,0,0,0,NA,NA
U16052,NA,NA,NA,NA,0,0,0,0,0,0,0,NA,NA,0,0,0,0,0,0,0,0,NA,NA
U16053,NA,NA,NA,NA,0,0,0,0,0,0,0,NA,NA,0,0,0,0,0,0,0,0,NA,NA
U16054,NA,NA,NA,NA,1,0,0,0,0,0,0,NA,NA,0,0,0,0,0,0,0,0,NA,NA
U16055,NA,NA,NA,NA,0,0,0,0,0,0,0,NA,NA,0,0,0,0,0,0,0,0,NA,NA
U16056,NA,NA,NA,NA,1,0,0,0,0,0,0,NA,NA,0,0,0,0,0,0,0,0,NA,NA
U16057,NA,NA,NA,NA,0,0,0,0,0,0,0,NA,NA,0,0,0,0,0,0,0,0,NA,NA
U16058,NA,NA,NA,NA,0,0,0,0,0,0,0,NA,NA,0,0,0,0,0,0,0,0,NA,NA
U16059,NA,NA,NA,NA,0,0,0,0,0,0,0,NA,NA,0,0,0,0,0,0,0,0,NA,NA
U16060,NA,NA,NA,NA,0,0,0,0,0,0,0,NA,NA,0,0,0,0,0,0,0,0,NA,NA
U16001,NA,NA,NA,NA,0,0,0,0,0,0,0,NA,NA,0,0,0,0,0,0,0,0,NA,NA
U16002,NA,NA,NA,NA,0,0,0,0,0,0,0,NA,NA,0,0,0,0,0,0,0,0,NA,NA
U16003,NA,NA,NA,NA,0,0,0,0,0,0,0,NA,NA,0,0,1,0,0,0,0,0,NA,NA
U16004,NA,NA,NA,NA,0,0,0,0,0,0,0,NA,NA,0,0,0,0,0,0,0,0,NA,NA
U16005,NA,NA,NA,NA,0,0,0,0,0,0,0,NA,NA,0,0,0,0,0,0,0,0,NA,NA
U16006,NA,NA,NA,NA,0,0,0,0,0,0,0,NA,NA,0,0,0,0,0,0,0,0,NA,NA
U16007,NA,NA,NA,NA,0,0,0,0,0,0,0,NA,NA,0,0,0,0,0,0,0,0,NA,NA
U16008,NA,NA,NA,NA,0,0,0,0,0,0,0,NA,NA,0,0,0,0,0,0,0,0,NA,NA
U16009,NA,NA,NA,NA,0,0,0,0,0,0,0,NA,NA,0,0,0,0,0,0,0,0,NA,NA
U16010,NA,NA,NA,NA,0,0,0,0,0,0,0,NA,NA,0,0,0,0,0,0,0,0,NA,NA
U16101,NA,NA,NA,NA,0,0,0,0,0,0,0,NA,NA,0,0,0,0,0,0,0,0,NA,NA
U16102,NA,NA,NA,NA,0,0,0,0,0,0,0,NA,NA,0,0,0,1,0,0,0,0,NA,NA
U16103,NA,NA,NA,NA,0,0,0,0,0,0,0,NA,NA,0,0,0,0,0,0,0,0,scales lost,NA
U16104,NA,NA,NA,NA,0,0,0,0,0,0,0,NA,NA,0,0,0,0,0,0,0,0,NA,NA
U16105,NA,NA,NA,NA,0,0,0,0,0,0,0,NA,NA,0,0,0,0,0,0,0,0,NA,NA
U16106,NA,NA,NA,NA,0,0,0,0,0,0,0,NA,NA,0,0,0,0,0,0,0,0,NA,NA
U16107,NA,NA,NA,NA,0,0,0,0,0,0,0,NA,NA,0,0,0,0,0,0,0,0,NA,NA
U16781,1,0,2,0,0,0,0,0,0,0,0,0,0,0,0,0,0,0,0,0,0,NA,NA
U16782,6,0,2,0,0,0,0,0,0,0,0,0,0,0,0,0,0,0,0,0,0,NA,NA
U16783,1,0,3,4,0,0,0,0,0,0,0,0,0,0,0,0,0,0,0,0,0,Scaled heavily going into whirlpak (too big for jug). Lice on floating scales. Unable to enumerate accurately.,NA
U16061,0,0,1,0,0,0,0,0,0,0,0,0,0,0,0,0,0,0,0,0,0,NA,NA
U16062,0,0,1,0,0,0,0,0,0,0,0,0,0,0,0,0,0,0,0,0,0,NA,NA
U16063,0,0,0,0,0,0,0,0,0,0,0,0,0,0,0,0,0,0,0,0,0,NA,NA
U16064,0,2,4,1,0,0,0,0,0,0,0,0,0,0,0,0,0,0,0,0,0,NA,NA
U16065,0,0,1,0,0,0,0,0,0,0,0,0,0,0,0,0,0,0,0,0,0,NA,NA
U16066,0,0,1,0,2,0,1,0,0,0,0,0,0,0,0,0,0,0,0,0,0,NA,NA
U16067,0,0,0,0,1,0,0,0,0,0,0,0,0,0,0,0,0,0,0,0,0,ISOPOD,NA
U16068,0,1,0,1,0,0,0,0,0,0,0,0,0,0,0,0,0,0,0,0,0,NA,NA
U16069,0,13,0,2,0,0,0,0,0,0,0,0,0,0,0,0,0,0,0,0,0,NA,NA
U16070,0,1,0,1,1,0,1,0,0,0,0,0,0,0,0,0,0,0,0,0,0,NA,NA
U16111,NA,NA,NA,NA,0,0,0,0,0,0,0,0,0,0,0,0,0,0,0,0,0,NA,"Changed cop & chal counts from 0 to ""NA"" because they were never enumerated under motile protocol (2019-08-26 JG)"
U16112,NA,NA,NA,NA,1,0,0,0,0,0,0,0,0,0,0,0,0,0,0,0,0,NA,"Changed cop & chal counts from 0 to ""NA"" because they were never enumerated under motile protocol (2019-08-26 JG)"
U16113,NA,NA,NA,NA,0,0,0,0,0,0,0,0,0,0,0,0,0,0,0,0,0,NA,"Changed cop & chal counts from 0 to ""NA"" because they were never enumerated under motile protocol (2019-08-26 JG)"
U16114,NA,NA,NA,NA,1,0,0,0,0,0,0,0,0,0,0,0,0,0,0,0,0,NA,"Changed cop & chal counts from 0 to ""NA"" because they were never enumerated under motile protocol (2019-08-26 JG)"
U16115,NA,NA,NA,NA,0,0,0,0,0,0,0,0,0,0,0,0,0,0,0,0,0,NA,"Changed cop & chal counts from 0 to ""NA"" because they were never enumerated under motile protocol (2019-08-26 JG)"
U16116,NA,NA,NA,NA,0,0,0,0,0,0,0,0,0,0,0,0,0,0,0,0,0,NA,"Changed cop & chal counts from 0 to ""NA"" because they were never enumerated under motile protocol (2019-08-26 JG)"
U16117,NA,NA,NA,NA,0,0,0,0,0,0,0,0,0,0,0,0,0,0,0,0,0,NA,"Changed cop & chal counts from 0 to ""NA"" because they were never enumerated under motile protocol (2019-08-26 JG)"
U16118,NA,NA,NA,NA,0,0,0,0,0,0,0,0,0,0,0,0,0,0,0,0,0,NA,"Changed cop & chal counts from 0 to ""NA"" because they were never enumerated under motile protocol (2019-08-26 JG)"
U16486,NA,NA,NA,NA,1,0,0,0,0,0,0,0,0,0,0,0,0,0,0,0,0,NA,"Changed cop & chal counts from 0 to ""NA"" because they were never enumerated under motile protocol (2019-08-26 JG)"
U16181,0,0,3,0,0,0,0,0,0,0,0,0,0,0,0,0,0,0,0,0,0,scale loss,NA
U16182,0,0,0,0,0,0,0,0,0,0,0,0,0,0,0,0,0,0,0,0,0,scale loss,NA
U16183,2,0,0,0,0,0,0,0,0,0,0,0,0,0,0,0,0,0,0,0,0,NA,NA
U16184,0,0,1,0,0,0,0,0,0,0,0,0,0,0,0,0,0,0,0,0,0,NA,NA
U16185,0,0,1,0,0,0,0,0,0,0,0,0,0,0,0,0,0,0,0,0,0,NA,NA
U16186,0,0,2,0,0,0,0,0,0,0,0,0,0,0,0,1,0,0,0,0,0,Left flank ANF,NA
U16187,0,0,1,0,0,0,0,0,0,0,0,0,0,0,0,0,0,0,0,0,0,NA,NA
U16188,0,0,1,0,0,0,0,0,0,0,0,0,0,0,0,0,0,0,0,0,0,NA,NA
U16189,0,0,0,0,0,0,0,0,0,0,0,0,0,0,0,0,0,0,0,0,0,NA,NA
U16190,0,0,0,0,0,0,0,0,0,0,0,0,0,0,0,0,0,0,0,0,0,NA,NA
U16361,NA,NA,NA,NA,1,0,0,0,0,0,0,NA,NA,0,0,0,0,0,0,0,0,NA,NA
U16362,NA,NA,NA,NA,0,0,0,0,0,0,0,NA,NA,0,0,0,0,0,0,0,0,NA,NA
U16363,NA,NA,NA,NA,0,0,0,0,0,0,0,NA,NA,0,0,0,0,0,0,0,0,NA,NA
U16364,NA,NA,NA,NA,0,0,0,0,0,0,0,NA,NA,0,0,0,0,0,0,0,0,NA,NA
U16201,NA,NA,NA,NA,0,0,0,0,0,0,0,NA,NA,0,0,0,0,0,0,0,0,NA,NA
U16202,NA,NA,NA,NA,0,0,0,0,0,0,0,NA,NA,0,0,0,0,0,0,0,0,NA,NA
U16203,NA,NA,NA,NA,0,0,0,0,0,0,0,NA,NA,0,0,0,0,0,0,0,0,NA,NA
U16204,NA,NA,NA,NA,0,0,0,0,0,0,0,NA,NA,0,0,0,0,0,0,0,0,NA,NA
U16205,NA,NA,NA,NA,0,0,0,0,0,0,0,NA,NA,0,0,0,0,0,0,0,0,NA,NA
U16206,NA,NA,NA,NA,0,0,0,0,0,0,0,NA,NA,0,0,0,0,0,0,0,0,NA,NA
U16207,NA,NA,NA,NA,0,0,0,0,0,0,0,NA,NA,0,0,0,0,0,0,0,0,NA,NA
U16209,NA,NA,NA,NA,0,0,0,0,0,0,0,NA,NA,0,0,0,0,0,0,0,0,NA,NA
U16241,NA,NA,NA,NA,0,0,0,0,0,0,0,NA,NA,0,0,0,0,0,0,0,0,NA,NA
U16242,NA,NA,NA,NA,0,0,0,0,0,0,0,NA,NA,0,0,0,0,0,0,0,0,NA,NA
U16243,NA,NA,NA,NA,0,0,0,0,0,0,0,NA,NA,0,0,0,0,0,0,0,0,NA,NA
U16244,NA,NA,NA,NA,0,0,0,0,0,0,0,NA,NA,0,0,0,0,0,0,0,0,NA,NA
U16245,NA,NA,NA,NA,0,0,0,0,0,0,0,NA,NA,0,0,0,0,0,0,0,0,NA,NA
U16246,NA,NA,NA,NA,0,0,0,0,0,0,0,NA,NA,0,0,0,0,0,0,0,0,NA,NA
U16247,NA,NA,NA,NA,0,0,0,0,0,0,0,NA,NA,0,0,0,0,0,0,0,0,NA,NA
U16248,NA,NA,NA,NA,0,0,0,0,0,0,0,NA,NA,0,0,0,0,0,0,0,0,NA,NA
U16249,NA,NA,NA,NA,0,0,0,0,0,0,0,NA,NA,0,0,0,0,0,0,0,0,NA,NA
U16161,0,0,2,2,0,0,0,0,0,0,0,0,0,0,0,0,0,0,0,0,0,NA,NA
U16162,1,0,1,0,0,0,0,0,0,0,0,0,0,0,0,0,0,0,0,0,0,Fell on deck,NA
U16163,2,0,1,0,0,0,0,0,0,0,0,0,0,0,0,0,0,0,0,0,0,NA,NA
U16164,1,0,0,2,1,0,0,0,0,0,0,0,0,0,0,0,0,0,0,0,0,NA,NA
U16165,0,0,1,2,0,0,0,0,0,0,0,0,0,0,0,0,0,0,0,0,0,NA,NA
U16166,0,0,0,2,0,0,0,0,0,0,0,0,0,0,0,0,0,0,0,0,0,NA,NA
U16167,0,0,0,0,0,0,0,0,0,0,0,0,0,0,0,0,0,0,0,0,0,NA,NA
U16168,0,0,4,0,0,0,0,0,0,0,0,0,0,0,0,0,0,0,0,0,0,NA,NA
U16169,1,0,0,0,0,0,0,0,0,0,0,0,0,0,0,0,0,0,0,0,0,NA,NA
U16170,0,0,0,0,0,0,0,0,0,0,0,0,0,0,0,0,0,0,0,0,0,NA,NA
U16231,NA,NA,NA,NA,0,0,0,0,0,0,0,NA,NA,0,0,0,0,0,0,0,0,NA,NA
U16232,NA,NA,NA,NA,0,0,0,0,0,0,0,NA,NA,0,0,0,0,0,0,0,0,NA,NA
U16233,NA,NA,NA,NA,0,0,0,0,0,0,0,NA,NA,0,0,0,0,0,0,0,0,NA,NA
U16234,NA,NA,NA,NA,1,0,0,0,0,0,0,NA,NA,0,0,0,0,0,0,0,0,NA,NA
U16235,NA,NA,NA,NA,0,0,0,0,0,0,0,NA,NA,0,0,0,0,0,0,0,0,NA,NA
U16236,NA,NA,NA,NA,0,0,0,0,0,0,0,NA,NA,0,0,0,0,0,0,0,0,NA,NA
U16237,NA,NA,NA,NA,0,0,0,0,0,0,0,NA,NA,0,0,0,0,0,0,0,0,NA,NA
U16238,NA,NA,NA,NA,0,0,0,0,0,0,0,NA,NA,0,0,0,0,0,0,0,0,NA,NA
U16239,NA,NA,NA,NA,0,0,0,0,0,0,0,NA,NA,0,0,0,0,0,0,0,0,NA,NA
U16240,NA,NA,NA,NA,0,0,0,0,0,0,0,NA,NA,0,0,0,0,0,0,0,0,On deck,NA
U16121,1,0,3,3,0,0,0,0,0,0,0,0,0,0,0,0,0,0,0,0,0,NA,NA
U16122,0,0,2,1,0,0,0,0,0,0,0,0,0,0,0,0,0,0,0,0,0,NA,NA
U16123,1,0,0,3,1,0,0,0,0,0,0,0,0,0,0,0,0,0,0,0,0,NA,NA
U16281,NA,NA,NA,NA,0,0,0,0,0,0,0,NA,NA,0,0,0,0,0,0,0,0,NA,NA
U16282,NA,NA,NA,NA,0,0,0,0,0,0,0,NA,NA,0,0,0,0,0,0,0,0,NA,NA
U16283,NA,NA,NA,NA,0,0,0,0,0,0,0,NA,NA,0,0,0,0,0,0,0,0,NA,NA
U16284,NA,NA,NA,NA,0,0,0,0,0,0,0,NA,NA,0,0,0,0,0,0,0,0,NA,NA
U16285,NA,NA,NA,NA,0,0,0,0,0,0,0,NA,NA,0,0,0,0,0,0,0,0,NA,NA
U16286,NA,NA,NA,NA,0,0,0,0,0,0,0,NA,NA,0,0,0,0,0,0,0,0,NA,NA
U16287,NA,NA,NA,NA,0,0,0,0,0,0,0,NA,NA,0,0,0,0,0,0,0,0,NA,NA
U16288,NA,NA,NA,NA,0,0,0,0,0,0,0,NA,NA,0,0,0,0,0,0,0,0,NA,NA
U16289,NA,NA,NA,NA,0,0,0,0,0,0,0,NA,NA,0,0,0,0,0,0,0,0,NA,NA
U16290,NA,NA,NA,NA,0,0,0,0,0,0,0,NA,NA,0,0,0,0,0,0,0,0,NA,NA
U16461,NA,NA,NA,NA,0,0,0,0,0,0,0,NA,NA,0,0,0,0,0,0,0,0,NA,NA
U16462,NA,NA,NA,NA,0,0,0,0,0,0,0,NA,NA,0,0,0,0,0,0,0,0,NA,NA
U16463,NA,NA,NA,NA,0,0,0,0,0,0,0,NA,NA,0,0,0,0,0,0,0,0,NA,NA
U16464,NA,NA,NA,NA,0,0,0,0,0,0,0,NA,NA,0,0,0,0,0,0,0,0,NA,NA
U16465,NA,NA,NA,NA,0,0,0,0,0,0,0,NA,NA,0,0,0,0,0,0,0,0,NA,NA
U16466,NA,NA,NA,NA,0,0,0,0,0,0,0,NA,NA,0,0,0,0,0,0,0,0,NA,NA
U16467,NA,NA,NA,NA,0,0,0,0,0,0,0,NA,NA,0,0,0,0,0,0,0,0,NA,NA
U16468,NA,NA,NA,NA,0,0,0,0,0,0,0,NA,NA,0,0,0,0,0,0,0,0,NA,NA
U16469,NA,NA,NA,NA,0,0,0,0,0,0,0,NA,NA,0,0,0,0,0,0,0,0,NA,NA
U16470,NA,NA,NA,NA,0,0,0,0,0,0,0,NA,NA,0,0,0,0,0,0,0,0,NA,NA
U16451,0,0,0,0,0,0,0,0,0,0,0,0,0,0,0,0,0,0,0,0,0,NA,NA
U16452,0,0,2,0,0,0,0,0,0,0,0,0,0,0,0,0,0,0,0,0,0,NA,NA
U16453,0,0,0,2,0,0,0,0,0,0,0,0,0,0,0,0,0,0,0,0,0,NA,NA
U16454,0,0,2,1,0,0,0,0,0,0,0,0,0,0,0,0,0,0,0,0,0,NA,NA
U16401,NA,NA,NA,NA,0,0,0,1,0,0,0,NA,NA,1,0,0,0,0,0,0,0,MS left flank,NA
U16402,NA,NA,NA,NA,0,0,0,0,0,0,0,NA,NA,0,0,0,0,0,0,0,0,NA,NA
U16403,NA,NA,NA,NA,0,0,0,0,0,0,0,NA,NA,0,0,0,0,0,0,0,0,NA,NA
U16404,NA,NA,NA,NA,0,0,0,0,0,0,0,NA,NA,0,0,0,0,0,0,0,0,NA,NA
U16405,NA,NA,NA,NA,0,0,0,0,0,0,0,NA,NA,0,0,0,0,0,0,0,0,NA,NA
U16406,NA,NA,NA,NA,0,0,0,0,0,0,0,NA,NA,0,0,0,0,0,0,0,0,NA,NA
U16407,NA,NA,NA,NA,0,0,0,0,0,0,0,NA,NA,0,0,0,0,0,0,0,0,NA,NA
U16408,NA,NA,NA,NA,0,0,0,0,0,0,0,NA,NA,0,0,0,0,0,0,0,0,NA,NA
U16409,NA,NA,NA,NA,0,0,0,0,0,0,0,NA,NA,0,0,0,0,0,0,0,0,NA,NA
U16410,NA,NA,NA,NA,0,0,0,0,0,0,0,NA,NA,0,0,0,0,0,0,0,0,NA,NA
U16081,NA,NA,NA,NA,0,0,0,0,0,0,0,NA,NA,0,0,2,0,0,0,0,0,PS bird left flank,NA
U16082,NA,NA,NA,NA,0,0,0,0,0,0,0,NA,NA,0,0,0,0,0,0,0,0,NA,NA
U16083,NA,NA,NA,NA,0,0,0,0,0,0,0,NA,NA,0,0,0,0,0,0,0,0,NA,NA
U16084,NA,NA,NA,NA,0,0,0,0,0,0,0,NA,NA,0,0,0,0,0,0,0,0,NA,NA
U16085,NA,NA,NA,NA,0,0,0,0,0,0,0,NA,NA,0,0,0,0,0,0,0,0,NA,NA
U16086,NA,NA,NA,NA,0,0,0,1,0,0,0,NA,NA,0,0,0,0,0,0,0,0,NA,NA
U16087,NA,NA,NA,NA,0,0,0,0,0,0,0,NA,NA,0,0,0,0,0,0,0,0,NA,NA
U16088,NA,NA,NA,NA,0,0,0,0,0,0,0,NA,NA,0,0,1,0,0,0,0,0,PS right flank,NA
U16089,NA,NA,NA,NA,0,0,0,0,0,0,0,NA,NA,0,0,0,0,0,0,0,0,NA,NA
U16090,NA,NA,NA,NA,0,0,0,0,0,0,0,NA,NA,0,0,0,0,0,0,0,0,NA,NA
U16511,2,0,4,0,0,0,0,0,0,0,0,0,0,0,0,0,0,0,0,0,0,0,NA
U16291,1,0,2,0,0,0,0,0,0,0,0,0,0,0,0,0,1,0,0,0,0,pelvic fin,NA
U16292,0,0,1,0,0,0,0,0,0,0,0,0,0,0,0,0,0,0,0,0,0,NA,NA
U16293,0,0,1,3,0,0,0,0,0,0,0,0,0,0,0,0,0,0,0,0,0,NA,NA
U16294,0,0,0,6,0,0,0,0,0,0,0,0,0,1,0,0,0,0,0,0,0,caudal fin previous clip,NA
U16295,0,0,2,2,0,0,0,0,0,0,0,0,0,0,0,0,0,0,0,0,0,NA,NA
U16296,0,0,0,2,0,0,0,0,0,0,0,0,0,0,0,0,0,0,0,0,0,NA,NA
U16297,3,0,3,4,0,0,0,0,0,0,0,0,0,0,0,0,0,0,0,0,0,NA,NA
U16298,0,0,0,4,1,0,0,0,0,0,0,0,0,0,0,0,0,0,0,0,0,NA,NA
U16261,NA,NA,NA,NA,0,0,0,0,0,0,0,NA,NA,0,0,0,0,0,0,0,0,NA,NA
U16262,NA,NA,NA,NA,0,0,0,0,0,0,0,NA,NA,0,0,0,0,0,0,0,0,NA,NA
U16268,NA,NA,NA,NA,0,0,0,0,0,0,0,NA,NA,0,0,0,0,0,0,0,0,NA,NA
U16269,NA,NA,NA,NA,0,0,0,0,0,0,0,NA,NA,0,0,0,0,0,0,0,0,NA,NA
U16270,NA,NA,NA,NA,0,2,0,0,0,0,0,NA,NA,0,0,0,0,0,0,0,0,NA,NA
U17091,0,0,3,0,0,0,0,0,0,0,0,0,0,0,0,0,0,0,0,0,0,NA,NA
U17092,0,0,2,3,1,0,0,0,0,0,0,0,0,0,0,0,0,0,0,0,0,NA,NA
U17093,0,0,0,0,0,0,0,0,0,0,0,0,0,0,0,0,0,0,0,0,0,NA,NA
U17094,0,0,0,1,1,0,0,0,0,0,0,0,0,1,0,0,0,0,0,0,0,NA,NA
U17095,0,0,0,1,0,0,0,0,0,0,0,0,0,0,0,0,0,0,0,0,0,NA,NA
U17096,0,0,0,1,1,0,0,0,0,0,0,0,0,0,0,0,0,0,0,0,0,NA,NA
U17097,1,0,0,2,0,0,0,0,0,0,0,0,0,0,0,0,0,0,0,0,0,NA,NA
U17098,0,0,1,2,0,0,0,0,0,0,0,0,0,1,0,0,0,0,0,0,0,NA,NA
U17099,0,1,0,0,0,0,0,0,0,0,0,0,0,0,0,0,0,0,0,0,0,NA,NA
U17100,0,0,0,1,0,0,0,0,0,0,0,0,0,0,0,0,0,0,0,0,0,NA,NA
U17101,NA,NA,NA,NA,0,0,0,0,0,0,0,NA,NA,0,0,0,0,0,0,0,0,NA,NA
U17102,NA,NA,NA,NA,1,1,0,0,0,0,0,NA,NA,0,0,0,0,0,0,0,0,NA,NA
U17103,NA,NA,NA,NA,0,0,0,0,0,0,0,NA,NA,0,0,0,0,0,0,0,0,NA,NA
U17104,NA,NA,NA,NA,0,0,0,0,0,0,0,NA,NA,1,0,0,0,0,0,0,0,NA,NA
U17105,NA,NA,NA,NA,0,0,0,0,0,0,0,NA,NA,0,0,0,0,0,0,0,0,NA,NA
U17106,NA,NA,NA,NA,0,1,0,0,0,0,0,NA,NA,0,0,0,0,0,0,0,0,NA,NA
U17107,NA,NA,NA,NA,1,1,0,0,0,0,0,NA,NA,0,0,0,0,0,0,0,0,NA,NA
U17109,NA,NA,NA,NA,0,0,0,0,0,0,0,NA,NA,0,0,0,0,0,0,0,0,NA,NA
U17110,NA,NA,NA,NA,0,1,0,0,0,0,0,NA,NA,0,0,0,0,0,0,0,0,NA,NA
U17111,NA,NA,NA,NA,0,0,0,0,0,0,0,NA,NA,0,0,0,0,0,0,0,0,NA,NA
U17112,NA,NA,NA,NA,0,0,0,0,0,0,0,NA,NA,0,0,0,0,0,0,0,0,NA,NA
U17113,NA,NA,NA,NA,0,0,0,0,0,0,0,NA,NA,0,0,0,0,0,0,0,0,NA,NA
U17114,NA,NA,NA,NA,0,0,0,0,0,0,0,NA,NA,0,0,0,0,0,0,0,0,NA,NA
U17115,NA,NA,NA,NA,0,0,0,0,0,0,0,NA,NA,0,0,0,0,0,0,0,0,NA,NA
U17116,NA,NA,NA,NA,0,1,0,0,0,0,0,NA,NA,0,0,0,0,0,0,0,0,NA,NA
U17117,NA,NA,NA,NA,0,0,0,0,0,0,0,NA,NA,0,0,0,0,0,0,0,0,NA,NA
U17118,NA,NA,NA,NA,1,0,0,0,0,0,0,NA,NA,0,0,0,0,0,0,0,0,NA,NA
U17119,NA,NA,NA,NA,0,0,0,0,0,0,0,NA,NA,0,0,0,0,0,0,0,0,NA,NA
U17120,NA,NA,NA,NA,0,0,0,0,0,0,0,NA,NA,0,0,0,0,0,0,0,0,NA,NA
U16561,1,0,0,2,0,0,0,0,0,0,0,0,0,0,0,0,0,0,0,0,0,Scarred flank,NA
U16562,0,0,1,0,0,0,0,0,0,0,0,0,0,0,0,0,0,0,1,0,0,NA,NA
U16563,0,0,1,0,0,0,0,0,0,0,0,0,0,0,0,0,0,0,0,0,0,NA,NA
U16564,0,0,4,0,0,0,0,0,0,0,0,0,0,0,0,0,0,0,0,0,0,NA,NA
U16565,3,0,1,0,0,0,0,0,0,0,0,0,0,0,0,0,0,0,0,0,0,NA,NA
U16566,2,0,3,1,0,0,0,0,0,0,0,0,0,0,0,0,1,0,0,0,0,Eye; non-louse parasite on pec fin,NA
U16567,1,0,3,3,0,0,0,0,0,0,0,0,0,0,0,0,0,0,0,0,0,NA,NA
U16568,2,0,5,0,0,0,0,0,0,0,0,0,0,0,0,0,0,0,0,0,0,NA,NA
U16701,2,0,4,1,1,0,0,0,0,0,0,0,0,0,0,0,1,0,0,0,0,PVF,NA
U16753,0,0,6,6,0,1,0,0,0,0,0,0,0,0,0,0,0,0,0,0,0,NA,NA
U17341,NA,NA,NA,NA,0,0,0,0,0,0,0,NA,NA,0,0,0,0,0,0,0,0,NA,NA
U17123,NA,NA,NA,NA,0,0,0,0,0,0,0,NA,NA,0,0,0,0,0,0,0,0,NA,NA
U17125,NA,NA,NA,NA,1,0,0,0,0,0,0,NA,NA,0,0,0,0,0,0,0,0,NA,NA
U15571,0,1,0,0,0,0,0,0,0,0,0,0,0,0,0,0,0,0,0,0,0,NA,NA
U15572,0,1,0,0,0,0,0,0,0,0,0,0,0,0,0,0,0,0,0,0,0,NA,NA
U15573,0,0,2,0,0,0,0,0,0,0,0,0,0,0,0,0,0,0,0,0,0,NA,NA
U15574,0,0,1,0,1,0,0,0,0,0,0,0,0,0,0,0,0,0,0,0,0,NA,NA
U15575,1,0,0,0,0,0,0,0,0,0,0,0,0,0,0,0,0,0,0,0,0,NA,NA
U15576,0,0,1,2,0,0,0,0,0,0,0,0,0,1,0,1,1,0,0,0,0,"PS-Fish, H-ANF",NA
U15577,2,0,4,1,0,0,0,0,0,0,0,0,0,0,0,0,0,0,0,0,0,NA,NA
U15578,0,0,1,0,0,0,0,0,0,0,0,0,0,0,0,0,0,0,0,0,0,NA,NA
U15579,1,0,0,0,0,0,0,0,0,0,0,0,0,0,0,0,0,0,0,0,0,NA,NA
U15580,2,0,2,4,2,1,0,0,0,0,0,0,0,0,0,0,0,0,0,0,0,NA,NA
U15581,0,0,1,3,1,0,0,0,0,0,0,0,0,2,0,1,1,0,0,0,0,"PS-Bird, H-CS, H-PS",NA
U15582,1,0,4,2,0,0,0,0,0,0,0,0,0,0,0,0,0,0,0,0,0,NA,NA
U15583,0,0,1,0,1,0,0,0,0,0,0,0,0,0,0,0,0,0,0,0,0,NA,NA
U15584,0,0,0,0,0,0,0,0,0,0,0,0,0,0,0,0,0,0,0,0,0,NA,NA
U15585,0,0,0,0,0,0,0,0,0,0,0,0,0,0,0,0,0,0,0,0,0,NA,NA
U15586,0,0,0,0,0,0,0,0,0,0,0,0,0,0,0,0,0,0,0,0,0,NA,NA
U15587,0,0,1,1,0,1,0,0,0,0,0,0,0,0,0,0,1,0,0,0,0,H-ANF,NA
U15588,0,0,0,0,0,1,0,0,0,0,0,0,0,0,0,0,0,0,0,0,0,NA,NA
U15589,3,0,2,3,1,0,0,0,0,0,0,0,0,0,0,0,0,0,0,0,0,NA,NA
U15590,3,0,2,0,0,0,0,0,0,0,0,0,0,0,0,0,0,0,0,0,0,NA,NA
U15591,0,0,1,0,0,0,0,0,0,0,0,0,0,0,0,0,0,0,0,0,0,NA,NA
U15592,3,0,2,0,0,0,0,0,0,0,0,0,0,0,0,0,0,0,0,0,0,NA,NA
U15593,1,0,5,3,0,0,0,0,0,0,0,0,0,0,0,0,0,0,0,0,0,NA,NA
U15594,6,0,2,0,0,0,0,0,0,0,0,0,0,0,0,0,0,0,0,0,0,NA,NA
U15595,1,0,1,0,0,0,0,0,0,0,0,0,0,0,0,0,0,0,0,0,0,NA,NA
U15596,0,0,3,0,0,0,0,0,0,0,0,0,0,0,0,0,0,0,0,0,0,NA,NA
U15597,6,0,1,2,0,0,0,0,0,0,0,0,0,0,0,0,0,0,0,0,0,Scale loss right flank,NA
U15598,3,0,2,1,0,0,0,0,0,0,0,0,0,0,0,0,0,0,0,0,0,NA,NA
U15599,1,0,0,0,2,0,0,0,0,0,0,0,0,0,0,0,0,0,0,0,0,NA,NA
U15600,1,0,2,0,0,0,0,0,0,0,0,0,0,0,0,0,0,0,0,0,0,NA,NA
U15601,0,0,0,0,0,1,0,0,0,0,0,0,0,0,0,0,0,0,0,0,0,NA,NA
U15602,0,0,2,0,0,0,0,0,0,0,0,0,0,0,0,0,0,0,0,0,0,NA,NA
U15603,1,0,1,0,0,0,0,0,0,0,0,0,0,0,0,0,0,0,0,0,0,NA,NA
U15604,0,0,2,0,0,0,0,0,0,0,0,0,0,0,0,0,0,0,0,0,0,NA,NA
U15605,0,0,0,0,0,0,0,0,0,0,0,0,0,0,0,0,1,0,0,0,0,H-ventral surface,NA
U15606,3,0,0,0,0,0,0,0,0,0,0,0,0,0,0,0,0,0,0,0,0,NA,NA
U15607,0,0,0,0,0,0,0,0,0,0,0,0,0,0,0,0,0,0,0,0,0,NA,NA
U15608,1,0,0,0,0,0,0,0,0,0,0,0,0,0,0,0,0,0,0,0,0,NA,NA
U15609,0,0,2,0,0,0,0,0,0,0,0,0,0,0,0,0,0,0,0,0,0,NA,NA
U15610,1,0,3,1,0,1,0,0,0,0,0,0,0,1,0,0,0,0,0,0,0,NA,NA
U15611,1,0,2,0,2,0,0,0,0,0,0,0,0,0,0,0,0,0,0,0,0,NA,NA
U15612,2,0,0,0,0,0,0,0,0,0,0,0,0,0,0,1,0,0,0,0,0,PS-bird,NA
U15613,0,0,1,0,0,0,0,0,0,0,0,0,0,0,0,0,0,0,0,0,0,NA,NA
U15614,0,0,1,0,0,0,0,0,0,0,0,0,0,0,0,0,0,0,0,0,0,NA,NA
U15615,4,0,1,0,1,0,0,0,0,0,0,0,0,0,0,0,0,0,0,0,0,NA,NA
U15616,0,0,1,0,0,0,0,0,0,0,0,0,0,0,0,1,0,0,0,0,0,PS-bird,NA
U15617,0,0,1,0,0,0,0,0,0,0,0,0,0,0,0,0,0,0,0,0,0,NA,NA
U15618,0,0,1,0,0,0,0,0,0,0,0,0,0,0,0,0,0,0,0,0,0,NA,NA
U15619,1,0,1,0,0,0,0,0,0,0,0,0,0,0,0,0,1,0,0,0,0,H-ANF,NA
U15620,0,0,4,0,1,0,0,0,0,0,0,0,0,0,0,0,1,0,0,0,0,H-CDF,NA
U15621,6,0,5,0,0,0,0,0,0,0,0,0,0,0,0,0,0,0,0,0,0,NA,NA
U15622,0,0,3,1,1,0,0,0,0,0,0,0,0,0,0,0,0,0,0,0,0,NA,NA
U15623,0,0,1,1,0,0,0,0,0,0,0,0,0,1,0,0,0,0,0,0,0,NA,NA
U15624,1,0,1,2,0,0,0,0,0,0,0,0,0,0,0,0,0,0,0,0,0,NA,NA
U15625,2,0,5,5,0,0,0,0,0,0,0,0,0,0,0,0,0,0,0,0,0,Grazed-ANF,NA
U15626,2,0,0,1,1,0,0,0,0,0,0,0,0,0,0,0,1,0,0,0,0,H-eye,NA
U15627,0,0,2,1,1,0,0,0,0,0,0,0,0,0,0,1,1,0,0,0,0,"PS-fish, H-eye",NA
U15628,2,0,1,0,1,0,0,0,0,0,0,0,0,1,0,1,0,0,0,0,0,PS-bird,NA
U15629,1,0,8,3,0,0,0,0,0,0,0,0,0,0,0,0,0,0,0,0,0,"PS-fish, H-eye",NA
U15630,0,0,0,0,0,0,0,0,0,0,0,0,0,0,0,0,0,0,0,0,0,NA,NA
U15631,0,0,0,0,0,0,0,0,0,0,0,0,0,0,0,0,0,0,0,0,0,NA,NA
U15632,0,0,1,0,1,0,0,0,0,0,0,0,0,0,0,0,0,0,0,0,0,NA,NA
U15633,1,0,0,3,0,0,0,0,0,0,0,0,0,0,0,0,0,0,0,0,0,NA,NA
U15634,0,0,1,0,0,0,0,0,0,0,0,0,0,0,0,0,0,0,0,0,0,NA,NA
U15635,0,0,0,1,0,0,0,0,0,0,0,0,0,0,0,0,0,0,0,0,0,NA,NA
U15636,0,0,1,0,0,0,0,0,0,0,0,0,0,0,0,0,0,0,0,0,0,NA,NA
U15637,1,0,0,0,0,0,0,0,0,0,0,0,0,0,0,0,0,0,0,0,0,NA,NA
U15638,0,0,0,0,0,1,0,0,0,0,0,0,0,0,0,0,0,0,0,0,0,NA,NA
U15639,0,0,0,0,0,0,0,0,0,0,0,0,0,0,0,0,0,0,0,0,0,NA,NA
U15640,1,0,2,0,0,0,0,0,0,0,0,0,0,0,0,0,0,0,0,0,0,NA,NA
U15641,0,0,0,0,0,0,0,0,0,0,0,0,0,0,0,0,0,0,0,0,0,NA,NA
U15642,1,1,4,1,0,0,0,1,0,0,0,0,0,0,0,0,0,0,0,0,0,NA,NA
U15643,0,0,0,0,0,0,0,0,0,0,0,0,0,0,0,0,0,0,0,0,0,NA,NA
U15644,0,0,0,0,0,0,0,0,0,0,0,0,0,0,0,0,0,0,0,0,0,NA,NA
U12881,0,0,8,0,0,1,0,0,0,0,0,0,0,0,0,0,0,0,0,0,0,NA,NA
U12882,0,0,2,3,3,0,0,0,0,0,0,0,0,0,0,0,0,0,0,0,0,NA,NA
U12883,0,0,2,0,0,0,0,0,0,0,0,0,0,0,0,0,0,0,0,0,0,NA,NA
U12884,1,0,8,2,0,0,0,0,0,0,0,0,0,0,0,0,1,0,0,0,0,H-eye,NA
U12885,0,0,3,0,0,0,0,0,0,0,0,0,0,0,0,0,0,0,0,0,0,NA,NA
U12886,0,0,0,0,0,0,0,0,0,0,0,0,0,0,0,0,0,0,0,0,0,NA,NA
U12887,0,0,2,0,0,0,0,0,0,0,0,0,0,1,0,0,1,0,0,0,0,"H-eye,scarred ventral surface",NA
U12888,0,0,0,0,0,0,0,0,0,0,0,0,0,0,0,0,0,0,0,0,0,split PCV,NA
U12889,2,0,14,13,0,0,0,0,0,0,0,0,0,0,0,0,0,0,0,0,0,NA,NA
U12890,0,0,2,2,0,0,0,0,0,0,0,0,0,0,0,0,0,0,0,0,0,H-eye,NA
