seine_id,survey_id,gather_lat,gather_long,set_time,set_number,set_type,time_searching,set_sliders,set_poppers,set_dimpling,fish_retained,so_taken,so_total,pi_taken,pi_total,cu_taken,cu_total,co_taken,co_total,he_taken,he_total,ck_taken,ck_total,preservation_status,collection_protocol,seine_notes
DE100N2,DE100,NA,NA,NA,2,targeted,NA,NA,NA,NA,no,0,0,NA,NA,NA,NA,NA,NA,NA,NA,NA,NA,NA,SEMSP,No sockeye in set; did not enumerate
DE100N1,DE100,NA,NA,NA,1,targeted,NA,NA,NA,NA,no,0,0,NA,NA,NA,NA,NA,NA,NA,NA,NA,NA,NA,SEMSP,No sockeye in set; did not enumerate
DE100N3,DE100,49.9613,-124.747,11:40:00,3,targeted,40,NA,NA,NA,yes,30,NA,0,0,10,NA,1,NA,2,NA,NA,NA,1,SEMSP,NA
DE101N1,DE101,50.07902,-124.8509,9:49:00,1,targeted,NA,NA,NA,NA,yes,30,400,0,0,10,40,0,0,0,0,NA,NA,1,SEMSP,NA
DE102N1,DE102,49.99932,-125.1395,7:38:00,1,targeted,NA,NA,NA,NA,yes,30,300,0,0,0,0,0,0,7,10,NA,NA,1,SEMSP,NA
DE103N1,DE103,50.16142,-124.8842,7:50:00,1,targeted,NA,NA,NA,NA,yes,30,200,1,1,5,6,0,0,0,0,NA,NA,1,SEMSP,NA
DE104N1,DE104,50.08007,-124.8511,10:21:00,1,targeted,NA,NA,NA,NA,yes,30,300,0,0,10,10,0,0,1,1,NA,NA,1,SEMSP,NA
DE105N1,DE105,50.11842,-125.07512,13:28:00,1,targeted,NA,NA,NA,NA,yes,30,40,0,0,10,20,0,0,2,2,NA,NA,1,SEMSP,NA
DE106N1,DE106,50.08005,-125.2468,8:00:00,1,targeted,NA,NA,NA,NA,yes,30,600,2,2,10,1000,4,4,0,0,NA,NA,1,SEMSP,NA
DE107N1,DE107,50.16412,-125.1602,12:30:00,1,targeted,NA,NA,NA,NA,yes,30,500,1,1,10,300,1,1,10,10,NA,NA,1,SEMSP,NA
DE108N1,DE108,50.08123,-124.8549,9:00:00,1,targeted,NA,NA,NA,NA,yes,8,8,0,0,10,90,0,0,0,0,NA,NA,1,SEMSP,NA
DE109N1,DE109,50.11405,-125.0787,7:30:00,1,targeted,NA,NA,NA,NA,yes,30,70,0,0,1,10,0,0,2,2,NA,NA,1,SEMSP,NA
DE110N1,DE110,50.1659,-124.8888,11:30:00,1,targeted,NA,NA,NA,NA,yes,6,6,1,1,10,30,0,0,0,0,NA,NA,1,SEMSP,NA
DE111N1,DE111,50.34273,-125.0841,10:30:00,1,targeted,NA,NA,NA,NA,yes,30,200,2,2,10,100,2,6,5,10,NA,NA,1,SEMSP,"Fish moved by jug from net to buckets (30 sockeye in one 5 gallon pale; 50 total chum, pink, herring, coho in a second five gallon pale and two aquaria) to avoid net collapse on fish during onshore wind."
DE112N1,DE112,50.30787,-125.3293,8:00:00,1,targeted,NA,NA,NA,NA,yes,30,200,0,0,10,30,1,1,10,30,NA,NA,1,SEMSP,NA
DE114N1,DE114,50.13705,-125.1175,9:45:00,1,targeted,30,NA,NA,NA,yes,3,3,5,5,10,30,1,5,0,0,NA,NA,1,SEMSP,"Coho: 4 out of 5 in net too large for Whirl-Pak, not taken."
DE115N1,DE115,NA,NA,NA,1,targeted,NA,NA,NA,NA,no,0,0,NA,NA,NA,NA,NA,NA,NA,NA,NA,NA,NA,SEMSP,No sockeye in set; did not enumerate
DE115N2,DE115,50.18217,-125.1493,13:00:00,2,targeted,17,NA,NA,NA,yes,30,200,8,10,10,50,1,1,0,0,NA,NA,1,SEMSP,First set (40 fish) released due to net collapse. Second set targeted different school.
DE116N1,DE116,50.31962,-125.0395,7:00:00,1,targeted,9,NA,NA,NA,yes,29,29,0,0,10,40,1,2,1,1,NA,NA,1,SEMSP,NA
DE117N1,DE117,50.44365,-125.279,10:15:00,1,targeted,20,NA,NA,NA,yes,30,3000,2,10,2,100,0,0,1,10,NA,NA,1,SEMSP,NA
DE120N1,DE120,NA,NA,NA,1,targeted,NA,NA,NA,NA,no,0,0,NA,NA,NA,NA,NA,NA,NA,NA,NA,NA,NA,SEMSP,No sockeye in set; did not enumerate
DE120N2,DE120,50.34655,-125.45602,8:40:00,2,targeted,25,NA,NA,NA,yes,30,200,0,0,10,300,1,1,6,10,NA,NA,1,SEMSP,NA
DE121N1,DE121,50.30723,-125.33345,12:10:00,1,targeted,47,NA,NA,NA,yes,30,200,2,2,4,4,0,0,1,1,NA,NA,1,SEMSP,NA
DE124N1,DE124,50.3153,-125.05186,7:35:00,1,targeted,0,NA,NA,NA,yes,30,200,0,0,10,40,0,0,0,0,NA,NA,1,SEMSP,NA
DE125N1,DE125,NA,NA,10:23:00,1,targeted,22,NA,NA,NA,no,0,0,0,0,0,0,0,0,0,0,NA,NA,NA,SEMSP,"Set on 1 slider, no catch"
DE128N3,DE128,NA,NA,NA,3,targeted,NA,NA,NA,NA,no,0,0,NA,NA,NA,NA,NA,NA,NA,NA,NA,NA,NA,SEMSP,No sockeye in set; did not enumerate
DE128N2,DE128,NA,NA,NA,2,targeted,NA,NA,NA,NA,no,0,0,NA,NA,NA,NA,NA,NA,NA,NA,NA,NA,NA,SEMSP,No sockeye in set; did not enumerate
DE128N1,DE128,NA,NA,NA,1,targeted,NA,NA,NA,NA,no,0,0,NA,NA,NA,NA,NA,NA,NA,NA,NA,NA,NA,SEMSP,No sockeye in set; did not enumerate
DE128N4,DE128,50.44466,-125.2804,8:45:00,4,targeted,97,NA,NA,NA,yes,30,200,0,0,5,10,1,1,1,2,NA,NA,1,SEMSP,NA
DE130N1,DE130,50.30795,-125.32452,12:29:00,1,targeted,11,NA,NA,NA,yes,30,40,0,0,10,10,0,0,0,0,NA,NA,1,SEMSP,NA
DE137N1,DE137,50.44941,-125.33027,6:45:00,1,targeted,28,NA,NA,NA,yes,30,30,0,0,5,10,0,0,1,1,NA,NA,1,SEMSP,NA
DE138N1,DE138,NA,NA,9:55:00,1,targeted,33,NA,NA,NA,no,0,0,0,0,0,0,0,6,0,0,NA,NA,NA,SEMSP,"CO = 6 total, released"
DE139N1,DE139,50.30884,-125.32275,11:10:00,1,targeted,10,NA,NA,NA,yes,30,200,0,0,10,10,0,0,3,3,NA,NA,1,SEMSP,NA
DE140N1,DE140,50.10015,-125.27265,10:19:00,1,targeted,36,NA,NA,NA,yes,30,40,0,0,10,200,0,0,0,0,NA,NA,1,SEMSP,NA
DE143N1,DE143,50.31763,-125.04942,6:25:00,1,targeted,5,NA,NA,NA,yes,2,2,1,1,10,60,0,0,0,0,NA,NA,1,SEMSP,NA
DE145N1,DE145,50.06119,-124.87916,9:32:00,1,targeted,22,NA,NA,NA,no,0,0,0,0,0,10,0,10,0,0,NA,NA,NA,SEMSP,NA
DE146N1,DE146,NA,NA,10:49:00,1,targeted,16,NA,NA,NA,no,0,0,0,0,0,6,0,0,0,0,NA,NA,NA,SEMSP,"CU = 6 total, released"
DE148N1,DE148,NA,NA,13:04:00,1,targeted,30,NA,NA,NA,no,0,0,0,0,0,0,0,0,0,0,NA,NA,NA,SEMSP,bycatch 200 squuid
DE149N1,DE149,50.44527,-125.2774,6:34:00,1,targeted,4,NA,NA,NA,yes,30,800,0,0,0,2,1,1,1,1,NA,NA,1,SEMSP,NA
DE150N2,DE150,NA,NA,NA,2,targeted,NA,NA,NA,NA,no,0,0,NA,NA,NA,NA,NA,NA,NA,NA,NA,NA,NA,SEMSP,No sockeye in set; did not enumerate
DE150N1,DE150,NA,NA,NA,1,targeted,NA,NA,NA,NA,no,0,0,NA,NA,NA,NA,NA,NA,NA,NA,NA,NA,NA,SEMSP,No sockeye in set; did not enumerate
DE150N3,DE150,50.34762,-125.45358,9:32:00,3,targeted,35,NA,NA,NA,yes,30,100,1,1,10,200,1,1,1,1,NA,NA,1,SEMSP,NA
DE151N1,DE151,50.30492,-125.33058,12:53:00,1,targeted,5,NA,NA,NA,yes,30,500,0,0,10,100,0,0,3,4,NA,NA,1,SEMSP,NA
DE152N2,DE152,NA,NA,NA,2,targeted,NA,NA,NA,NA,no,0,0,NA,NA,NA,NA,NA,NA,NA,NA,NA,NA,NA,SEMSP,No sockeye in set; did not enumerate
DE152N1,DE152,NA,NA,NA,1,targeted,NA,NA,NA,NA,no,0,0,NA,NA,NA,NA,NA,NA,NA,NA,NA,NA,NA,SEMSP,No sockeye in set; did not enumerate
DE152N3,DE152,50.44217,-125.27406,6:42:00,3,targeted,56,NA,NA,NA,yes,30,500,1,1,10,300,0,0,1,2,NA,NA,1,SEMSP,NA
DE153N1,DE153,NA,NA,NA,1,targeted,NA,NA,NA,NA,no,0,0,NA,NA,NA,NA,NA,NA,NA,NA,NA,NA,NA,SEMSP,No sockeye in set; did not enumerate
DE153N2,DE153,50.34851,-125.44831,10:21:00,2,targeted,19,NA,NA,NA,yes,12,15,0,0,10,300,1,1,0,0,NA,NA,1,SEMSP,NA
DE154N1,DE154,50.30759,-125.32969,13:11:00,1,targeted,20,NA,NA,NA,yes,30,40,1,1,10,40,0,0,7,7,NA,NA,1,SEMSP,NA
DE155N1,DE155,50.31954,-125.04247,6:23:00,1,targeted,13,NA,NA,NA,yes,29,60,0,0,2,2,0,0,0,0,NA,NA,1,SEMSP,NA
DE158N1,DE158,NA,NA,NA,1,targeted,NA,NA,NA,NA,no,0,0,NA,NA,NA,NA,NA,NA,NA,NA,NA,NA,NA,SEMSP,No sockeye in set; did not enumerate
DE158N2,DE158,50.07966,-125.24845,11:32:00,2,targeted,27,NA,NA,NA,yes,15,40,4,20,3,20,0,0,0,0,NA,NA,1,SEMSP,NA
DE160N1,DE160,50.44342,-125.27904,7:00:00,1,targeted,19,NA,NA,NA,yes,22,25,3,5,10,600,0,0,1,3,NA,NA,1,SEMSP,NA
DE162N1,DE162,50.30771,-125.32864,10:59:00,1,targeted,15,NA,NA,NA,yes,30,100,0,0,10,200,1,4,1,1,NA,NA,1,SEMSP,NA
DE163N1,DE163,50.19112,-125.14202,14:00:00,1,targeted,9,NA,NA,NA,yes,13,13,0,0,10,100,0,0,0,1,NA,NA,1,SEMSP,NA
DE164N1,DE164,NA,NA,10:06:00,1,targeted,22,NA,NA,NA,no,0,0,0,0,0,100,0,1,0,0,NA,NA,NA,SEMSP,"CU = 100 total, CO = 1 total, released"
DE168N1,DE168,50.30812,-125.3269,10:51:00,1,targeted,5,NA,NA,NA,yes,30,40,1,1,10,10,0,0,1,1,NA,NA,1,SEMSP,NA
DE169N1,DE169,NA,NA,NA,1,targeted,NA,NA,NA,NA,no,0,0,NA,NA,NA,NA,NA,NA,NA,NA,NA,NA,NA,SEMSP,No sockeye in set; did not enumerate
DE169N2,DE169,50.1915,-125.14292,14:13:00,2,targeted,17,NA,NA,NA,yes,30,30,6,6,10,70,0,0,0,0,NA,NA,1,SEMSP,NA
DE170N1,DE170,NA,NA,NA,1,targeted,NA,NA,NA,NA,no,0,0,NA,NA,NA,NA,NA,NA,NA,NA,NA,NA,NA,SEMSP,No sockeye in set; did not enumerate
DE170N2,DE170,50.30734,-125.33514,6:34:00,2,targeted,30,NA,NA,NA,yes,27,27,1,1,10,100,0,0,3,3,NA,NA,1,SEMSP,Net collapse first set
DE171N1,DE171,NA,NA,NA,1,targeted,NA,NA,NA,NA,no,0,0,NA,NA,NA,NA,NA,NA,NA,NA,NA,NA,NA,SEMSP,No sockeye in set; did not enumerate
DE171N2,DE171,NA,NA,10:20:00,2,targeted,27,NA,NA,NA,no,0,0,0,0,0,0,0,0,0,0,NA,NA,NA,SEMSP,"First set 40 chum, second set 0 fish."
DE173N1,DE173,50.19077,-125.14249,13:22:00,1,targeted,8,NA,NA,NA,yes,30,200,2,2,10,100,5,7,0,1,NA,NA,1,SEMSP,11 sockeye taken for DFO 6 frozen 5 formalin
DE174N1,DE174,50.30806,-125.32972,9:20:00,1,targeted,3,NA,NA,NA,yes,30,100,1,1,10,100,0,0,5,5,NA,NA,1,SEMSP,Samples marked D09(2). Initial set removed due to potential bias from snag on bottom.
DE175N1,DE175,50.19017,-125.14437,12:05:00,1,targeted,17,NA,NA,NA,yes,1,1,3,3,10,25,10,20,0,0,NA,NA,1,SEMSP,NA
DE179N1,DE179,NA,NA,11:30:00,1,targeted,21,NA,NA,NA,no,0,0,NA,NA,NA,NA,NA,NA,NA,NA,NA,NA,NA,SEMSP,No sockeye in set; did not enumerate
DE182N1,DE182,50.19051,-125.1444,14:29:00,1,targeted,10,NA,NA,NA,yes,22,23,3,3,10,100,5,6,0,0,NA,NA,1,SEMSP,Fish with lesions SO # 10
DE183N1,DE183,NA,NA,NA,1,targeted,NA,NA,NA,NA,no,0,0,NA,NA,NA,NA,NA,NA,NA,NA,NA,NA,NA,SEMSP,No sockeye in set; did not enumerate
DE183N2,DE183,50.30767,-125.33023,7:30:00,2,targeted,31,NA,NA,NA,yes,26,26,1,1,10,200,0,0,2,2,NA,NA,1,SEMSP,SO 2 and 26 had lesions on dorasl surface of body. SO 4 had hemorrhaging gills. HE 1 had hem. fins.
DE184N1,DE184,50.34741,-125.45333,10:58:00,1,targeted,17,NA,NA,NA,yes,30,600,2,10,10,400,1,1,0,0,NA,NA,1,SEMSP,NA
DE185N1,DE185,NA,NA,NA,1,targeted,NA,NA,NA,NA,no,0,0,NA,NA,NA,NA,NA,NA,NA,NA,NA,NA,NA,SEMSP,No sockeye in set; did not enumerate
DE185N2,DE185,NA,NA,13:56:00,2,targeted,33,NA,NA,NA,no,0,0,NA,NA,NA,NA,NA,NA,NA,NA,NA,NA,NA,SEMSP,No sockeye in set; did not enumerate
DE186N1,DE186,NA,NA,7:50:00,1,targeted,54,NA,NA,NA,no,0,0,NA,NA,NA,NA,NA,NA,NA,NA,NA,NA,NA,SEMSP,No sockeye in set; did not enumerate
DE189N1,DE189,NA,NA,12:21:00,1,targeted,44,NA,NA,NA,no,0,0,NA,NA,NA,NA,NA,NA,NA,NA,NA,NA,NA,SEMSP,No sockeye in set; did not enumerate
DE190N1,DE190,NA,NA,1:50:00,1,targeted,28,NA,NA,NA,no,0,0,NA,NA,NA,NA,NA,NA,NA,NA,NA,NA,NA,SEMSP,No sockeye in set; did not enumerate
DE192N2,DE192,NA,NA,NA,2,targeted,NA,NA,NA,NA,no,0,0,NA,NA,NA,NA,NA,NA,NA,NA,NA,NA,NA,SEMSP,No sockeye in set; did not enumerate
DE192N1,DE192,NA,NA,NA,1,targeted,NA,NA,NA,NA,no,0,0,NA,NA,NA,NA,NA,NA,NA,NA,NA,NA,NA,SEMSP,No sockeye in set; did not enumerate
DE192N3,DE192,50.34866,-125.44482,9:41:00,3,targeted,48,NA,NA,NA,yes,30,200,1,1,10,100,1,1,0,1,NA,NA,1,SEMSP,NA
DE193N1,DE193,NA,NA,15:44:00,1,targeted,15,NA,NA,NA,no,0,0,NA,NA,NA,NA,NA,10,NA,NA,NA,NA,NA,SEMSP,No sockeye in set; did not enumerate
DE194N1,DE194,50.32119,-125.03856,11:02:00,1,targeted,36,NA,NA,NA,yes,12,13,0,0,10,18,2,2,1,1,NA,NA,1,SEMSP,NA
DE195N1,DE195,NA,NA,14:12:00,1,targeted,38,NA,NA,NA,no,0,0,NA,NA,NA,NA,NA,NA,NA,NA,NA,NA,NA,SEMSP,No sockeye in set; did not enumerate
DE198N1,DE198,NA,NA,NA,1,targeted,NA,NA,NA,NA,no,0,0,NA,NA,NA,NA,NA,NA,NA,NA,NA,NA,NA,SEMSP,No sockeye in set; did not enumerate
DE198N2,DE198,50.34829,-125.45001,8:05:00,2,targeted,14,NA,NA,NA,yes,30,200,0,0,10,200,1,1,6,20,NA,NA,1,SEMSP,"Herring not numbered in order, Lesions: SO 28 ( also hem on pectrol fin)"
DE199N1,DE199,50.30819,-125.32694,11:16:00,1,targeted,2,NA,NA,NA,yes,30,50,0,0,10,50,0,0,10,10,NA,NA,1,SEMSP,NA
DE201N1,DE201,50.09809,-125.27142,10:14:00,1,targeted,30,NA,NA,NA,yes,5,6,0,0,10,300,0,0,1,1,NA,NA,1,SEMSP,NA
DE205N1,DE205,NA,NA,NA,1,targeted,NA,NA,NA,NA,no,0,0,NA,NA,NA,NA,NA,NA,NA,NA,NA,NA,NA,SEMSP,No sockeye in set; did not enumerate
DE205N2,DE205,50.34758,-125.4553,9:33:00,2,targeted,32,NA,NA,NA,yes,3,3,2,2,10,44,0,0,0,0,NA,NA,1,SEMSP,NA
DE206N1,DE206,50.30597,-125.33588,12:29:00,1,targeted,34,NA,NA,NA,yes,30,200,0,0,10,80,2,2,10,10,NA,NA,1,SEMSP,NA
DE207N1,DE207,NA,NA,7:00:00,1,targeted,38,NA,NA,NA,no,0,0,0,0,0,14,0,1,0,0,NA,NA,NA,SEMSP,"No sockeye in set. coho =1, chum=14, released"
DE212N1,DE212,NA,NA,NA,1,targeted,NA,NA,NA,NA,no,0,0,NA,NA,NA,NA,NA,NA,NA,NA,NA,NA,NA,SEMSP,No sockeye in set; did not enumerate
DE212N2,DE212,50.44949,-125.32427,7:13:00,2,targeted,67,NA,NA,NA,yes,30,60,0,0,10,200,0,0,0,0,NA,NA,1,SEMSP,NA
DE213N1,DE213,NA,NA,11:06:00,1,targeted,52,NA,NA,NA,no,0,0,NA,NA,NA,NA,NA,NA,NA,NA,NA,NA,NA,SEMSP,No sockeye in set; did not enumerate
DE214N1,DE214,50,-125,12:27:00,1,targeted,8,NA,NA,NA,yes,29,100,7,7,10,300,0,0,4,4,NA,NA,1,SEMSP,NA
DE216N1,DE216,NA,NA,7:14:00,1,targeted,25,NA,NA,NA,no,0,0,NA,NA,NA,NA,NA,NA,NA,NA,NA,NA,NA,SEMSP,No sockeye in set; did not enumerate
DE217N1,DE217,NA,NA,NA,1,targeted,NA,NA,NA,NA,no,0,0,NA,NA,NA,NA,NA,NA,NA,NA,NA,NA,NA,SEMSP,No sockeye in set; did not enumerate
DE217N2,DE217,50.10264,-125.27585,8:32:00,2,targeted,53,NA,NA,NA,yes,6,6,4,10,10,2000,0,0,1,5,NA,NA,1,SEMSP,NA
DE218N1,DE218,50.44045,-125.27069,7:05:00,1,targeted,10,NA,NA,NA,yes,7,7,0,0,10,40,1,1,1,1,NA,NA,1,SEMSP,NA
DE219N1,DE219,50.34969,-125.44451,8:58:00,1,targeted,12,NA,NA,NA,yes,9,9,10,300,10,500,0,0,0,0,NA,NA,1,SEMSP,NA
DE220N1,DE220,50.30698,-125.3259,11:07:00,1,targeted,2,NA,NA,NA,yes,30,240,0,0,5,5,1,1,0,0,NA,NA,1,SEMSP,NA
DE221N1,DE221,50.30702,-125.33509,9:22:00,1,targeted,18,NA,NA,NA,yes,19,20,10,20,10,30,0,0,0,0,NA,NA,1,SEMSP,NA
DE224N1,DE224,NA,NA,6:48:00,1,targeted,59,NA,NA,NA,no,0,0,NA,NA,NA,NA,NA,NA,NA,NA,NA,NA,NA,SEMSP,No sockeye in set; did not enumerate
DE225N1,DE225,50.34844,-125.44666,8:17:00,1,targeted,8,NA,NA,NA,yes,30,50,0,0,10,200,0,0,0,0,NA,NA,1,SEMSP,NA
DE226N1,DE226,NA,NA,NA,1,targeted,NA,NA,NA,NA,no,0,0,NA,NA,NA,NA,NA,NA,NA,NA,NA,NA,NA,SEMSP,No sockeye in set; did not enumerate
DE226N2,DE226,50.30764,-125.33348,10:52:00,2,targeted,46,NA,NA,NA,yes,8,8,2,2,10,80,0,0,0,0,NA,NA,1,SEMSP,NA
DE231N1,DE231,NA,NA,NA,1,targeted,NA,NA,NA,NA,no,0,0,NA,NA,NA,NA,NA,NA,NA,NA,NA,NA,NA,SEMSP,No sockeye in set; did not enumerate
DE231N2,DE231,50.30377,-125.33768,9:47:00,2,targeted,20,NA,NA,NA,yes,30,60,7,8,10,200,0,0,10,20,NA,NA,1,SEMSP,NA
DE234N1,DE234,50.34874,-125.44617,13:30:00,1,targeted,10,NA,NA,NA,yes,1,1,10,20,10,100,0,0,0,0,NA,NA,1,SEMSP,NA
DE236N1,DE236,50.30641,-125.31584,6:56:00,1,targeted,0,NA,NA,NA,yes,4,4,0,0,10,50,0,0,7,7,NA,NA,1,SEMSP,NA
DE237N1,DE237,50.34825,-125.44895,8:43:00,1,targeted,8,NA,NA,NA,yes,23,23,10,100,10,400,0,0,0,0,NA,NA,1,SEMSP,NA
DE238N1,DE238,50.34797,-125.45584,11:46:00,1,targeted,11,NA,NA,NA,yes,17,18,10,50,10,500,0,0,0,0,NA,NA,1,SEMSP,NA
DE239N1,DE239,NA,NA,NA,1,targeted,NA,NA,NA,NA,no,0,0,NA,NA,NA,NA,NA,NA,NA,NA,NA,NA,NA,SEMSP,No sockeye in set; did not enumerate
DE239N2,DE239,50.3079,-125.32955,14:13:00,2,targeted,18,NA,NA,NA,yes,5,5,10,100,10,100,0,0,3,3,NA,NA,1,SEMSP,NA
DE240N1,DE240,50.30717,-125.33303,6:50:00,1,targeted,16,NA,NA,NA,yes,30,200,1,1,8,10,0,0,0,0,NA,NA,1,SEMSP,Sockeye very small
DE241N1,DE241,50.34811,-125.454,9:33:00,1,targeted,26,NA,NA,NA,yes,5,5,10,200,10,300,0,0,1,1,NA,NA,1,SEMSP,72 training fish taken recorded as morts
DE245N2,DE245,50.318037,-125.049415,7:40:00,2,targeted,92,NA,NA,NA,no,0,0,0,0,0,0,0,0,0,0,NA,NA,NA,SEMSP,"No fish caught in either set. Fish surface activity: rapid splashing as of many fish. Visual on several: small <7cm, some distinct popping also."
DE245N1,DE245,50.318037,-125.049415,7:25:00,1,targeted,92,NA,NA,NA,no,0,0,0,0,0,0,0,0,0,0,NA,NA,NA,SEMSP,"No fish caught in either set. Fish surface activity: rapid splashing as of many fish. Visual on several: small <7cm, some distinct popping also. No specific set activity recorded for second set."
DE255N2,DE255,50.023957,-124.914675,8:03:00,2,targeted,10,NA,NA,NA,yes,31,400,10,20,10,20,0,0,9,9,NA,NA,1,SEMSP,Saw fish immediately upon site arrival
DE255N1,DE255,50.023957,-124.914675,7:28:00,1,targeted,15,NA,NA,NA,no,0,0,0,0,0,0,0,0,0,0,NA,NA,NA,SEMSP,Saw fish immediately upon site arrival
DE258N1,DE258,49.9865,-125.162953,14:00:00,1,targeted,12,NA,NA,NA,yes,30,60,3,3,1,1,2,2,0,0,NA,NA,1,SEMSP,mortality: 1 unidentified juvenile salmon
DE259N1,DE259,50.237386,-125.12002,6:25:00,1,targeted,10,NA,NA,NA,yes,30,200,1,1,1,1,0,0,10,11,NA,NA,1,SEMSP,NA
DE260N1,DE260,50.32113,-125.040588,10:35:00,1,targeted,35,NA,NA,NA,yes,2,2,3,3,0,0,1,1,9,9,NA,NA,1,SEMSP,NA
DE261N1,DE261,50.19304,-125.136573,13:01:00,1,targeted,4,NA,NA,NA,yes,30,100,2,2,3,3,1,1,10,16,NA,NA,1,SEMSP,NA
DE262N1,DE262,50.287179,-125.33416,7:40:00,1,targeted,71,NA,NA,NA,no,0,0,0,0,0,1,0,2,0,0,NA,NA,NA,SEMSP,NA
DE263N1,DE263,50.243454,-125.398108,9:50:00,1,targeted,16,NA,NA,NA,yes,30,700,10,20,10,30,2,2,10,30,NA,NA,1,SEMSP,NA
DE264N2,DE264,50.208559,-125.355064,14:20:00,2,targeted,13,NA,NA,NA,no,0,2,0,9,0,9,0,1,0,0,NA,NA,NA,SEMSP,Released fish due to more fish in the area.
DE264N1,DE264,50.208559,-125.355064,13:40:00,1,targeted,20,NA,NA,NA,no,0,1000,0,0,0,0,0,0,0,0,NA,NA,NA,SEMSP,Released fish due to abrasion on net.
DE267N1,DE267,50.393263,-125.373514,9:50:00,1,targeted,38,NA,NA,NA,yes,30,500,0,0,3,6,0,1,6,9,NA,NA,1,SEMSP,"Had to end sampling to prevent drifting onto rocks. (Could not sample more CU, HE, or CO)"
DE269N2,DE269,50.020465,-124.917743,6:58:00,2,targeted,22,NA,NA,NA,yes,30,200,3,3,5,10,0,0,0,0,NA,NA,1,SEMSP,"First set 06:20 mostly chum fry. Set on dimpling 2 and a single slider event(1) resume search 06:48, second set 06:58-targeted set."
DE269N1,DE269,50.020465,-124.917743,6:20:00,1,targeted,22,NA,NA,NA,no,0,2,0,0,0,50,0,0,0,0,NA,NA,NA,SEMSP,"First set 06:20 mostly chum fry. Set on dimpling 2 and a single slider event(1) resume search 06:48, second set 06:58-targeted set."
DE272N1,DE272,49.990151,-125.160818,13:15:00,1,targeted,27,NA,NA,NA,no,0,0,0,0,0,0,0,0,0,0,NA,NA,NA,SEMSP,set surface activity only recorded once. Unclear which set its for.
DE272N2,DE272,49.990151,-125.160818,12:51:00,2,targeted,27,NA,NA,NA,no,0,0,0,0,0,0,0,0,0,0,NA,NA,NA,SEMSP,Resume search 13:05 after first set.
DE274N1,DE274,50.319977,-125.042165,6:56:00,1,targeted,25,NA,NA,NA,yes,30,100,3,3,8,8,1,1,0,0,NA,NA,1,SEMSP,NA
DE275N1,DE275,50.241361,-125.119113,10:52:00,1,targeted,10,NA,NA,NA,yes,30,600,10,20,10,20,1,1,0,0,NA,NA,1,SEMSP,morst in MS222 waste by accident
DE276N1,DE276,50.191099,-125.138578,14:10:00,1,targeted,7,NA,NA,NA,yes,30,100,10,70,10,70,0,0,0,0,NA,NA,1,SEMSP,NA
DE277N1,DE277,50.30908,-125.325703,6:30:00,1,targeted,4,NA,NA,NA,yes,30,600,10,40,10,40,1,1,0,0,NA,NA,1,SEMSP,Coho neglected and in dry shipper.
DE278N1,DE278,50.274701,-125.377445,9:30:00,1,targeted,19,NA,NA,NA,yes,30,600,10,100,10,100,0,0,4,4,NA,NA,1,SEMSP,NA
DE279N2,DE279,50.224106,-125.395004,13:25:00,2,targeted,45,NA,NA,NA,yes,30,600,10,60,10,60,7,7,3,3,NA,NA,1,SEMSP,NA
DE279N1,DE279,50.224106,-125.395004,13:00:00,1,targeted,45,NA,NA,NA,no,0,0,0,0,0,0,0,0,0,0,NA,NA,NA,SEMSP,First set originally not entered due to no fish in catch. Set surface activity was not recorded for first set.
DE282N1,DE282,50.392115,-125.374782,8:44:00,1,targeted,33,NA,NA,NA,yes,30,500,4,4,4,7,2,3,0,0,NA,NA,1,SEMSP,NA
DE284N2,DE284,50.3175,-125.050736,7:52:00,2,targeted,42,NA,NA,NA,no,0,2,0,40,0,20,0,2,0,0,NA,NA,NA,SEMSP,NA
DE284N1,DE284,50.3175,-125.050736,7:13:00,1,targeted,42,NA,NA,NA,no,0,3,0,1,0,9,0,1,0,0,NA,NA,NA,SEMSP,NA
DE287N1,DE287,50.190737,-125.143169,11:06:00,1,targeted,5,NA,NA,NA,yes,30,600,10,80,10,80,0,0,0,0,NA,NA,1,SEMSP,NA
DE288N1,DE288,50.243773,-125.397476,7:00:00,1,targeted,9,NA,NA,NA,yes,30,400,10,40,8,20,0,0,0,1,NA,NA,1,SEMSP,NA
DE290N2,DE290,50.304166,-125.333511,12:32:00,2,targeted,5,NA,NA,NA,yes,30,200,9,9,10,13,0,0,4,4,NA,NA,1,SEMSP,NA
DE290N1,DE290,50.304166,-125.333511,11:30:00,1,targeted,5,NA,NA,NA,no,0,0,0,0,0,0,0,0,0,0,NA,NA,NA,SEMSP,"Caught net on bottom, abandoned set to free net."
DE292N1,DE292,50.308769,-125.326765,7:47:00,1,targeted,0,NA,NA,NA,yes,30,200,3,3,10,60,0,0,0,0,NA,NA,1,SEMSP,NA
DE293N1,DE293,50.274055,-125.328828,10:50:00,1,targeted,0,NA,NA,NA,yes,30,1000,10,100,10,100,1,2,10,13,NA,NA,1,SEMSP,NA
DE294N1,DE294,50.24565,-125.396035,14:35:00,1,targeted,2,NA,NA,NA,yes,30,50,10,100,10,10,0,0,0,0,NA,NA,1,SEMSP,First dayaltering search time method. First day with altered set/site-wide surface activity
DE295N1,DE295,50.347739,-125.45463,7:17:00,1,targeted,7,NA,NA,NA,yes,30,400,4,4,10,100,0,0,3,3,NA,NA,1,SEMSP,Boat/Net pushed around in current while maneuvering boat into ssafe position. Significant scale loss. Fish may not be suitable for sea lice enumeration.
DE296N1,DE296,50.386065,-125.376067,10:38:00,1,targeted,5,NA,NA,NA,yes,30,200,6,6,10,200,0,0,0,0,NA,NA,1,SEMSP,NA
DE297N1,DE297,50.462513,-125.368231,14:39:00,1,targeted,5,NA,NA,NA,yes,30,300,4,100,3,80,0,0,0,1,NA,NA,1,SEMSP,NA
DE299N1,DE299,50.239953,-125.126574,8:21:00,1,targeted,3,NA,NA,NA,yes,30,200,10,200,10,200,1,1,0,0,NA,NA,1,SEMSP,NA
DE300N1,DE300,50.190887,-125.143416,12:45:00,1,targeted,4,NA,NA,NA,yes,30,600,10,100,10,100,1,2,0,0,NA,NA,1,SEMSP,NA
DE301N1,DE301,50.30436,-125.332956,8:25:00,1,targeted,1,NA,NA,NA,yes,30,80,0,0,10,15,0,0,0,0,NA,NA,1,SEMSP,"Visual estimate of catch: 80 sockeye, 5 chum, 3 chinook. Census of catch (milk jug scoop): 82 sockeye, 8 chum, 3 chinook.Total abundance estimate: B: 110, L: 80, M: 60"
DE302N1,DE302,50.242671,-125.398265,13:10:00,1,targeted,4,NA,NA,NA,yes,30,570,10,36,10,80,1,2,10,16,NA,NA,1,SEMSP,"Counted fish individually as they swam over the corks during release process for more precise enumeration. Numbers on reverse of data sheet. Enumerated numbers was conducted after sampling and does not include sampled fish. Sockeye: 537, chum: 71, pink: 36, coho: 1, herring: 6"
DE303N1,DE303,50.347862,-125.455554,6:40:00,1,targeted,4,NA,NA,NA,yes,30,400,10,100,10,100,0,0,0,0,NA,NA,1,SEMSP,NA
DE305N2,DE305,50.461604,-125.368943,12:00:00,2,targeted,17,NA,NA,NA,yes,30,100,10,50,10,50,1,1,0,0,NA,NA,1,SEMSP,NA
DE305N1,DE305,50.461604,-125.368943,11:45:00,1,targeted,17,NA,NA,NA,no,0,0,0,0,0,0,0,0,0,0,NA,NA,NA,SEMSP,No fish in first set.
DE307N1,DE307,50.31794,-125.050807,7:00:00,1,targeted,2,NA,NA,NA,yes,0,0,10,26,10,40,1,1,1,1,NA,NA,1,SEMSP,NA
DE308N1,DE308,50.190683,-125.143138,10:30:00,1,targeted,1,NA,NA,NA,yes,30,80,10,60,4,100,0,0,0,0,NA,NA,1,SEMSP,"Fish became unhappy in net, released before able to take all 10 chum samples"
DE310N2,DE310,50.021998,-124.916211,7:05:00,2,targeted,0,NA,NA,NA,yes,1,1,8,10,5,6,0,0,0,0,NA,NA,1,SEMSP,NA
DE310N1,DE310,50.021998,-124.916211,6:35:00,1,targeted,0,NA,NA,NA,no,0,0,0,0,0,10,0,1,0,0,NA,NA,NA,SEMSP,NA
DE315N1,DE315,50.391225,-125.365332,9:50:00,1,targeted,40,NA,NA,NA,yes,15,15,10,100,9,80,0,0,0,0,NA,NA,1,SEMSP,NA
DE317N3,DE317,50.305971,-125.334369,7:40:00,3,random,NA,NA,NA,NA,no,0,0,0,0,0,0,0,0,0,0,NA,NA,NA,SEMSP,random blind set thus no other data collected
DE317N2,DE317,50.305971,-125.334369,6:59:00,2,random,NA,NA,NA,NA,no,0,0,0,0,0,0,0,0,0,0,NA,NA,NA,SEMSP,random blind set thus no other data collected
DE317N1,DE317,50.305971,-125.334369,6:34:00,1,random,NA,NA,NA,NA,no,0,0,0,0,0,0,0,0,0,0,NA,NA,NA,SEMSP,random blind set thus no other data collected
DE320N1,DE320,50.235322,-125.39888,8:47:00,1,targeted,11,NA,NA,NA,yes,30,200,10,400,10,400,0,0,0,0,NA,NA,1,SEMSP,mort due to miscount
DE321N1,DE321,50.275083,-125.381356,11:58:00,1,targeted,2,NA,NA,NA,yes,6,6,10,500,10,20,0,0,0,0,NA,NA,1,SEMSP,mort due to miscount. DS00996 clip removed because it was a pink not a sockeye.
DE322N1,DE322,50.307203,-125.332605,14:20:00,1,targeted,3,NA,NA,NA,yes,30,100,10,100,10,200,0,0,0,0,NA,NA,1,SEMSP,"3 random sets conducted over DFO accoustic moorings. 1) 06:34 @ 50.305971N, 125.334369W - Dimpling observed but no fish in net. 2) 06:59 @ same as 1st set - some dimpling observed, no fish in net. 3) 07:40 @ western mooring. No surface activity observed, no fish."
DE323N2,DE323,50.319224,-125.044219,7:20:00,2,random,52,NA,NA,NA,no,0,0,0,0,0,0,0,0,0,0,NA,NA,NA,SEMSP,"Sampling with DFO. Chrys Neville/Nordic Queen second set time: 07:00. Zero surface activity and no fish. DFO also reported minimal fish in their catch, almost no sockeye."
DE323N1,DE323,50.319224,-125.044219,6:58:00,1,targeted,52,NA,NA,NA,no,0,0,0,0,0,0,0,0,0,0,NA,NA,NA,SEMSP,"Sampling with DFO. Chrys Neville/Nordic Queen first set time: 06:33. One splash and one dimple ovserved, but not deemed settable school. No other surface activity observed in area. DFO also reported minimal fish in their catch, almost no sockeye."
DE325N2,DE325,50.238067,-125.1179,9:22:00,2,targeted,0,NA,NA,NA,no,0,0,0,0,0,0,0,0,0,0,NA,NA,NA,SEMSP,"Sparse splashing, no fish."
DE325N1,DE325,50.238067,-125.1179,8:50:00,1,targeted,0,NA,NA,NA,no,0,0,0,0,0,0,0,0,0,0,NA,NA,NA,SEMSP,NA
DE327N2,DE327,50.191383,-125.143884,14:00:00,2,targeted,9,NA,NA,NA,yes,30,300,0,100,0,100,0,0,0,0,NA,NA,1,SEMSP,"Took 30 sockeye to train lab personnel. Set time not taken, but estimated to be 14:00."
DE327N1,DE327,50.191383,-125.143884,11:23:00,1,targeted,9,NA,NA,NA,yes,30,100,10,30,10,30,0,0,0,0,NA,NA,1,SEMSP,"Released first set, then remembered Bretts request for trainer fish. 10 or more fish escaped from the net through gaps between net and corks."
DE329N2,DE329,50.30661,-125.335266,9:36:00,2,targeted,3,NA,NA,NA,yes,14,14,10,20,10,30,0,0,0,0,NA,NA,1,SEMSP,"DFO set at 09:30. No fish in our first set but large school observed. 3 CTD drops total: 1 practice, 1 @ oceanography site (65m), 1 @ fish site (10m), catch enumerated (sockeye: 14, chum: 36, pink: 27)"
DE329N1,DE329,50.30661,-125.335266,9:23:00,1,targeted,3,NA,NA,NA,no,0,0,0,0,0,0,0,0,0,0,NA,NA,NA,SEMSP,"DFO set at 09:30. No fish in our first set but large school observed. 3 CTD drops total: 1 practice, 1 @ oceanography site (65m), 1 @ fish site (10m)"
DE331N1,DE331,50.236643,-125.39734,14:37:00,1,targeted,7,NA,NA,NA,no,0,0,NA,NA,NA,NA,NA,NA,NA,NA,NA,NA,NA,SEMSP,3rd set caught approximately 300 fish. Current caused issues and needed to release set.
DE335N2,DE335,50.382455,-125.373533,7:00:00,2,targeted,0,NA,NA,NA,yes,60,100,10,200,10,200,0,0,0,0,NA,NA,1,SEMSP,2nd set: 0700. 30 sockeye taken as trainer fish.
DE335N1,DE335,50.382455,-125.373533,6:33:00,1,targeted,0,NA,NA,NA,no,0,0,0,0,0,0,0,1,0,0,NA,NA,NA,SEMSP,1st set: 1 coho only
DE337N1,DE337,50.38992,-125.613237,10:52:00,1,targeted,30,NA,NA,NA,no,0,0,0,0,0,0,0,0,0,0,NA,NA,NA,SEMSP,DFO set at 10:44 - Cameron & Julia report zero sockeye in set. 1st set 10:52 on one aggressive slider. Suspect coho
DE338N1,DE338,50.458706,-125.365059,13:00:00,1,targeted,8,NA,NA,NA,yes,30,50,10,100,10,100,0,0,3,3,NA,NA,1,SEMSP,NA
DE341N1,DE341,50.24043,-125.119941,10:20:00,1,targeted,12,NA,NA,NA,yes,21,21,10,100,10,200,0,0,3,3,NA,NA,1,SEMSP,NA
DE342N1,DE342,50.022465,-124.916635,7:50:00,1,targeted,23,NA,NA,NA,no,0,0,0,10,0,10,0,0,0,0,NA,NA,NA,SEMSP,NA
DE344N1,DE344,49.997783,-125.15945,11:45:00,1,targeted,21,NA,NA,NA,yes,9,9,10,70,10,70,0,0,3,3,NA,NA,1,SEMSP,"1st set no fish, interupted oceanography to set. Crafty fish, very skittish. Gone Quickly. Ipad not working and coordinates were taken off phne in degree decimal minutes. 2nd set: after leaving the site."
DE350N2,DE350,50.307068,-125.329361,10:02:00,2,targeted,14,NA,NA,NA,no,0,0,0,0,0,0,0,0,0,0,NA,NA,NA,SEMSP,"Set 2 with DFO. DFO set at 10:00, Sloop Jo set at 10:02. Targeted school seen below the surface. No fish."
DE350N1,DE350,50.307068,-125.329361,9:24:00,1,random,14,NA,NA,NA,no,0,0,0,0,0,0,0,0,0,0,NA,NA,NA,SEMSP,"Set 1 with DFO. DFO set at 09:22, Sloop Jo set at 09:24. Random set, no fish."
DE352N1,DE352,50.378699,-125.373927,6:43:00,1,targeted,0,NA,NA,NA,yes,6,6,10,300,10,300,0,0,2,2,NA,NA,1,SEMSP,NA
DE353N1,DE353,50.348081,-125.455923,9:45:00,1,targeted,18,NA,NA,NA,yes,22,22,10,200,10,40,0,0,0,0,NA,NA,1,SEMSP,NA
DE355N1,DE355,50.462531,-125.359047,15:15:00,1,targeted,15,NA,NA,NA,yes,6,6,10,70,10,50,0,0,0,0,NA,NA,1,SEMSP,"Search paused at 14:51, continued at 15:08."
DE357N2,DE357,50.240733,-125.12055,8:50:00,2,targeted,7,NA,NA,NA,no,0,0,0,8,0,1,0,0,0,0,NA,NA,NA,SEMSP,NA
DE357N1,DE357,50.240733,-125.12055,8:30:00,1,targeted,7,NA,NA,NA,no,0,0,0,1,0,1,0,0,0,0,NA,NA,NA,SEMSP,NA
DE360N1,DE360,50.275178,-125.378066,6:40:00,1,targeted,8,NA,NA,NA,yes,24,24,10,200,10,40,0,0,0,0,NA,NA,1,SEMSP,NA
DE361N2,DE361,50.307066,-125.322977,10:15:00,2,targeted,NA,NA,NA,NA,yes,8,8,10,100,10,100,1,1,0,0,NA,NA,1,SEMSP,"DFO set: @ 09:55. Luke thinks they fd (net twist) But SJ and BJ think different. LR probably correct because we heard swearing from DFO boat during their net retrieval. Our catch enumerated: 195 fish. DFO caught chum, coho, no sox. DFO earlier in the day caight ~ 300 fish mostly pink + chum with chinook at Deep Water Bay."
DE361N1,DE361,50.304502,-125.336639,9:45:00,1,targeted,3,NA,NA,NA,no,0,1,0,40,0,20,0,0,0,0,NA,NA,NA,SEMSP,re set because there was lots of surface activity elsewhere
DE364N1,DE364,50.18049002,-125.330849,11:12:00,1,targeted,NA,0,0,10,yes,0,0,4,25,4,15,0,0,0,0,0,0,1,SEMSP,"1 unknown mort. Non-formal visual survey conducted. Performed a trial run of collection procedure, in which the one set was both for retention and sea licing. Fish were anaesthetized (for sea licing), placed into recovery, and then euthanized for retention. Due to time restraints, we werent able to collect complete packages of 10 fish per species.. Seine ID formerly DN1"
DE365N1,DE365,50.309067,-125.3257,8:50:00,1,targeted,NA,1,0,10,yes,30,30,2,2,10,50,4,4,0,0,0,0,1,SEMSP,9th chum & water poured out of whirl pack by accident. Seine ID formerly DN3
DE366N1,DE366,50.17999062,-125.0189455,10:47:00,1,targeted,NA,1,0,10,yes,30,168,0,0,0,0,5,5,1,1,0,0,1,SEMSP,Informal site survery; did not have time for a lousing seine. First coho out at 11:26; in dewar at unknown time (in quickly though). Coho # 2 onwards out at 12:36. Seine ID formerly DN5
DE367N1,DE367,50.309278,-125.320699,11:43:00,1,targeted,NA,1,0,10,yes,8,8,1,1,10,105,0,0,1,1,0,0,1,SEMSP,Seine ID formerly DN7
DE368N1,DE368,50.301803,-125.03049,12:00:00,1,targeted,NA,0,0,0,yes,0,0,3,3,10,56,4,4,0,0,1,1,1,SEMSP,Set targeted based on visual sighting of fish (not surface activity). No time left (or container) for zoop sample. Seine ID formerly DN9
DE436N1,DE436,NA,NA,NA,1,NA,NA,NA,NA,NA,no,0,0,NA,NA,NA,NA,NA,NA,NA,NA,NA,NA,NA,SEMSP,"One set attempted; did not catch SO and school otherwise too small for worthwhile retention (~20 fish in net). Noticed drastic decrease in surface activity following end of site-wide survey, and almost no activity noticed following oceanographic survey. Schools very elusive, in general.. Seine ID formerly DN123"
DE369N1,DE369,50.305482,-125.024803,10:10:00,1,targeted,NA,1,0,0,yes,11,11,0,0,10,100,0,0,1,1,0,0,1,SEMSP,Seine ID formerly DN11
DE370N1,DE370,50.274875,-125.376937,11:15:00,1,targeted,NA,1,0,1,yes,30,420,10,20,10,50,0,0,3,3,0,0,1,SEMSP,Time out of water for PI estimated.. Seine ID formerly DN13
DE371N2,DE371,50.306252,-125.336051,11:00:00,2,targeted,NA,1,0,0,no,0,105,0,0,0,70,0,0,0,0,0,0,NA,SEMSP,Seine ID formerly DN16
DE371N1,DE371,50.307761,-125.325384,8:00:00,1,targeted,NA,1,0,10,yes,30,380,5,5,11,160,0,0,3,3,0,0,1,SEMSP,Hinch set @ 06:30; 100 SO retained by Hinch crew. 1 unhealthy SO released. 1 trainer CU taken.. Seine ID formerly DN15
DE372N2,DE372,50.307811,-125.329505,12:40:00,2,targeted,NA,1,0,0,no,0,30,0,0,0,270,0,0,0,0,0,0,NA,SEMSP,Seine ID formerly DN18
DE372N1,DE372,50.3041,-125.33841,10:05:00,1,targeted,NA,1,0,0,yes,30,85,0,0,10,128,0,0,1,1,0,0,1,SEMSP,1 chum trainer sample. Seine ID formerly DN17
DE376N2,DE376,50.274783,-125.377569,12:25:00,2,targeted,NA,1,0,0,no,0,21,0,0,0,384,0,0,0,0,0,0,NA,SEMSP,U14004 adipose. Seine ID formerly DN26
DE376N1,DE376,50.274596,-125.377527,9:10:00,1,targeted,NA,1,0,1,yes,30,130,0,0,10,505,0,0,3,3,2,2,1,SEMSP,U14004 adipose. Seine ID formerly DN25
DE454AN5,DE454A,NA,NA,NA,5,targeted,NA,NA,NA,NA,yes,10,NA,0,NA,10,NA,0,NA,0,NA,0,NA,1,DFO,Sam James UBC diet study (fish collected by DFO). Seine ID formerly DN65
DE454AN4,DE454A,NA,NA,NA,4,targeted,NA,NA,NA,NA,yes,10,NA,0,NA,10,NA,0,NA,0,NA,0,NA,1,DFO,Sam James UBC diet study (fish collected by DFO). Seine ID formerly DN64
DE454AN3,DE454A,NA,NA,NA,3,targeted,NA,NA,NA,NA,yes,10,NA,0,NA,10,NA,0,NA,0,NA,0,NA,1,DFO,Sam James UBC diet study (fish collected by DFO). Seine ID formerly DN63
DE454AN2,DE454A,NA,NA,NA,2,targeted,NA,NA,NA,NA,yes,0,NA,0,NA,10,NA,0,NA,0,NA,0,NA,1,DFO,Sam James UBC diet study (fish collected by DFO). Seine ID formerly DN62
DE454AN1,DE454A,NA,NA,NA,1,targeted,NA,NA,NA,NA,yes,10,NA,0,NA,10,NA,0,NA,0,NA,0,NA,1,DFO,Sam James UBC diet study (fish collected by DFO). Seine ID formerly DN61
DE454BN8,DE454B,NA,NA,NA,8,targeted,NA,NA,NA,NA,yes,10,NA,0,NA,10,NA,0,NA,0,NA,0,NA,1,DFO,Sam James UBC diet study (fish collected by DFO). Seine ID formerly DN71
DE454BN7,DE454B,NA,NA,NA,7,targeted,NA,NA,NA,NA,yes,10,NA,0,NA,10,NA,0,NA,0,NA,0,NA,1,DFO,Sam James UBC diet study (fish collected by DFO). Seine ID formerly DN70
DE454BN6,DE454B,NA,NA,NA,6,targeted,NA,NA,NA,NA,yes,10,NA,0,NA,10,NA,0,NA,0,NA,0,NA,1,DFO,Sam James UBC diet study (fish collected by DFO). Seine ID formerly DN69
DE377N1,DE377,50.236254,-125.398402,8:20:00,1,targeted,NA,1,0,0,yes,30,40,0,0,12,320,0,0,0,0,0,0,1,SEMSP,"U11070 touched deck. 2 CU from DN27 retained for Gideon Mordecai (Freezer 3, Shelf 2). Set twice at D09 to collect fish for Tianyi Chen, Sam James, & Hinch lab. First set at 11:15, retained 1 CU for TC (released 100 CU, 1 unhealthy SO). Second set at 12:15, retained 1 CU for GM & 18 CU for TC (released 150 CU). . Seine ID formerly DN27"
DE382N1,DE382,NA,NA,12:15:00,1,targeted,NA,NA,NA,NA,yes,0,NA,NA,NA,1,NA,NA,NA,NA,NA,NA,NA,1,GM_UBC,Seine conducted to obtain fish for Hinch crew. Fish retained for GM. Seine ID formerly DN37
DE378N1,DE378,50.304561,-125.337253,7:20:00,1,targeted,NA,1,1,0,yes,10,10,0,0,10,240,0,0,0,0,0,0,1,SEMSP,Seine ID formerly DN29
DE383N1,DE383,NA,NA,NA,1,targeted,NA,NA,NA,NA,yes,2,NA,NA,NA,0,NA,NA,NA,NA,NA,NA,NA,1,GM_UBC,Seine conducted to obtain fish for Hinch crew. Fish retained for GM. Seine ID formerly DN39
DE373N2,DE373,50.297362,-125.339472,11:52:00,2,targeted,NA,1,0,0,yes,8,14,0,0,0,120,0,0,0,0,0,0,1,SEMSP,Seine ID formerly DN20
DE373N1,DE373,50.29725,-125.338485,9:15:00,1,targeted,NA,1,0,0,yes,23,23,2,3,10,285,0,0,2,2,0,0,1,SEMSP,"U10762 - some water dumped out of bag. 1 trainer PI retained. 1 SO retained for GM (M7, MP4). Seine ID formerly DN19"
DE384N1,DE384,NA,NA,NA,1,targeted,NA,NA,NA,NA,yes,1,NA,NA,NA,0,NA,NA,NA,NA,NA,NA,NA,1,GM_UBC,Seine conducted to obtain fish for Hinch crew. Fish retained for GM. Seine ID formerly DN41
DE374N1,DE374,50.434701,-125.26607,7:30:00,1,targeted,NA,1,10,0,yes,10,10,0,0,10,535,0,0,1,1,0,0,1,SEMSP,Seine ID formerly DN21
DE457N3,DE457,50.297141,-125.340397,6:25:00,3,targeted,NA,NA,NA,NA,yes,2,2,7,7,0,118,0,0,0,0,0,0,1,SJ_UBC,Sam James UBC diet study (24-hour). Fish batch euthanized in MS222.. Seine ID formerly DN97C
DE457N2,DE457,50.297141,-125.340397,5:30:00,2,targeted,NA,NA,NA,NA,yes,3,3,0,0,0,200,0,0,0,0,0,0,1,SJ_UBC,Sam James UBC diet study (24-hour). Fish batch euthanized in MS222.. Seine ID formerly DN97B
DE457N1,DE457,50.297141,-125.340397,4:50:00,1,targeted,NA,1,0,10,yes,2,2,0,10,10,218,0,0,0,1,0,0,1,SJ_UBC,Sam James UBC diet study (24-hour). Fish batch euthanized in MS222.. Seine ID formerly DN97A
DE458N1,DE458,50.30969,-125.321237,7:30:00,1,targeted,NA,10,0,10,yes,10,35,10,10,10,875,0,0,0,0,0,0,1,SJ_UBC,Sam James UBC diet study (24-hour). Fish batch euthanized in MS222.. Seine ID formerly DN98
DE459N2,DE459,50.30955,-125.306633,11:40:00,2,targeted,NA,NA,NA,NA,yes,8,8,0,0,0,149,0,0,0,1,0,0,1,SJ_UBC,Sam James UBC diet study (24-hour). Fish batch euthanized in MS222.. Seine ID formerly DN99B
DE459N1,DE459,50.30955,-125.306633,10:55:00,1,targeted,NA,1,0,10,yes,2,2,2,2,10,83,0,0,0,0,0,0,1,SJ_UBC,Sam James UBC diet study (24-hour). Fish batch euthanized in MS222.. Seine ID formerly DN99A
DE460N1,DE460,50.29885,-125.337833,13:50:00,1,targeted,NA,1,0,1,yes,10,10,1,1,10,226,0,0,0,2,0,0,1,SJ_UBC,Sam James UBC diet study (24-hour). Fish batch euthanized in MS222.. Seine ID formerly DN100
DE461N1,DE461,50.306507,-125.330603,13:30:00,1,targeted,NA,1,0,1,yes,9,9,5,5,10,480,0,0,0,5,0,0,1,SJ_UBC,Sam James UBC diet study (24-hour). Fish batch euthanized in MS222.. Seine ID formerly DN101
DE462N2,DE462,50.308201,-125.327355,17:15:00,2,targeted,NA,NA,NA,NA,yes,4,9,0,0,0,545,0,0,0,0,0,0,1,SJ_UBC,Sam James UBC diet study (24-hour). Fish batch euthanized in MS222.. Seine ID formerly DN102B
DE462N1,DE462,50.308201,-125.327355,16:30:00,1,targeted,NA,1,0,1,yes,6,6,3,3,10,664,0,0,0,5,0,1,1,SJ_UBC,Sam James UBC diet study (24-hour). Fish batch euthanized in MS222.. Seine ID formerly DN102A
DE463N3,DE463,50.299822,-125.3415,20:52:00,3,targeted,NA,NA,NA,NA,yes,3,3,5,15,0,842,0,0,0,5,0,0,1,SJ_UBC,Sam James UBC diet study (24-hour). Fish batch euthanized in MS222.. Seine ID formerly DN103C
DE463N2,DE463,50.308112,-125.326899,20:25:00,2,targeted,NA,NA,NA,NA,no,0,0,0,0,0,169,0,0,0,5,0,0,NA,SJ_UBC,Sam James UBC diet study (24-hour). Seine ID formerly DN103B
DE463N1,DE463,50.308112,-125.326899,19:20:00,1,targeted,NA,1,0,1,yes,1,1,5,5,10,1300,0,0,0,5,0,1,1,SJ_UBC,Sam James UBC diet study (24-hour). Fish batch euthanized in MS222.. Seine ID formerly DN103A
DE464N2,DE464,50.300978,-125.341211,23:20:00,2,targeted,NA,0,0,1,yes,0,0,0,0,3,23,0,0,0,0,0,0,1,SJ_UBC,Sam James UBC diet study (24-hour). Fish batch euthanized in MS222.. Seine ID formerly DN104B
DE464N1,DE464,50.300978,-125.341211,22:25:00,1,targeted,NA,1,0,1,yes,5,5,4,4,7,170,0,0,0,0,0,0,1,SJ_UBC,Sam James UBC diet study (24-hour). Fish batch euthanized in MS222.. Seine ID formerly DN104A
DE379N1,DE379,50.237837,-125.396111,7:45:00,1,targeted,NA,1,0,0,yes,0,0,0,0,10,145,0,0,0,0,0,0,1,SEMSP,Field liced chum in seine. Seine ID formerly DN31
DE375N1,DE375,50.27485,-125.377707,11:15:00,1,targeted,NA,1,0,0,yes,3,4,8,8,10,1962,0,0,2,2,1,2,1,SEMSP,Seine ID formerly DN23
DE380N1,DE380,50.307981,-125.320206,7:40:00,1,targeted,NA,1,0,0,yes,2,2,1,1,10,126,0,0,0,0,0,0,1,SEMSP,Seine ID formerly DN33
DE381N1,DE381,50.305134,-125.337052,8:15:00,1,targeted,NA,0,10,0,yes,0,0,0,0,10,63,0,0,0,0,0,0,1,SEMSP,"Trial run of combining retention & lousing duties in one set. Retained 10 CU as normal and 45 as ""mock sockeye"" (designated as trainer fish and thus excluded from retention data). Liced 10 chum.. Seine ID formerly DN35"
DE455AN4,DE455A,NA,NA,NA,4,targeted,NA,NA,NA,NA,yes,0,NA,0,NA,10,NA,0,NA,0,NA,0,NA,1,DFO,Sam James UBC diet study (fish collected by DFO). Seine ID formerly DN76
DE455AN3,DE455A,NA,NA,NA,3,targeted,NA,NA,NA,NA,yes,0,NA,0,NA,10,NA,0,NA,0,NA,0,NA,1,DFO,Sam James UBC diet study (fish collected by DFO). Seine ID formerly DN75
DE455AN2,DE455A,NA,NA,NA,2,targeted,NA,NA,NA,NA,yes,0,NA,0,NA,10,NA,0,NA,0,NA,0,NA,1,DFO,Sam James UBC diet study (fish collected by DFO). Seine ID formerly DN74
DE455AN1,DE455A,NA,NA,NA,1,targeted,NA,NA,NA,NA,yes,0,NA,0,NA,10,NA,0,NA,0,NA,0,NA,1,DFO,Sam James UBC diet study (fish collected by DFO). Seine ID formerly DN73
DE455BN8,DE455B,NA,NA,NA,8,targeted,NA,NA,NA,NA,yes,0,NA,0,NA,10,NA,0,NA,0,NA,0,NA,1,DFO,Sam James UBC diet study (fish collected by DFO). Seine ID formerly DN80
DE455BN7,DE455B,NA,NA,NA,7,targeted,NA,NA,NA,NA,yes,0,NA,0,NA,10,NA,0,NA,0,NA,0,NA,1,DFO,Sam James UBC diet study (fish collected by DFO). Seine ID formerly DN79
DE455BN6,DE455B,NA,NA,NA,6,targeted,NA,NA,NA,NA,yes,0,NA,0,NA,10,NA,0,NA,0,NA,0,NA,1,DFO,Sam James UBC diet study (fish collected by DFO). Seine ID formerly DN78
DE455BN5,DE455B,NA,NA,NA,5,targeted,NA,NA,NA,NA,yes,0,NA,0,NA,10,NA,0,NA,0,NA,0,NA,1,DFO,Sam James UBC diet study (fish collected by DFO). Seine ID formerly DN77
JE100N1,JE100,NA,NA,7:10:00,1,targeted,30,NA,NA,NA,no,0,0,NA,NA,NA,NA,NA,NA,NA,NA,NA,NA,NA,SEMSP,No sockeye in set; did not enumerate
JE101N1,JE101,50.50535,-126.24163,9:50:00,1,targeted,10,NA,NA,NA,yes,30,300,1,1,10,20,6,6,4,4,NA,NA,0,SEMSP,fish not labelled in order
JE102N1,JE102,NA,NA,NA,1,targeted,NA,NA,NA,NA,no,0,0,NA,NA,NA,NA,NA,NA,NA,NA,NA,NA,NA,SEMSP,No sockeye in set; did not enumerate
JE102N2,JE102,50.47479,-126.03259,6:20:00,2,targeted,10,NA,NA,NA,yes,30,100,0,0,10,30,3,3,0,0,NA,NA,0,SEMSP,NA
JE103N1,JE103,NA,NA,NA,1,targeted,NA,NA,NA,NA,no,0,0,NA,NA,NA,NA,NA,NA,NA,NA,NA,NA,NA,SEMSP,No sockeye in set; did not enumerate
JE103N2,JE103,NA,NA,13:40:00,2,targeted,90,NA,NA,NA,no,0,0,NA,NA,NA,NA,NA,NA,NA,NA,NA,NA,NA,SEMSP,No sockeye in set; did not enumerate
JE104N1,JE104,50.45614,-126.11933,6:40:00,1,targeted,1,NA,NA,NA,yes,30,600,0,0,1,1,4,4,0,0,NA,NA,0,SEMSP,NA
JE105N1,JE105,NA,NA,NA,1,targeted,NA,NA,NA,NA,no,0,0,NA,NA,NA,NA,NA,NA,NA,NA,NA,NA,NA,SEMSP,No sockeye in set; did not enumerate
JE105N2,JE105,50.48078,-126.41037,9:40:00,2,targeted,3,NA,NA,NA,yes,30,150,0,0,3,3,10,150,0,0,NA,NA,0,SEMSP,NA
JE106N3,JE106,NA,NA,NA,3,targeted,NA,NA,NA,NA,no,0,0,NA,NA,NA,NA,NA,NA,NA,NA,NA,NA,NA,SEMSP,No sockeye in set; did not enumerate
JE106N2,JE106,NA,NA,NA,2,targeted,NA,NA,NA,NA,no,0,0,NA,NA,NA,NA,NA,NA,NA,NA,NA,NA,NA,SEMSP,No sockeye in set; did not enumerate
JE106N1,JE106,NA,NA,NA,1,targeted,NA,NA,NA,NA,no,0,0,NA,NA,NA,NA,NA,NA,NA,NA,NA,NA,NA,SEMSP,No sockeye in set; did not enumerate
JE106N4,JE106,50.52222,-126.39167,13:50:00,4,targeted,10,NA,NA,NA,yes,30,150,0,0,2,2,10,10,1,1,NA,NA,0,SEMSP,NA
JE107N1,JE107,NA,NA,NA,1,targeted,NA,NA,NA,NA,no,0,0,NA,NA,NA,NA,NA,NA,NA,NA,NA,NA,NA,SEMSP,No sockeye in set; did not enumerate
JE107N2,JE107,50.54648,-126.67096,6:00:00,2,targeted,0,NA,NA,NA,yes,30,300,0,0,0,0,0,0,0,0,NA,NA,0,SEMSP,"all fish samples labelled ""J0CP"" for now, will need to be hanged once site name confirmed J03"
JE108N1,JE108,NA,NA,NA,1,targeted,NA,NA,NA,NA,no,0,0,NA,NA,NA,NA,NA,NA,NA,NA,NA,NA,NA,SEMSP,No sockeye in set; did not enumerate
JE108N2,JE108,50.54039,-126.78096,9:00:00,2,targeted,0,NA,NA,NA,yes,30,200,0,0,10,25,8,8,5,5,NA,NA,0,SEMSP,NA
JE109N2,JE109,NA,NA,NA,2,targeted,NA,NA,NA,NA,no,0,0,NA,NA,NA,NA,NA,NA,NA,NA,NA,NA,NA,SEMSP,No sockeye in set; did not enumerate
JE109N1,JE109,NA,NA,NA,1,targeted,NA,NA,NA,NA,no,0,0,NA,NA,NA,NA,NA,NA,NA,NA,NA,NA,NA,SEMSP,No sockeye in set; did not enumerate
JE109N3,JE109,50.55787,-126.73532,12:35:00,3,targeted,0,NA,NA,NA,yes,30,1200,0,0,10,20,0,0,0,0,NA,NA,0,SEMSP,NA
JE110N1,JE110,NA,NA,NA,1,targeted,NA,NA,NA,NA,no,0,0,NA,NA,NA,NA,NA,NA,NA,NA,NA,NA,NA,SEMSP,No sockeye in set; did not enumerate
JE110N2,JE110,50.60101,-126.70394,6:25:00,2,targeted,1,NA,NA,NA,yes,30,400,0,0,7,7,1,1,0,0,NA,NA,1,SEMSP,NA
JE112N1,JE112,50.47696,-126.0273,14:00:00,1,targeted,5,NA,NA,NA,yes,30,400,0,0,2,2,0,0,0,0,NA,NA,1,SEMSP,NA
JE113N1,JE113,50.49853,-126.21348,5:40:00,1,targeted,1,NA,NA,NA,yes,30,300,0,0,10,150,0,0,4,4,NA,NA,1,SEMSP,NA
JE114N1,JE114,50.52363,-126.39046,9:50:00,1,targeted,70,NA,NA,NA,yes,30,800,2,2,10,50,4,4,0,0,NA,NA,1,SEMSP,NA
JE115N1,JE115,50.48103,-126.41291,13:00:00,1,targeted,25,NA,NA,NA,yes,30,40,0,0,10,15,1,1,3,3,NA,NA,1,SEMSP,NA
JE116N1,JE116,50.45622,-126.11838,5:45:00,1,targeted,1,NA,NA,NA,yes,30,1000,0,0,10,200,1,1,5,5,NA,NA,1,SEMSP,"unknown salmonid bycatch not sockeye, chum, pink, coho, or chinook"
JE117N1,JE117,NA,NA,NA,1,targeted,NA,NA,NA,NA,no,0,0,NA,NA,NA,NA,NA,NA,NA,NA,NA,NA,NA,SEMSP,No sockeye in set; did not enumerate
JE117N2,JE117,50.54672,-126.67256,9:35:00,2,targeted,1,NA,NA,NA,yes,30,1000,0,0,10,30,1,1,0,0,NA,NA,1,SEMSP,NA
JE118N1,JE118,50.53989,-126.78256,12:55:00,1,targeted,2,NA,NA,NA,yes,30,1500,1,1,10,100,0,0,1,1,NA,NA,1,SEMSP,NA
JE119N1,JE119,50.55951,-126.75326,6:00:00,1,targeted,40,NA,NA,NA,yes,30,100,0,0,10,30,10,20,0,0,NA,NA,1,SEMSP,NA
JE122N1,JE122,NA,NA,NA,1,targeted,NA,NA,NA,NA,no,0,0,NA,NA,NA,NA,NA,NA,NA,NA,NA,NA,NA,SEMSP,No sockeye in set; did not enumerate
JE122N2,JE122,50.53957,-126.7781,13:15:00,2,targeted,10,NA,NA,NA,yes,30,2000,0,0,10,200,6,10,2,3,NA,NA,1,SEMSP,small hole in the bunt. Lots of fish escaped. May have been more herring and coho originally. School > 2000
JE123N2,JE123,NA,NA,NA,2,targeted,NA,NA,NA,NA,no,0,0,NA,NA,NA,NA,NA,NA,NA,NA,NA,NA,NA,SEMSP,No sockeye in set; did not enumerate
JE123N1,JE123,NA,NA,NA,1,targeted,NA,NA,NA,NA,no,0,0,NA,NA,NA,NA,NA,NA,NA,NA,NA,NA,NA,SEMSP,No sockeye in set; did not enumerate
JE123N3,JE123,50.57078,-126.70066,5:35:00,3,targeted,70,NA,NA,NA,yes,30,1000,0,0,10,200,2,10,1,10,NA,NA,1,SEMSP,NA
JE126N1,JE126,50.4838,-126.01069,6:55:00,1,targeted,85,NA,NA,NA,yes,30,40,0,0,10,200,1,1,6,10,NA,NA,1,SEMSP,NA
JE127N1,JE127,NA,NA,11:30:00,1,targeted,150,NA,NA,NA,no,0,0,0,0,0,0,0,0,0,0,NA,NA,NA,SEMSP,"one net set, no fish caught"
JE128N1,JE128,NA,NA,NA,1,targeted,NA,NA,NA,NA,no,0,0,NA,NA,NA,NA,NA,NA,NA,NA,NA,NA,NA,SEMSP,No sockeye in set; did not enumerate
JE128N2,JE128,50.50733,-126.24336,6:30:00,2,targeted,45,NA,NA,NA,yes,30,300,0,0,10,300,1,1,0,0,NA,NA,1,SEMSP,NA
JE129N2,JE129,NA,NA,NA,2,targeted,NA,NA,NA,NA,no,0,0,NA,NA,NA,NA,NA,NA,NA,NA,NA,NA,NA,SEMSP,No sockeye in set; did not enumerate
JE129N1,JE129,NA,NA,NA,1,targeted,NA,NA,NA,NA,no,0,0,NA,NA,NA,NA,NA,NA,NA,NA,NA,NA,NA,SEMSP,No sockeye in set; did not enumerate
JE129N3,JE129,50.45679,-126.16458,9:25:00,3,targeted,60,NA,NA,NA,yes,30,600,0,0,10,400,4,4,5,5,NA,NA,1,SEMSP,NA
JE131N1,JE131,50.48405,-126.3987,15:05:00,1,targeted,5,NA,NA,NA,yes,30,1000,1,10,10,300,1,1,10,20,NA,NA,1,SEMSP,NA
JE132N1,JE132,50.52152,-126.40028,6:45:00,1,targeted,90,NA,NA,NA,yes,30,100,0,0,10,200,0,0,3,3,NA,NA,1,SEMSP,NA
JE133N1,JE133,50.54605,-126.66218,9:45:00,1,targeted,30,NA,NA,NA,yes,30,400,0,0,10,200,0,0,10,20,NA,NA,1,SEMSP,NA
JE134N1,JE134,50.53808,-126.77494,12:30:00,1,targeted,15,NA,NA,NA,yes,30,400,0,0,10,100,1,1,0,0,NA,NA,1,SEMSP,NA
JE136N1,JE136,50.60051,-126.70319,5:30:00,1,targeted,10,NA,NA,NA,yes,30,400,0,0,5,10,0,0,0,0,NA,NA,1,SEMSP,NA
JE137N1,JE137,50.57871,-126.72129,7:40:00,1,targeted,110,NA,NA,NA,yes,25,25,1,1,10,300,5,5,1,1,NA,NA,1,SEMSP,NA
JE138N1,JE138,50.55853,-126.73145,12:30:00,1,targeted,15,NA,NA,NA,yes,30,300,2,10,10,100,4,4,0,0,NA,NA,1,SEMSP,NA
JE139N1,JE139,50.50763,-126.24218,5:20:00,1,targeted,25,NA,NA,NA,yes,30,200,0,0,10,600,3,5,0,0,NA,NA,1,SEMSP,NA
JE140N1,JE140,50.45649,-126.16619,8:25:00,1,targeted,25,NA,NA,NA,yes,30,500,2,10,10,500,0,0,5,5,NA,NA,1,SEMSP,NA
JE141N1,JE141,NA,NA,11:00:00,1,targeted,20,NA,NA,NA,no,0,0,0,0,0,0,0,0,0,0,NA,NA,NA,SEMSP,snagged net on bottom- no fish. strong current dragged us into the shallows
JE142N1,JE142,50.48189,-126.01128,6:15:00,1,targeted,75,NA,NA,NA,yes,30,100,0,0,10,100,0,0,3,3,NA,NA,1,SEMSP,NA
JE143N1,JE143,50.48072,-126.40915,10:15:00,1,targeted,0,NA,NA,NA,yes,30,15000,0,0,10,2000,0,0,0,1,NA,NA,1,SEMSP,"could not find herring again because too many fish; unsure of herring, pink, and coho numbers because too many fish"
JE145N1,JE145,50.53944,-126.78254,14:55:00,1,targeted,1,NA,NA,NA,yes,30,100,0,0,10,200,0,0,5,5,NA,NA,1,SEMSP,NA
JE146N1,JE146,50.52232,-126.39556,6:30:00,1,targeted,30,NA,NA,NA,yes,30,300,0,0,10,500,0,0,2,2,NA,NA,1,SEMSP,"labeled CU5 is actually CU4; CU6 is CU5; CU7 is CU6; CU8 is CU7; CU9 is CU8, CU10 is CU9, CU4 is CU10"
JE147N1,JE147,50.54216,-126.63511,10:00:00,1,targeted,50,NA,NA,NA,yes,30,200,7,7,10,300,0,0,10,15,NA,NA,1,SEMSP,31 Sockeye taken by accident. One possibly without label
JE148N2,JE148,NA,NA,NA,2,targeted,NA,NA,NA,NA,no,0,0,NA,NA,NA,NA,NA,NA,NA,NA,NA,NA,NA,SEMSP,No sockeye in set; did not enumerate
JE148N1,JE148,NA,NA,NA,1,targeted,NA,NA,NA,NA,no,0,0,NA,NA,NA,NA,NA,NA,NA,NA,NA,NA,NA,SEMSP,No sockeye in set; did not enumerate
JE148N3,JE148,50.5956,-126.69022,13:40:00,3,targeted,50,NA,NA,NA,yes,30,300,1,1,10,300,6,6,0,0,NA,NA,1,SEMSP,"CO-03, CO-05, CO-06 did not have white-tipped anal fin. Probably a chinook, but no black gums. Not chum, pink or sockeye. Check species ID in lab."
JE149N1,JE149,50.55855,-126.73248,5:25:00,1,targeted,5,NA,NA,NA,yes,30,300,0,0,10,200,1,1,0,0,NA,NA,1,SEMSP,NA
JE150N1,JE150,50.56784,-126.69728,8:20:00,1,targeted,2,NA,NA,NA,yes,30,1000,3,3,10,400,3,3,2,2,NA,NA,1,SEMSP,NA
JE152N1,JE152,50.45987,-126.16961,6:20:00,1,targeted,20,NA,NA,NA,yes,30,100,3,3,10,100,0,0,0,0,NA,NA,1,SEMSP,NA
JE153N1,JE153,NA,NA,8:25:00,1,targeted,10,NA,NA,NA,no,0,0,NA,NA,NA,NA,NA,NA,NA,NA,NA,NA,NA,SEMSP,No sockeye in set; did not enumerate
JE154N1,JE154,50.47794,-126.02803,5:05:00,1,targeted,5,NA,NA,NA,yes,30,100,0,0,10,200,4,4,2,2,NA,NA,1,SEMSP,"CO-03 might be a chinook, make sure to check ID in lab"
JE155N1,JE155,50.49983,-126.20581,7:45:00,1,targeted,10,NA,NA,NA,yes,30,300,0,0,10,300,1,1,0,0,NA,NA,1,SEMSP,NA
JE157N1,JE157,NA,NA,NA,1,targeted,NA,NA,NA,NA,no,0,0,NA,NA,NA,NA,NA,NA,NA,NA,NA,NA,NA,SEMSP,No sockeye in set; did not enumerate
JE157N2,JE157,50.47923,-126.41485,11:00:00,2,targeted,1,NA,NA,NA,yes,30,200,3,3,10,4000,0,0,0,1,NA,NA,1,SEMSP,"Too many fish to say that there wer no other herring, coho, or pink. Definitely missed one herring that could not be found again in net."
JE159N1,JE159,50.539,-126.7781,14:35:00,1,targeted,1,NA,NA,NA,yes,29,400,10,30,10,600,1,1,0,0,NA,NA,1,SEMSP,NA
JE160N1,JE160,50.52411,-126.39107,6:05:00,1,targeted,20,NA,NA,NA,yes,30,300,2,2,10,300,1,1,2,3,NA,NA,1,SEMSP,"3 herring in the net, but only took 2 because one jumped out of  milk jug"
JE161N1,JE161,50.54418,-126.63202,10:20:00,1,targeted,45,NA,NA,NA,yes,30,200,1,1,10,200,0,0,2,3,NA,NA,1,SEMSP,"3 herring in net, only took 2, one jumped out of net; all sockeye from this site were labeled 20150508 instead of 20150608, mistake caught after fish dewar- made note on group labels about this for both bundles of 15 sockeye for this site"
JE162N1,JE162,50.57687,-126.72184,13:34:00,1,targeted,30,NA,NA,NA,yes,30,200,10,30,10,300,3,3,0,0,NA,NA,1,SEMSP,NA
JE163N1,JE163,50.59537,-126.69062,7:00:00,1,targeted,45,NA,NA,NA,yes,30,200,0,0,10,200,7,7,2,2,NA,NA,1,SEMSP,NA
JE165N1,JE165,50.50008,-126.20937,7:12:00,1,targeted,15,NA,NA,NA,yes,30,500,10,20,10,500,0,0,3,5,NA,NA,1,SEMSP,"5 herring in net, only took 3, 2 escaped when releasing sockeye, pink & chum"
JE166N1,JE166,50.45951,-126.16958,11:45:00,1,targeted,1,NA,NA,NA,yes,30,2000,4,50,10,4000,0,0,10,60,NA,NA,1,SEMSP,"saw 1 coho in net, never saw it again with all the other fish; difficult to sort through school to find other pinks"
JE168N1,JE168,50.47959,-126.02629,5:37:00,1,targeted,10,NA,NA,NA,yes,4,4,0,0,10,50,1,1,10,11,NA,NA,1,SEMSP,NA
JE171N1,JE171,NA,NA,NA,1,targeted,NA,NA,NA,NA,no,0,0,NA,NA,NA,NA,NA,NA,NA,NA,NA,NA,NA,SEMSP,No sockeye in set; did not enumerate
JE171N2,JE171,50.53988,-126.78291,11:50:00,2,targeted,0,NA,NA,NA,yes,30,1000,0,0,10,900,6,6,0,0,NA,NA,1,SEMSP,approx 50/1000 sockeye had lesions ; total aprox 2000; saw 3 or 4 lesioned chum (photos on marks phone - no yellow around mouth)
JE172N3,JE172,NA,NA,NA,3,targeted,NA,NA,NA,NA,no,0,0,NA,NA,NA,NA,NA,NA,NA,NA,NA,NA,NA,SEMSP,No sockeye in set; did not enumerate
JE172N2,JE172,NA,NA,NA,2,targeted,NA,NA,NA,NA,no,0,0,NA,NA,NA,NA,NA,NA,NA,NA,NA,NA,NA,SEMSP,No sockeye in set; did not enumerate
JE172N1,JE172,NA,NA,NA,1,targeted,NA,NA,NA,NA,no,0,0,NA,NA,NA,NA,NA,NA,NA,NA,NA,NA,NA,SEMSP,No sockeye in set; did not enumerate
JE172N4,JE172,50.47679,-126.02843,8:50:00,4,targeted,5,NA,NA,NA,yes,30,600,10,30,10,600,0,0,1,1,NA,NA,1,SEMSP,"one fish discarded because ID unsure.  Had both chum and sockeye characteristics.  Not pink, coho, or chinook."
JE173N1,JE173,50.45698,-126.16944,11:20:00,1,targeted,3,NA,NA,NA,yes,30,1000,7,7,10,3000,0,0,10,20,NA,NA,1,SEMSP,NA
JE174N1,JE174,50.49881,-126.21349,14:05:00,1,targeted,10,NA,NA,NA,yes,30,300,2,2,10,700,0,0,0,0,NA,NA,1,SEMSP,NA
JE175N1,JE175,50.52618,-126.38632,5:20:00,1,targeted,5,NA,NA,NA,yes,7,7,0,0,10,1000,0,0,0,0,NA,NA,1,SEMSP,NA
JE176N1,JE176,NA,NA,NA,1,targeted,NA,NA,NA,NA,no,0,0,NA,NA,NA,NA,NA,NA,NA,NA,NA,NA,NA,SEMSP,No sockeye in set; did not enumerate
JE176N2,JE176,50.48035,-126.41265,7:50:00,2,targeted,0,NA,NA,NA,yes,30,100,10,60,10,1000,0,0,0,1,NA,NA,1,SEMSP,NA
JE177N1,JE177,NA,NA,NA,1,targeted,NA,NA,NA,NA,no,0,0,NA,NA,NA,NA,NA,NA,NA,NA,NA,NA,NA,SEMSP,No sockeye in set; did not enumerate
JE177N2,JE177,50.54719,-126.67487,11:30:00,2,targeted,4,NA,NA,NA,yes,30,100,0,0,10,500,0,0,0,0,NA,NA,1,SEMSP,"Number taken and total in set not recorded for herring, coho, and pink. Seans fault for not checking. Make sure to record in lab later (or from group labels in -80"
JE178N1,JE178,50.55792,-126.73617,14:00:00,1,targeted,5,NA,NA,NA,yes,30,300,10,40,10,500,1,1,6,6,NA,NA,1,SEMSP,NA
JE179N1,JE179,50.58185,-126.71983,6:12:00,1,targeted,66,NA,NA,NA,yes,30,100,10,200,10,200,0,0,0,0,NA,NA,1,SEMSP,NA
JE180N1,JE180,NA,NA,NA,1,targeted,NA,NA,NA,NA,no,0,0,NA,NA,NA,NA,NA,NA,NA,NA,NA,NA,NA,SEMSP,No sockeye in set; did not enumerate
JE180N2,JE180,50.59549,-126.69036,8:30:00,2,targeted,30,NA,NA,NA,yes,6,6,10,200,10,400,2,3,1,1,NA,NA,1,SEMSP,NA
JE181N1,JE181,NA,NA,NA,1,targeted,NA,NA,NA,NA,no,0,0,NA,NA,NA,NA,NA,NA,NA,NA,NA,NA,NA,SEMSP,No sockeye in set; did not enumerate
JE181N2,JE181,50.54327,-126.81252,15:30:00,2,targeted,60,NA,NA,NA,yes,30,700,9,200,10,1500,8,8,10,20,NA,NA,1,SEMSP,NA
JE182N1,JE182,50.52491,-126.38617,6:02:00,1,targeted,3,NA,NA,NA,yes,3,3,10,50,10,300,0,0,0,0,NA,NA,1,SEMSP,NA
JE183N1,JE183,50.47943,-126.41631,7:51:00,1,targeted,0,NA,NA,NA,yes,30,35,4,4,10,100,0,0,2,2,NA,NA,1,SEMSP,NA
JE184N1,JE184,50.5463,-126.66727,11:50:00,1,targeted,2,NA,NA,NA,yes,3,3,10,80,10,500,0,0,10,20,NA,NA,1,SEMSP,NA
JE185N1,JE185,50.47909,-126.02584,5:35:00,1,targeted,3,NA,NA,NA,yes,20,20,2,2,10,300,0,0,0,0,NA,NA,1,SEMSP,NA
JE186N1,JE186,50.45747,-126.16879,8:47:00,1,targeted,0,NA,NA,NA,yes,30,300,1,2,10,3000,0,1,0,0,NA,NA,1,SEMSP,"So many fish in net - unsure of true numbers for herring, coho, pink. Saw one pink & coho and never saw again."
JE187N1,JE187,50.49921,-126.20961,11:15:00,1,targeted,10,NA,NA,NA,yes,17,17,10,20,10,300,0,0,0,0,NA,NA,1,SEMSP,NA
JE188N1,JE188,50.58086,-126.72272,13:23:00,1,targeted,10,NA,NA,NA,yes,4,4,10,200,10,6000,0,0,4,10,NA,NA,1,SEMSP,Too many fish to sort through - lost herring in amongst other fish
JE189N1,JE189,NA,NA,NA,1,targeted,NA,NA,NA,NA,no,0,0,NA,NA,NA,NA,NA,NA,NA,NA,NA,NA,NA,SEMSP,No sockeye in set; did not enumerate
JE189N2,JE189,50.54362,-126.81951,6:35:00,2,targeted,1,NA,NA,NA,yes,30,200,10,50,10,1000,0,0,1,1,NA,NA,1,SEMSP,NA
JE190N1,JE190,50.55814,-126.73386,9:51:00,1,targeted,1,NA,NA,NA,yes,30,200,10,20,10,400,0,0,8,8,NA,NA,1,SEMSP,NA
JE191N1,JE191,50.60263,-126.70188,14:19:00,1,targeted,1,NA,NA,NA,yes,30,50,10,100,10,200,1,1,6,6,NA,NA,1,SEMSP,NA
JE192N1,JE192,50.5194,-126.40831,6:20:00,1,targeted,2,NA,NA,NA,yes,30,30,10,200,10,300,0,0,4,4,NA,NA,1,SEMSP,NA
JE193N1,JE193,50.48001,-126.41469,9:21:00,1,targeted,0,NA,NA,NA,yes,5,5,10,100,10,200,0,0,0,0,NA,NA,1,SEMSP,NA
JE195N1,JE195,50.45804,-126.16997,15:30:00,1,targeted,4,NA,NA,NA,yes,24,24,10,50,10,250,0,0,0,0,NA,NA,1,SEMSP,NA
JE196N1,JE196,50.4763,-126.02838,5:55:00,1,targeted,0,NA,NA,NA,yes,30,1200,9,20,10,1500,1,1,10,80,NA,NA,1,SEMSP,NA
JE197N1,JE197,50.49608,-126.21645,9:07:00,1,targeted,0,NA,NA,NA,yes,30,200,1,1,10,200,0,0,2,2,NA,NA,1,SEMSP,NA
JE198N1,JE198,NA,NA,NA,1,targeted,NA,NA,NA,NA,no,0,0,NA,NA,NA,NA,NA,NA,NA,NA,NA,NA,NA,SEMSP,No sockeye in set; did not enumerate
JE198N2,JE198,50.55821,-126.73327,13:02:00,2,targeted,5,NA,NA,NA,yes,30,100,8,8,10,600,0,0,1,1,NA,NA,1,SEMSP,NA
JE199N1,JE199,NA,NA,NA,1,targeted,NA,NA,NA,NA,no,0,0,NA,NA,NA,NA,NA,NA,NA,NA,NA,NA,NA,SEMSP,No sockeye in set; did not enumerate
JE199N2,JE199,50.54774,-126.67774,6:20:00,2,targeted,0,NA,NA,NA,yes,30,50,10,20,10,300,1,1,5,5,NA,NA,1,SEMSP,NA
JE200N1,JE200,50.58209,-126.71978,9:36:00,1,targeted,5,NA,NA,NA,yes,18,18,2,2,10,200,0,0,0,0,NA,NA,1,SEMSP,NA
JE201N2,JE201,NA,NA,NA,2,targeted,NA,NA,NA,NA,no,0,0,NA,NA,NA,NA,NA,NA,NA,NA,NA,NA,NA,SEMSP,No sockeye in set; did not enumerate
JE201N1,JE201,NA,NA,NA,1,targeted,NA,NA,NA,NA,no,0,0,NA,NA,NA,NA,NA,NA,NA,NA,NA,NA,NA,SEMSP,No sockeye in set; did not enumerate
JE201N3,JE201,50.60237,-126.70219,12:30:00,3,targeted,10,NA,NA,NA,yes,18,18,10,10,10,70,0,0,0,0,NA,NA,1,SEMSP,NA
JE202N1,JE202,50.54414,-126.81843,15:45:00,1,targeted,0,NA,NA,NA,yes,30,500,10,300,10,300,2,2,10,30,NA,NA,1,SEMSP,NA
JE203N1,JE203,50.47705,-126.02871,5:30:00,1,targeted,2,NA,NA,NA,yes,8,8,10,20,10,200,1,1,10,70,NA,NA,1,SEMSP,NA
JE204N1,JE204,NA,NA,NA,1,targeted,NA,NA,NA,NA,no,0,0,NA,NA,NA,NA,NA,NA,NA,NA,NA,NA,NA,SEMSP,No sockeye in set; did not enumerate
JE204N2,JE204,50.45524,-126.11718,8:05:00,2,targeted,0,NA,NA,NA,yes,29,37,4,4,10,13,0,0,0,0,NA,NA,1,SEMSP,NA
JE205N1,JE205,50.49837,-126.21404,10:20:00,1,targeted,3,NA,NA,NA,yes,30,60,10,20,10,400,0,0,1,1,NA,NA,1,SEMSP,NA
JE206N1,JE206,NA,NA,NA,1,targeted,NA,NA,NA,NA,no,0,0,NA,NA,NA,NA,NA,NA,NA,NA,NA,NA,NA,SEMSP,No sockeye in set; did not enumerate
JE206N2,JE206,50.4787,-126.41567,13:55:00,2,targeted,5,NA,NA,NA,yes,19,19,10,100,10,300,0,0,10,300,NA,NA,1,SEMSP,NA
JE207N1,JE207,NA,NA,NA,1,targeted,NA,NA,NA,NA,no,0,0,NA,NA,NA,NA,NA,NA,NA,NA,NA,NA,NA,SEMSP,No sockeye in set; did not enumerate
JE207N2,JE207,50.55961,-126.7542,7:00:00,2,targeted,0,NA,NA,NA,yes,10,10,10,115,10,115,4,4,0,0,NA,NA,1,SEMSP,NA
JE208N1,JE208,NA,NA,NA,1,targeted,NA,NA,NA,NA,no,0,0,NA,NA,NA,NA,NA,NA,NA,NA,NA,NA,NA,SEMSP,No sockeye in set; did not enumerate
JE208N2,JE208,50.58165,-126.71952,11:15:00,2,targeted,0,NA,NA,NA,yes,10,10,10,100,10,400,0,0,2,2,NA,NA,1,SEMSP,NA
JE209N1,JE209,50.5438,-126.81988,15:00:00,1,targeted,0,NA,NA,NA,yes,30,100,10,800,10,1200,0,0,10,10,NA,NA,1,SEMSP,NA
JE210N1,JE210,NA,NA,NA,1,targeted,NA,NA,NA,NA,no,0,0,NA,NA,NA,NA,NA,NA,NA,NA,NA,NA,NA,SEMSP,No sockeye in set; did not enumerate
JE210N2,JE210,50.60255,-126.70201,6:05:00,2,targeted,0,NA,NA,NA,yes,0,0,10,300,10,200,10,20,5,5,NA,NA,1,SEMSP,NA
JE211N1,JE211,50.54277,-126.64149,10:50:00,1,targeted,5,NA,NA,NA,yes,0,0,10,100,10,100,1,1,10,15,NA,NA,1,SEMSP,NA
JE212N1,JE212,50.47895,-126.41667,5:45:00,1,targeted,1,NA,NA,NA,yes,0,0,10,100,10,100,0,0,2,2,NA,NA,1,SEMSP,NA
JE213N1,JE213,50.45942,-126.16916,8:40:00,1,targeted,2,NA,NA,NA,yes,30,400,10,100,10,500,0,0,5,6,NA,NA,1,SEMSP,One herring was accidentally released.
JE216N1,JE216,50.55809,-126.73246,6:50:00,1,targeted,3,NA,NA,NA,yes,4,3,10,20,10,400,0,0,2,2,NA,NA,1,SEMSP,NA
JE217N1,JE217,50.54703,-126.67197,8:40:00,1,targeted,1,NA,NA,NA,yes,3,3,10,60,8,8,0,0,5,5,NA,NA,1,SEMSP,NA
JE218N1,JE218,50.54329,-126.8169,13:00:00,1,targeted,1,NA,NA,NA,yes,30,40,10,200,10,100,3,10,10,20,NA,NA,1,SEMSP,"Most sockeye in set small, likely Nimpkish or other local stock."
JE219N1,JE219,NA,NA,7:30:00,1,targeted,40,NA,NA,NA,no,0,0,0,300,0,300,0,0,0,0,0,0,NA,SEMSP,"SO = 0, CU = 300, HE = 0, CO = 0, PI = 300"
JE220N1,JE220,NA,NA,9:18:00,1,targeted,20,NA,NA,NA,no,0,0,0,100,0,100,0,5,0,20,0,10,NA,SEMSP,"SO = 0, CU = 100, HE = 20, CO = 5, PI = 100, chinook = 10"
JE221N1,JE221,NA,NA,5:54:00,1,targeted,4,NA,NA,NA,no,0,0,0,0,0,40,0,10,0,0,0,2,NA,SEMSP,"SO = 0, CU = 40, HE = 0, CO = 10, PI = 0, chinook = 2"
JE224N1,JE224,NA,NA,9:10:00,1,targeted,20,NA,NA,NA,no,0,0,0,10,0,300,0,5,0,1,0,0,NA,SEMSP,"SO = 0, CU = 300, HE = 1, CO = 5, PI = 10"
JE225N1,JE225,NA,NA,10:30:00,1,targeted,30,NA,NA,NA,yes,30,30,10,300,NA,10,1,1,0,0,NA,NA,1,SEMSP,"28 or 29 of sockeye were very small, likely from Nimpkish or other local watershed"
JE227N1,JE227,NA,NA,7:35:00,1,targeted,35,NA,NA,NA,no,0,0,0,100,0,100,0,0,0,0,0,0,NA,SEMSP,"SO = 0, CU = 100, HE = 0, CO = 0, PI = 100"
JE228N1,JE228,NA,NA,8:40:00,1,targeted,40,NA,NA,NA,no,0,0,0,0,0,0,0,0,0,0,0,0,NA,SEMSP,"net set on possible smolt school, fish not caught or seen again. Otherwise no smolt activity."
JE229N1,JE229,NA,NA,NA,1,targeted,NA,NA,NA,NA,no,0,0,NA,NA,NA,NA,NA,NA,NA,NA,NA,NA,NA,SEMSP,No sockeye in set; did not enumerate
JE229N2,JE229,NA,NA,10:00:00,2,targeted,40,NA,NA,NA,no,0,0,0,20,0,100,0,0,0,0,0,0,NA,SEMSP,"SO = 0, CU = 100, HE = 0, CO = 0, PI = 20"
JE231N1,JE231,50.506881,-126.247378,11:43:00,1,targeted,1,NA,NA,NA,yes,30,2000,1,1,2,2,0,0,0,0,NA,NA,1,SEMSP,NA
JE232N1,JE232,50.458043,-126.152637,14:48:00,1,targeted,15,NA,NA,NA,no,0,0,0,50,0,50,0,10,0,0,NA,NA,NA,SEMSP,NA
JE233N1,JE233,50.473969,-126.247378,5:22:00,1,targeted,0,NA,NA,NA,yes,30,2000,0,0,0,0,0,0,1,1,NA,NA,1,SEMSP,NA
JE234N1,JE234,NA,NA,NA,1,targeted,NA,NA,NA,NA,no,0,0,NA,NA,NA,NA,NA,NA,NA,NA,NA,NA,NA,SEMSP,No sockeye in set; did not enumerate
JE234N2,JE234,50.458043,-126.152637,8:58:00,2,targeted,0,NA,NA,NA,yes,30,150,10,15,0,0,1,1,0,0,NA,NA,1,SEMSP,NA
JE235N2,JE235,NA,NA,NA,2,targeted,NA,NA,NA,NA,no,0,0,NA,NA,NA,NA,NA,NA,NA,NA,NA,NA,NA,SEMSP,No sockeye in set; did not enumerate
JE235N1,JE235,NA,NA,NA,1,targeted,NA,NA,NA,NA,no,0,0,NA,NA,NA,NA,NA,NA,NA,NA,NA,NA,NA,SEMSP,No sockeye in set; did not enumerate
JE235N3,JE235,50.526493,-126.38718,12:00:00,3,targeted,123,NA,NA,NA,no,0,0,0,0,0,0,0,0,0,0,NA,NA,NA,SEMSP,"few small cryptic schools, unable to catch"
JE236N1,JE236,50.480359,-126.412275,14:35:00,1,targeted,8,NA,NA,NA,yes,25,25,2,2,0,0,3,3,1,1,NA,NA,1,SEMSP,NA
JE237N1,JE237,50.543296,-126.816816,5:06:00,1,targeted,0,NA,NA,NA,yes,30,40,10,20,9,9,5,5,1,1,NA,NA,1,SEMSP,NA
JE238N1,JE238,50.558361,-126.732241,8:21:00,1,targeted,1,NA,NA,NA,yes,30,300,6,6,7,7,0,0,0,0,NA,NA,1,SEMSP,NA
JE239N1,JE239,NA,NA,NA,1,targeted,NA,NA,NA,NA,no,0,0,NA,NA,NA,NA,NA,NA,NA,NA,NA,NA,NA,SEMSP,No sockeye in set; did not enumerate
JE239N2,JE239,50.54692,-126.67193,10:55:00,2,targeted,5,NA,NA,NA,no,0,0,0,0,0,0,0,0,0,0,NA,NA,NA,SEMSP,NA
JE240N1,JE240,50.601718,-126.701857,12:45:00,1,targeted,2,NA,NA,NA,yes,30,500,10,15,8,8,1,1,0,0,NA,NA,1,SEMSP,NA
JE243N1,JE243,NA,NA,NA,1,targeted,NA,NA,NA,NA,no,0,0,NA,NA,NA,NA,NA,NA,NA,NA,NA,NA,NA,SEMSP,No sockeye in set; did not enumerate
JE243N2,JE243,50.522967,-126.377383,7:50:00,2,targeted,20,NA,NA,NA,yes,30,400,5,5,7,7,6,6,0,0,NA,NA,1,SEMSP,NA
JE244N1,JE244,50.495266,-126.211667,11:00:00,1,targeted,10,NA,NA,NA,yes,30,400,10,500,10,100,0,0,0,0,NA,NA,1,SEMSP,NA
JE245N1,JE245,NA,NA,NA,1,targeted,NA,NA,NA,NA,no,0,0,NA,NA,NA,NA,NA,NA,NA,NA,NA,NA,NA,SEMSP,No sockeye in set; did not enumerate
JE245N2,JE245,50.477037,-126.028592,5:45:00,2,targeted,0,NA,NA,NA,yes,30,300,9,9,10,30,7,7,0,0,NA,NA,1,SEMSP,NA
JE246N1,JE246,50.4559,-126.1191,7:55:00,1,targeted,0,NA,NA,NA,yes,30,70,0,0,0,0,10,16,0,0,NA,NA,1,SEMSP,NA
JE248N1,JE248,50.543432,-126.8134,14:20:00,1,targeted,0,NA,NA,NA,yes,30,400,2,2,1,1,1,1,0,0,NA,NA,1,SEMSP,NA
JE249N1,JE249,50.576696,-126.721158,16:40:00,1,targeted,8,NA,NA,NA,yes,30,200,10,10,10,50,1,1,0,0,NA,NA,1,SEMSP,NA
JE250N1,JE250,NA,NA,NA,1,targeted,NA,NA,NA,NA,no,0,0,NA,NA,NA,NA,NA,NA,NA,NA,NA,NA,NA,SEMSP,No sockeye in set; did not enumerate
JE250N2,JE250,50.60125,-126.704457,5:15:00,2,targeted,0,NA,NA,NA,yes,30,750,6,6,10,15,0,0,0,0,NA,NA,1,SEMSP,No fish on first set
JE251N1,JE251,50.545897,-126.668909,9:10:00,1,targeted,0,NA,NA,NA,yes,30,100,0,0,1,1,10,85,0,0,NA,NA,1,SEMSP,NA
JE252N1,JE252,50.60125,-126.704457,10:22:00,1,targeted,0,NA,NA,NA,yes,30,2000,10,100,10,900,4,4,7,7,NA,NA,1,SEMSP,NA
JE253N1,JE253,50.576696,-126.721158,13:35:00,1,targeted,3,NA,NA,NA,yes,18,18,10,200,10,100,0,0,0,0,NA,NA,1,SEMSP,Morts due to misidentification
JE254N1,JE254,50.477038,-126.028566,5:37:00,1,targeted,0,NA,NA,NA,yes,30,80,1,1,5,5,1,1,0,0,NA,NA,1,SEMSP,NA
JE255N1,JE255,NA,NA,NA,1,targeted,NA,NA,NA,NA,no,0,0,NA,NA,NA,NA,NA,NA,NA,NA,NA,NA,NA,SEMSP,No sockeye in set; did not enumerate
JE255N2,JE255,50.543432,-126.8134,9:49:00,2,targeted,18,NA,NA,NA,yes,30,600,5,6,10,400,6,6,1,1,NA,NA,1,SEMSP,Couldnt locate whatman paper for JS00541-JS00660
JE256N1,JE256,50.540979,-126.78085,14:51:00,1,targeted,6,NA,NA,NA,yes,30,300,10,100,10,100,0,0,2,2,NA,NA,1,SEMSP,Mort due to missidentification
JE257N1,JE257,50.507301,-126.24325,13:17:00,1,targeted,6,NA,NA,NA,yes,30,4000,1,300,10,700,0,0,0,1,NA,NA,1,SEMSP,"Rough weather, fish  not happy in net, let them go before getting all pink and the 1 herring. One sockeye mort floating on surface on arrival to site."
JE258N1,JE258,50.459012,-126.1695,16:22:00,1,targeted,17,NA,NA,NA,yes,30,400,10,100,10,100,0,0,0,0,NA,NA,1,SEMSP,NA
JE259N2,JE259,NA,NA,NA,2,targeted,NA,NA,NA,NA,no,0,0,NA,NA,NA,NA,NA,NA,NA,NA,NA,NA,NA,SEMSP,No sockeye in set; did not enumerate
JE259N1,JE259,NA,NA,NA,1,targeted,NA,NA,NA,NA,no,0,0,NA,NA,NA,NA,NA,NA,NA,NA,NA,NA,NA,SEMSP,No sockeye in set; did not enumerate
JE259N3,JE259,50.458983,-126.169594,6:13:00,3,targeted,0,NA,NA,NA,yes,30,3000,0,0,10,100,0,0,0,0,NA,NA,1,SEMSP,morts due to caught in the net when pulling in
JE260N1,JE260,50.525287,-126.390347,10:14:00,1,targeted,1,NA,NA,NA,no,0,0,0,0,0,0,0,0,0,0,NA,NA,NA,SEMSP,"no fish, stopped for weather"
JE261N1,JE261,50.543029,-126.632233,13:44:00,1,targeted,7,NA,NA,NA,yes,30,700,10,100,6,100,2,2,0,0,NA,NA,1,SEMSP,there were extra chum that escaped through a hole in the net
JE262N1,JE262,50.544941,-126.816489,7:22:00,1,targeted,1,NA,NA,NA,yes,29,600,10,300,10,300,1,1,1,1,NA,NA,1,SEMSP,NA
JE263N1,JE263,50.55543,-126.724521,12:26:00,1,targeted,7,NA,NA,NA,yes,30,50,10,50,10,100,8,8,0,0,NA,NA,1,SEMSP,NA
JE264N1,JE264,50.602327,-126.701507,13:19:00,1,targeted,9,NA,NA,NA,yes,30,200,10,80,10,100,2,2,2,2,NA,NA,1,SEMSP,NA
JE265N1,JE265,50.5771,-126.721684,5:34:00,1,targeted,8,NA,NA,NA,yes,22,27,10,200,10,200,0,0,0,0,NA,NA,1,SEMSP,NA
JE266N1,JE266,50.547475,-126.676942,8:07:00,1,targeted,14,NA,NA,NA,yes,30,100,10,50,2,50,1,1,0,0,NA,NA,1,SEMSP,"Cruise ship wake: Sockeye #1-11 OK (before wake), Pink # 1-6 OK (before wake), Coho # 1 OK (before wake), Chum # 1-2 OK (before wake), remainder were heavily de-scaled"
JE267N1,JE267,50.51821,-126.406079,10:34:00,1,targeted,1,NA,NA,NA,yes,30,200,9,9,10,13,0,0,0,0,NA,NA,1,SEMSP,NA
JE268N1,JE268,50.480214,-126.4142,13:45:00,1,targeted,2,NA,NA,NA,yes,30,1000,10,2000,10,2000,0,0,10,100,NA,NA,1,SEMSP,NA
JE269N1,JE269,50.476173,-126.029443,5:13:00,1,targeted,14,NA,NA,NA,yes,29,2000,10,2000,10,2000,1,1,1,2,NA,NA,1,SEMSP,"pink mort due to mis identification as a sockeye, only 29 sockeye taken as a result; no set site coordinates taken"
JE270N1,JE270,50.456683,-126.153895,8:47:00,1,targeted,10,NA,NA,NA,yes,30,300,10,700,10,500,0,0,5,6,NA,NA,1,SEMSP,pink mort due to mis identification
JE271N1,JE271,50.500269,-126.209365,11:45:00,1,targeted,16,NA,NA,NA,yes,30,1000,10,200,10,1000,0,0,0,0,NA,NA,1,SEMSP,chum mort at the bottom of the bunt
JE272N1,JE272,NA,NA,NA,1,targeted,NA,NA,NA,NA,no,0,0,NA,NA,NA,NA,NA,NA,NA,NA,NA,NA,NA,SEMSP,No sockeye in set; did not enumerate
JE272N2,JE272,50.602051,-126.704553,7:35:00,2,targeted,1,NA,NA,NA,yes,30,2000,10,100,7,100,3,3,1,3,NA,NA,1,SEMSP,~10% of fish suffered scaling due to repositioning of boat in high current conditions
JE273N1,JE273,50.579213,-126.71432,13:15:00,1,targeted,41,NA,NA,NA,yes,30,80,10,2000,10,1000,0,0,1,1,NA,NA,1,SEMSP,NA
JE274N1,JE274,NA,NA,NA,1,targeted,NA,NA,NA,NA,no,0,0,NA,NA,NA,NA,NA,NA,NA,NA,NA,NA,NA,SEMSP,No sockeye in set; did not enumerate
JE274N2,JE274,50.579393,-126.714162,6:37:00,2,targeted,1,NA,NA,NA,yes,30,100,10,400,10,400,7,7,0,0,NA,NA,1,SEMSP,NA
JE276N1,JE276,50.546326,-126.669166,13:42:00,1,targeted,30,NA,NA,NA,yes,6,6,10,100,10,20,0,0,2,2,NA,NA,1,SEMSP,"Chinook mis-IDed as Coho, couldnt revive."
JE278N3,JE278,50.483183,-126.403858,7:53:00,3,targeted,5,NA,NA,NA,no,0,0,0,80,0,10,0,2,0,8,NA,NA,NA,SEMSP,Three seperate sets no sockeye. No fish collected.
JE278N2,JE278,50.483183,-126.403858,7:53:00,2,targeted,5,NA,NA,NA,no,0,3,0,80,0,30,0,0,0,1,NA,NA,NA,SEMSP,Three seperate sets no sockeye. No fish collected.
JE278N1,JE278,50.483183,-126.403858,7:53:00,1,targeted,5,NA,NA,NA,no,0,3,0,80,0,75,0,0,0,2,NA,NA,NA,SEMSP,Three seperate sets no sockeye. No fish collected.
JE281N1,JE281,50.506302,-126.24142,11:05:00,1,targeted,69,NA,NA,NA,no,0,0,0,0,0,0,0,0,0,0,NA,NA,NA,SEMSP,NA
JE282N1,JE282,50.506323,-126.241304,13:20:00,1,targeted,10,NA,NA,NA,yes,30,500,10,3000,10,500,0,0,7,7,NA,NA,1,SEMSP,NA
JE283N1,JE283,50.455728,-126.116461,5:47:00,1,targeted,13,NA,NA,NA,yes,30,300,10,100,10,100,0,0,0,0,NA,NA,1,SEMSP,Morts due to being caught in net during pull up. :(
JE284N1,JE284,50.54401,-126.81461,11:20:00,1,targeted,1,NA,NA,NA,no,0,1,0,300,0,300,0,1,0,0,NA,NA,NA,SEMSP,"Caught sockeye for Emma, no sockeye in next set. No other sockeye found at site after 20 minute search."
JE285N1,JE285,50.55803,-126.73463,13:20:00,1,targeted,0,NA,NA,NA,yes,30,100,10,100,10,100,10,50,5,5,NA,NA,0,SEMSP,NA
JE286N1,JE286,50.55803,-126.73463,16:17:00,1,targeted,7,NA,NA,NA,yes,26,27,10,1000,10,700,2,2,7,7,NA,NA,0,SEMSP,One sockeye released b/c dropped during transfer.
JE288N1,JE288,50.6017,-126.70318,6:30:00,1,targeted,5,NA,NA,NA,yes,4,4,10,20,10,20,1,1,0,0,NA,NA,0,SEMSP,"Other activity in area, but no distinct sockeye. Difficult catching consditions, so kept school. Herring was small (~6cm) and dead when net was brought in."
JE290N1,JE290,NA,NA,NA,1,targeted,NA,NA,NA,NA,no,0,0,NA,NA,NA,NA,NA,NA,NA,NA,NA,NA,NA,SEMSP,No sockeye in set; did not enumerate
JE290N2,JE290,50.4806,-126.40961,15:05:00,2,targeted,8,NA,NA,NA,yes,10,10,10,300,10,300,0,0,2,2,NA,NA,0,SEMSP,"Strong current, some fish were jostled and lost scales. Additional bycatch 1 gunnel fish."
JE291N1,JE291,50.47508,-126.03392,5:21:00,1,targeted,0,NA,NA,NA,yes,30,300,10,600,10,300,1,1,1,1,NA,NA,0,SEMSP,NA
JE292N1,JE292,50.45733,-126.16553,7:52:00,1,targeted,1,NA,NA,NA,yes,30,50,10,400,10,20,0,0,0,0,NA,NA,0,SEMSP,Morts due to misidentification.
JE293N1,JE293,NA,NA,NA,1,targeted,NA,NA,NA,NA,no,0,0,NA,NA,NA,NA,NA,NA,NA,NA,NA,NA,NA,SEMSP,No sockeye in set; did not enumerate
JE293N2,JE293,50.49874,-126.21257,11:40:00,2,targeted,0,NA,NA,NA,yes,28,28,10,300,10,300,0,0,0,0,NA,NA,0,SEMSP,NA
JE294N1,JE294,NA,NA,NA,1,targeted,NA,NA,NA,NA,no,0,0,NA,NA,NA,NA,NA,NA,NA,NA,NA,NA,NA,SEMSP,No sockeye in set; did not enumerate
JE294N2,JE294,50.601529,-126.703784,6:15:00,2,targeted,3,NA,NA,NA,no,0,2,0,20,0,20,0,2,0,0,NA,NA,NA,SEMSP,NA
JE295N1,JE295,50.580247,-126.721745,7:51:00,1,targeted,5,NA,NA,NA,no,0,0,0,500,0,300,0,0,0,0,NA,NA,NA,SEMSP,NA
JE298N1,JE298,50.543818,-126.794456,13:35:00,1,targeted,18,NA,NA,NA,yes,15,50,10,200,10,200,7,7,0,0,NA,NA,1,SEMSP,NA
JE300N1,JE300,50.47779,-126.429726,7:38:00,1,targeted,1,NA,NA,NA,no,0,0,0,20,0,80,0,1,0,0,0,10,NA,SEMSP,NA
JE302N1,JE302,50.456886,-126.162647,12:45:00,1,targeted,3,NA,NA,NA,yes,30,200,10,300,10,300,0,0,1,1,NA,NA,1,SEMSP,NA
JE303N1,JE303,50.457049,-126.162651,7:05:00,1,targeted,7,NA,NA,NA,yes,22,22,10,300,10,300,1,2,0,0,NA,NA,1,SEMSP,NA
JE304N1,JE304,NA,NA,NA,1,targeted,NA,NA,NA,NA,no,0,0,NA,NA,NA,NA,NA,NA,NA,NA,NA,NA,NA,SEMSP,No sockeye in set; did not enumerate. Seine ID formerly JE304N1
JE304N2,JE304,50.54522,-126.65949,8:20:00,2,targeted,NA,10,0,10,yes,23,23,0,0,10,59,8,8,0,0,0,0,1,SEMSP,Seine ID formerly JN1
JE305N1,JE305,50.6022,-126.70567,15:27:00,1,targeted,NA,10,0,1000,yes,7,600,0,0,0,100,0,100,0,10,0,0,1,SEMSP,"No oceanography completed due to sudden change in weather. Trialled live-licing and anaesthatization protocols, but could not finish due to weather. Some morphological measurements missing. . Seine ID formerly JN4"
JE306N2,JE306,50.54393,-126.8131,11:20:00,2,targeted,NA,10,0,100,no,0,130,0,10,0,10,0,10,0,1,0,0,NA,SEMSP,Seine ID formerly JN6
JE306N1,JE306,50.5438,-126.80927,7:10:00,1,targeted,NA,10,0,100,yes,30,325,0,0,10,50,10,45,0,0,0,0,1,SEMSP,Seine ID formerly JN5
JE307N1,JE307,50.54411,-126.65398,6:23:00,1,targeted,NA,10,0,100,yes,30,300,0,0,10,250,10,25,10,25,1,1,1,SEMSP,Chinook in package JP25 (UFN14037). First chum of JP29 (UFN12681) had a cal mot that came out of the bag. First chinook out at 6:50 and straight into dewar (package JP25). Used remaining fish in net from retention set in place of lousing set due to weather. Only loused 10 chum. . Seine ID formerly JN7
JE308N2,JE308,50.60224,-126.70529,14:22:00,2,random,NA,1,0,0,no,0,40,0,0,0,160,0,0,0,3,0,1,NA,SEMSP,Seine ID formerly JN10
JE308N1,JE308,50.60233,-126.70309,9:37:00,1,targeted,NA,1,0,100,yes,30,200,1,4,10,500,5,5,10,30,1,1,1,SEMSP,"Last half of visual survey was a B2-3, so visibility was difficult. We caught 3 local pink fry.. Seine ID formerly JN9"
JE309N2,JE309,50.54628,-126.81474,11:11:00,2,targeted,NA,10,0,10,no,0,120,0,0,0,180,0,0,0,1,0,0,NA,SEMSP,Seine ID formerly JN12
JE309N1,JE309,50.54487,-126.81252,6:37:00,1,targeted,NA,1,0,10,yes,30,175,0,0,10,75,0,0,2,2,0,0,1,SEMSP,Seine ID formerly JN11
JE310N2,JE310,50.54582,-126.81618,11:17:00,2,targeted,NA,1,1,0,yes,4,390,0,60,0,660,0,10,0,10,0,0,1,SEMSP,Seine ID formerly JN14
JE310N1,JE310,50.54574,-126.81679,7:10:00,1,targeted,NA,1,1,0,yes,26,26,3,3,10,58,2,2,1,1,0,0,1,SEMSP,"20 sockeye in retention set were bucketed, and then returned to the bunt before individual fish collection occured.. Seine ID formerly JN13"
JE311N4,JE311,NA,NA,NA,4,targeted,NA,NA,NA,NA,no,0,0,NA,NA,NA,NA,NA,NA,NA,NA,NA,NA,NA,SEMSP,No sockeye in set; did not enumerate. Seine ID formerly JE311N4
JE311N3,JE311,NA,NA,NA,3,targeted,NA,NA,NA,NA,no,0,0,NA,NA,NA,NA,NA,NA,NA,NA,NA,NA,NA,SEMSP,No sockeye in set; did not enumerate. Seine ID formerly JE311N3
JE311N2,JE311,NA,NA,NA,2,targeted,NA,NA,NA,NA,no,0,0,NA,NA,NA,NA,NA,NA,NA,NA,NA,NA,NA,SEMSP,No sockeye in set; did not enumerate. Seine ID formerly JE311N2
JE311N1,JE311,NA,NA,NA,1,targeted,NA,NA,NA,NA,no,0,0,NA,NA,NA,NA,NA,NA,NA,NA,NA,NA,NA,SEMSP,No sockeye in set; did not enumerate. Seine ID formerly JE311N1
JE311N5,JE311,50.60278,-126.70284,10:27:00,5,targeted,NA,10,0,100,yes,30,43,10,15,10,530,4,4,4,5,2,2,1,SEMSP,"First half of visual survey was a B2, second half was a B3. Loused 10 chum and 10 pink from retention set instead of setting the net again. Secchi hit the bottom at 7.5m.. Seine ID formerly JN15"
JE314N2,JE314,50.54454,-126.81227,9:59:00,2,targeted,NA,1,0,100,no,0,0,0,20,0,230,0,0,0,0,0,0,NA,SEMSP,Seine ID formerly JN22
JE314N1,JE314,50.54372,-126.81769,6:45:00,1,targeted,NA,100,1,100,yes,1,1,10,15,10,580,2,4,2,2,0,0,1,SEMSP,"2 coho not retained, did not fit through milk jug. Seine ID formerly JN21"
JE312N1,JE312,50.54505,-126.65729,6:56:00,1,targeted,NA,10,1,100,yes,0,0,6,6,10,425,0,0,10,20,0,0,1,SEMSP,Seine ID formerly JN17
JE313N1,JE313,50.60144,-126.70046,10:16:00,1,targeted,NA,10,0,10,no,0,0,0,1,0,119,0,6,0,2,0,2,NA,SEMSP,Seine ID formerly JN20
JE316N1,JE316,50.546,-126.81509,7:13:00,1,targeted,NA,10,1,100,no,0,0,0,3,0,95,0,1,0,1,0,0,NA,SEMSP,Seine ID formerly JN25
JE315N1,JE315,50.54533,-126.65855,11:06:00,1,targeted,NA,10,0,10,no,0,0,0,90,0,450,0,0,0,60,0,0,NA,SEMSP,Seine ID formerly JN23
DE505N2,DE505,50.3154,-125.053,10:55:00,2,targeted,NA,0,0,0,no,0,0,0,1,0,0,0,0,0,0,0,0,NA,SEMSP,NA
DE505N1,DE505,50.316217,-125.052033,10:30:00,1,random,NA,0,0,0,no,0,0,0,0,0,2,0,0,0,0,0,0,NA,SEMSP,NA
DE506N1,DE506,50.18167,-125.1523,7:25:00,1,targeted,NA,0,1,10,yes,0,0,10,30,10,70,2,2,0,0,0,0,NA,SEMSP,NA
DE510N1,DE510,50.309206,-125.323291,10:15:00,1,targeted,NA,0,1,10,yes,0,0,10,117,10,217,0,0,0,0,0,0,NA,SEMSP,NA
JE411N1,JE411,50.54526,-126.8154,7:00:00,1,random,NA,0,0,1,no,0,0,0,0,0,0,0,1,0,0,0,0,NA,SEMSP,NA
JE412N1,JE412,50.53912,-126.77893,8:25:00,1,targeted,NA,1,1,10,no,0,0,0,0,0,0,0,39,0,3,0,2,NA,SEMSP,NA
DE516N2,DE516,50.316117,-125.052167,9:46:00,2,targeted,NA,0,0,1,yes,0,0,10,30,7,0,10,15,0,0,1,1,NA,SEMSP,NA
DE516N1,DE516,50.316983,-125.049967,9:10:00,1,targeted,NA,0,1,0,no,0,0,0,0,0,0,0,0,0,0,0,0,NA,SEMSP,NA
JE401N1,JE401,50.5429,-126.81615,7:12:00,1,targeted,NA,0,1,10,no,0,0,0,0,0,0,0,0,0,0,0,0,NA,SEMSP,NA
JE402N1,JE402,50.53927,-126.78078,8:49:00,1,targeted,NA,0,1,10,yes,3,3,0,0,0,0,10,87,5,6,0,0,NA,SEMSP,NA
DE517N2,DE517,50.31006,-125.317963,8:15:00,2,targeted,NA,10,0,10,yes,30,40,10,50,8,10,1,1,2,2,0,0,NA,SEMSP,NA
DE517N1,DE517,NA,NA,7:30:00,1,targeted,NA,1,0,0,no,0,0,0,0,0,0,0,0,0,0,0,0,NA,SEMSP,NA
DE531N1,DE531,50.271333,-125.368,9:00:00,1,targeted,NA,0,1,0,yes,30,1564,10,1956,4,391,0,0,2,2,0,1,NA,SEMSP,"Let out 2,150 fish during processing due to elevated stress caused by high density in net"
DE512N1,DE512,50.316807,-125.050581,10:06:00,1,random,NA,0,0,0,yes,0,0,8,8,9,9,0,0,0,0,0,0,NA,SEMSP,NA
DE513N2,DE513,50.30705,-125.332333,8:00:00,2,targeted,NA,1,0,0,yes,30,189,5,21,10,10,0,0,0,4,0,2,NA,SEMSP,NA
DE513N1,DE513,50.30785,-125.328333,7:25:00,1,targeted,NA,1,0,0,no,0,4,0,14,0,0,0,0,0,0,0,0,NA,SEMSP,NA
DE519N1,DE519,50.27045,-125.3656,7:35:00,1,random,NA,0,0,0,yes,3,8,10,104,10,21,0,0,0,0,0,0,NA,SEMSP,NA
DE514N1,DE514,50.440686,-125.294356,9:00:00,1,targeted,NA,0,1,0,yes,4,4,10,24,10,266,0,0,0,0,1,1,NA,SEMSP,NA
JE417N1,JE417,50.54342,-126.81474,7:22:00,1,targeted,NA,10,10,10,yes,30,146,10,49,10,39,10,20,0,0,0,1,NA,SEMSP,NA
JE418N1,JE418,50.54561,-126.66166,6:57:00,1,targeted,NA,10,0,100,yes,30,113,10,28,10,22,1,1,5,5,0,0,NA,SEMSP,"1st pink out at 07:30am mistaken for sockeye, put in dewar immediately after measurements taken."
DE520N3,DE520,50.306917,-125.3288,8:35:00,3,targeted,NA,0,0,10,yes,8,8,10,56,10,56,0,0,0,0,0,0,NA,SEMSP,NA
DE520N2,DE520,50.307767,-125.32905,8:15:00,2,targeted,NA,1,0,1,no,0,3,0,3,0,16,0,0,0,0,0,0,NA,SEMSP,NA
DE520N1,DE520,50.305683,-125.336917,7:43:00,1,random,NA,0,0,0,no,0,7,0,0,0,7,0,0,0,0,0,0,NA,SEMSP,NA
DE521N1,DE521,50.267967,-125.358733,6:50:00,1,targeted,NA,1,1,10,yes,24,48,10,302,10,132,0,0,6,55,0,0,NA,SEMSP,NA
JE414N1,JE414,50.54387,-126.80852,7:03:00,1,targeted,NA,10,10,100,yes,30,488,10,203,10,81,3,33,0,8,0,0,NA,SEMSP,Morts and unhealthy fish caused by unseen fold in net under piece of kelp caught during set. Coho and Herring not sampled due to poor weather conditions / unhealthy fish.
DE522N1,DE522,50.443485,-125.28775,7:43:00,1,targeted,NA,1,0,10,yes,30,450,10,1060,10,1060,0,30,10,460,0,0,NA,SEMSP,not sampled coho because too big for whirlpacks and it has been more than 2 hours we had the fish. majority of pink/chum seems locals (pretty small ones)
DE523N3,DE523,50.30345,-125.33885,8:45:00,3,targeted,NA,1,1,1,yes,26,31,10,340,10,150,0,2,0,1,0,0,NA,SEMSP,"Coho too big to fit into whirl-paks; had to release fish after 2 hrs holding in net due to morts observed and noticeable scale loss due to rough conditions, so unable to take full retention of SO & HE"
DE523N2,DE523,50.307183,-125.335133,8:08:00,2,targeted,NA,0,0,0,no,0,7,0,0,0,0,0,0,0,0,0,0,NA,SEMSP,NA
DE523N1,DE523,50.3099,-125.319633,7:05:00,1,targeted,NA,1,1,10,no,0,14,0,1080,0,257,0,0,0,0,0,0,NA,SEMSP,NA
JE415N2,JE415,50.60197,-126.70232,7:41:00,2,targeted,NA,0,0,10,yes,8,8,10,26,10,22,0,0,0,3,0,0,NA,SEMSP,left early due to possible gas leak on boat and building weather.
JE415N1,JE415,50.60207,-126.70187,6:54:00,1,targeted,NA,1,1,10,no,0,40,0,480,0,240,0,0,0,40,0,0,NA,SEMSP,"first set released due to strong current, unsafe to process."
DE524N4,DE524,50.26805,-125.358833,9:22:00,4,targeted,NA,1,0,10,no,0,0,0,22,0,100,0,3,0,1,0,0,NA,SEMSP,NA
DE524N3,DE524,50.270667,-125.365017,7:57:00,3,targeted,NA,0,0,10,no,0,0,0,21,0,115,0,0,0,2,0,0,NA,SEMSP,NA
DE524N2,DE524,50.268817,-125.359533,7:42:00,2,targeted,NA,0,0,10,no,0,0,0,95,0,96,0,0,0,1,0,0,NA,SEMSP,NA
DE524N1,DE524,50.27095,-125.365483,7:04:00,1,targeted,NA,0,0,10,no,0,5,0,235,0,235,0,1,0,1,0,0,NA,SEMSP,NA
DE525N1,DE525,50.233733,-125.395717,11:15:00,1,targeted,NA,1,10,10,yes,0,20,10,4060,10,1740,0,1,0,6,0,0,NA,SEMSP,"Released ~3,000 fish prior to processing due to high density. Failed to find SO (and HE) in net before fish had to be released due to deteriorating condition in net. CO too large to fit in whirl-pak (post-smolt, >30cm). 11 fish released in poor condition (species unverified)."
DE526N1,DE526,338575.5,-125.273467,8:35:00,1,targeted,NA,1,1,1,yes,1,1,10,360,10,40,0,0,0,0,1,1,NA,SEMSP,NA
JE419N1,JE419,50.54416,-126.80831,7:25:00,1,targeted,NA,10,10,10,yes,16,27,10,537,10,537,0,0,0,10,0,0,NA,SEMSP,Gas leak in Althea. Fish exposed to full slick. Unable to process Herring or perform  a second set.
DE527N3,DE527,50.308417,-125.3309,9:10:00,3,targeted,NA,0,0,1,yes,0,0,10,513,10,37,0,0,0,0,0,0,NA,SEMSP,NA
DE527N2,DE527,50.303167,-125.3387,8:40:00,2,targeted,NA,0,0,0,no,0,0,0,20,0,5,0,0,0,0,0,0,NA,SEMSP,NA
DE527N1,DE527,50.30915,-125.32305,8:03:00,1,targeted,NA,0,0,0,no,0,0,0,70,0,30,0,0,0,0,0,0,NA,SEMSP,NA
DE528N1,DE528,50.29,-125.317433,12:35:00,1,targeted,NA,0,1,1,no,0,0,0,286,0,430,0,0,0,1,0,0,NA,SEMSP,NA
DE529N2,DE529,50.2693,-125.360467,7:58:00,2,targeted,NA,0,1,1,no,0,0,0,90,0,210,0,2,0,0,0,1,NA,SEMSP,NA
DE529N1,DE529,50.268067,-125.35845,7:05:00,1,targeted,NA,0,1,1,no,0,0,0,88,0,87,0,2,0,0,0,1,NA,SEMSP,NA
DE530N2,DE530,50.239,-125.401233,10:51:00,2,targeted,NA,0,1,1,yes,0,0,10,613,10,412,0,0,0,1,1,1,NA,SEMSP,NA
DE530N1,DE530,50.2351,-125.397083,9:50:00,1,targeted,NA,1,0,0,no,0,0,0,1,0,0,0,0,0,0,0,0,NA,SEMSP,NA
JE420N1,JE420,50.60216,-126.70131,9:34:00,1,targeted,NA,0,1,10,yes,8,8,10,46,10,34,0,0,0,0,0,0,NA,SEMSP,NA
DE532N3,DE532,50.435,-125.263767,9:45:00,3,targeted,NA,1,1,10,yes,10,15,10,1242,10,2288,0,0,9,9,0,0,NA,SEMSP,"No ice packs for cooling fish, first 3 herring in 12:20"
DE532N2,DE532,50.434567,-125.261567,9:00:00,2,targeted,NA,0,1,1,no,0,0,0,0,0,0,0,0,0,1,0,0,NA,SEMSP,"Set #2 herring released poor condition,"
DE532N1,DE532,50.434567,-125.261567,8:15:00,1,targeted,NA,0,1,1,no,0,0,0,0,0,0,0,0,0,0,0,0,NA,SEMSP,NA
JE421N2,JE421,50.54314,-126.81464,12:14:00,2,targeted,NA,10,10,10,yes,13,376,0,909,0,545,0,0,0,0,0,0,NA,SEMSP,NA
JE421N1,JE421,50.54372,-126.81902,8:24:00,1,targeted,NA,10,0,10,yes,17,17,10,359,10,359,0,0,10,19,0,0,NA,SEMSP,Released 400 fish after forming bunt.
JE422N2,JE422,50.54267,-126.65017,10:28:00,2,targeted,NA,1,1,10,yes,12,12,0,131,0,87,0,0,1,1,0,0,NA,SEMSP,NA
JE422N1,JE422,50.54477,-126.65859,7:18:00,1,targeted,NA,1,10,0,yes,5,5,10,219,10,99,1,3,0,0,0,0,NA,SEMSP,Two other Coho would not fit in Whirlpaks
DE533N2,DE533,50.29995,-125.341167,9:14:00,2,targeted,NA,0,0,0,yes,0,0,10,78,10,17,0,0,0,0,0,0,NA,SEMSP,NA
DE533N1,DE533,50.305567,-125.337083,7:22:00,1,targeted,NA,1,0,1,no,0,0,0,60,0,140,0,0,0,0,0,0,NA,SEMSP,NA
DE534N2,DE534,50.26815,-125.360967,8:55:00,2,targeted,NA,0,1,0,yes,1,1,10,212,10,12,0,0,0,0,1,1,NA,SEMSP,NA
DE534N1,DE534,50.267517,-125.35945,8:20:00,1,targeted,NA,0,1,0,no,0,0,0,0,0,0,0,0,0,0,0,0,NA,SEMSP,NA
DE535N1,DE535,50.438867,-125.267883,7:20:00,1,targeted,NA,0,1,10,yes,0,0,10,183,10,68,0,0,0,0,0,0,NA,SEMSP,NA
DE536N1,DE536,50.298867,-125.337917,11:00:00,1,targeted,NA,0,1,1,yes,2,2,0,100,1,151,0,0,0,0,0,0,NA,SEMSP,NA
JE423N2,JE423,50.54343,-126.81577,8:59:00,2,targeted,NA,10,1,10,yes,4,4,0,297,10,208,0,0,0,0,1,1,NA,SEMSP,NA
JE423N1,JE423,50.54327,-126.81796,6:50:00,1,targeted,NA,1,10,10,yes,1,1,10,45,0,3,0,0,0,0,0,0,NA,SEMSP,NA
JE425N1,JE425,50.60151,-126.70567,8:43:00,1,targeted,NA,10,1,10,no,0,100,0,200,0,200,0,0,0,0,0,0,NA,SEMSP,"Current too strong to keep the fish, not safe to set again. School size is estimate only."
DE537N1,DE537,50.3092,-125.325,7:09:00,1,targeted,NA,0,1,0,yes,0,0,10,85,1,1,0,0,0,0,0,0,NA,SEMSP,NA
JE426N1,JE426,50.54591,-126.6658,7:14:00,1,targeted,NA,1,1,10,yes,1,1,10,185,10,185,0,0,1,1,0,0,NA,SEMSP,NA
DE538N2,DE538,50.268783,-125.358283,7:55:00,2,random,NA,0,0,0,yes,0,0,6,6,1,1,0,0,1,1,2,2,NA,SEMSP,NA
DE538N1,DE538,50.268383,-125.357783,7:03:00,1,random,NA,0,0,0,no,0,0,0,5,0,1,0,0,0,0,0,0,NA,SEMSP,NA
JE427N2,JE427,50.54412,-126.81375,9:10:00,2,targeted,NA,0,1,10,no,0,0,0,35,0,35,0,0,0,0,0,0,NA,SEMSP,NA
JE427N1,JE427,50.54367,-126.81252,7:14:00,1,targeted,NA,1,10,10,yes,0,0,10,198,10,136,0,0,0,0,0,0,NA,SEMSP,NA
DE539N2,DE539,50.435883,-125.264217,7:45:00,2,targeted,NA,0,1,1,yes,0,0,10,168,10,77,0,0,0,0,0,0,NA,SEMSP,NA
DE539N1,DE539,50.437217,-125.265083,7:15:00,1,random,NA,0,0,0,no,0,0,0,0,0,0,0,0,0,0,0,0,NA,SEMSP,NA
JE428N1,JE428,50.54549,-126.6642,6:51:00,1,targeted,NA,0,1,10,yes,1,1,10,179,10,52,1,1,0,0,0,0,NA,SEMSP,NA
JE429N1,JE429,50.54308,-126.81553,9:45:00,1,targeted,NA,0,1,10,yes,1,1,10,209,10,60,0,0,0,0,0,0,NA,SEMSP,Very licey seine. Lots of mots and attached stages
DE540N1,DE540,50.309033,-125.323467,8:28:00,1,targeted,NA,0,0,1,yes,0,0,10,50,0,0,0,0,0,0,1,1,NA,SEMSP,NA
DE541N1,DE541,50.30655,-125.33625,8:50:00,1,targeted,NA,0,10,1,yes,0,0,10,110,6,6,0,0,0,0,0,0,NA,SEMSP,NA
DE546N2,DE546,50.300047,-125.340866,9:50:00,2,targeted,NA,0,1,1,no,0,0,0,0,0,0,0,0,0,0,0,0,NA,SEMSP,"location not taken in field, estimated from Google Earth"
DE546N1,DE546,50.307068,-125.331276,8:50:00,1,targeted,NA,0,1,0,no,0,0,0,0,0,1,0,0,0,0,0,0,NA,SEMSP,"location not taken in field, estimated from Google Earth"
DE542N2,DE542,50.308983,-125.325167,8:45:00,2,targeted,NA,0,1,0,no,0,0,0,0,0,0,0,0,0,0,0,0,NA,SEMSP,NA
DE542N1,DE542,50.30865,-125.3255,8:20:00,1,targeted,NA,0,0,1,no,0,0,0,0,0,0,0,0,0,0,0,0,NA,SEMSP,NA
DE543N1,DE543,50.30945,-125.324067,8:47:00,1,targeted,NA,0,1,1,no,0,0,0,0,0,0,0,0,0,0,0,0,NA,SEMSP,NA
