"","jsp_survey_id","date","site_id","school_number","school_sliders","school_poppers","school_dimpling"
"1","DE426",2017-05-16,"D09","1","0","0","10"
"2","DE426",2017-05-16,"D09","2","0","1","0"
"3","DE426",2017-05-16,"D09","3","0","1","1"
"4","DE426",2017-05-16,"D09","4","0","0","10"
"5","DE426",2017-05-16,"D09","5","0","1","10"
"6","DE426",2017-05-16,"D09","6","0","1","0"
"7","DE428",2017-05-17,"D29","1","0","1","10"
"8","DE440",2017-05-19,"D09","1","1","1","1"
"9","DE440",2017-05-19,"D09","2","0","0","10"
"10","DE440",2017-05-19,"D09","3","0","0","10"
"11","DE440",2017-05-19,"D09","4","0","0","1"
"12","DE440",2017-05-19,"D09","5","0","0","10"
"13","DE440",2017-05-19,"D09","6","0","1","0"
"14","DE440",2017-05-19,"D09","7","0","0","10"
"15","DE440",2017-05-19,"D09","8","0","0","1"
"16","DE440",2017-05-19,"D09","9","0","0","1"
"17","DE440",2017-05-19,"D09","10","0","0","1"
"18","DE440",2017-05-19,"D09","11","0","0","1"
"19","DE440",2017-05-19,"D09","12","0","0","10"
"20","DE440",2017-05-19,"D09","13","0","1","10"
"21","DE440",2017-05-19,"D09","14","0","0","1"
"22","DE440",2017-05-19,"D09","15","0","0","10"
"23","DE440",2017-05-19,"D09","16","0","0","10"
"24","DE440",2017-05-19,"D09","17","0","0","10"
"25","DE440",2017-05-19,"D09","18","0","0","10"
"26","DE440",2017-05-19,"D09","19","0","0","1"
"27","DE403",2017-05-19,"D30","1","0","0","1"
"28","DE403",2017-05-19,"D30","2","0","0","1"
"29","DE403",2017-05-19,"D30","3","0","0","1"
"30","DE403",2017-05-19,"D30","4","0","0","10"
"31","DE403",2017-05-19,"D30","5","0","0","1"
"32","DE403",2017-05-19,"D30","6","0","1","0"
"33","DE403",2017-05-19,"D30","7","0","0","1"
"34","DE403",2017-05-19,"D30","8","0","1","0"
"35","DE403",2017-05-19,"D30","9","0","0","1"
"36","DE403",2017-05-19,"D30","10","0","1","0"
"37","DE403",2017-05-19,"D30","11","0","0","1"
"38","DE403",2017-05-19,"D30","12","0","0","10"
"39","DE403",2017-05-19,"D30","13","0","0","10"
"40","DE403",2017-05-19,"D30","14","0","1","1"
"41","DE403",2017-05-19,"D30","15","0","1","0"
"42","DE403",2017-05-19,"D30","16","0","0","1"
"43","DE415",2017-05-23,"D22","1","0","1","0"
"44","DE427",2017-05-23,"D27","1","0","1","0"
"45","DE365",2017-05-25,"D09","1","1","0","0"
"46","DE365",2017-05-25,"D09","2","1","0","0"
"47","JE326",2017-05-26,"J13","1","0","0","10"
"48","JE326",2017-05-26,"J13","2","0","0","10"
"49","JE326",2017-05-26,"J13","3","0","0","10"
"50","JE326",2017-05-26,"J13","4","0","0","1"
"51","JE326",2017-05-26,"J13","5","0","0","1"
"52","JE326",2017-05-26,"J13","6","0","1","1"
"53","JE326",2017-05-26,"J13","7","0","1","0"
"54","JE326",2017-05-26,"J13","8","0","1","0"
"55","JE326",2017-05-26,"J13","9","0","1","0"
"56","JE326",2017-05-26,"J13","10","0","1","1"
"57","JE326",2017-05-26,"J13","11","0","1","1"
"58","JE326",2017-05-26,"J13","12","0","1","1"
"59","JE326",2017-05-26,"J13","13","0","0","1"
"60","JE326",2017-05-26,"J13","14","0","0","10"
"61","JE326",2017-05-26,"J13","15","0","0","1"
"62","JE326",2017-05-26,"J13","16","0","0","10"
"63","JE326",2017-05-26,"J13","17","0","0","1"
"64","JE326",2017-05-26,"J13","18","0","1","0"
"65","JE326",2017-05-26,"J13","19","0","1","0"
"66","JE326",2017-05-26,"J13","20","0","0","1"
"67","JE326",2017-05-26,"J13","21","0","0","1"
"68","JE326",2017-05-26,"J13","22","0","0","1"
"69","JE326",2017-05-26,"J13","23","0","0","1"
"70","JE326",2017-05-26,"J13","24","0","1","1"
"71","JE326",2017-05-26,"J13","25","0","0","1"
"72","JE326",2017-05-26,"J13","26","0","0","1"
"73","JE326",2017-05-26,"J13","27","0","0","10"
"74","JE326",2017-05-26,"J13","28","0","0","1"
"75","JE326",2017-05-26,"J13","29","0","0","10"
"76","JE326",2017-05-26,"J13","30","0","1","0"
"77","JE326",2017-05-26,"J13","31","0","1","1"
"78","JE326",2017-05-26,"J13","32","0","1","0"
"79","JE326",2017-05-26,"J13","33","0","0","10"
"80","JE327",2017-05-26,"J09","1","0","1","0"
"81","JE327",2017-05-26,"J09","2","0","1","0"
"82","JE327",2017-05-26,"J09","3","0","1","0"
"83","JE327",2017-05-26,"J09","4","0","1","0"
"84","JE327",2017-05-26,"J09","5","0","0","1"
"85","JE327",2017-05-26,"J09","6","0","1","10"
"86","JE327",2017-05-26,"J09","7","0","1","0"
"87","JE327",2017-05-26,"J09","8","0","1","0"
"88","JE327",2017-05-26,"J09","9","0","1","0"
"89","DE439",2017-05-26,"D08","1","0","1","0"
"90","DE439",2017-05-26,"D08","2","0","1","0"
"91","DE405",2017-05-26,"D29","1","1","0","0"
"92","DE429",2017-05-29,"D27","1","1","1","10"
"93","DE429",2017-05-29,"D27","2","0","1","0"
"94","DE429",2017-05-29,"D27","3","1","1","0"
"95","DE429",2017-05-29,"D27","4","0","1","0"
"96","DE367",2017-05-29,"D09","1","0","0","10"
"97","DE367",2017-05-29,"D09","2","0","0","10"
"98","DE367",2017-05-29,"D09","3","0","0","1"
"99","DE367",2017-05-29,"D09","4","1","0","0"
"100","DE367",2017-05-29,"D09","5","0","0","10"
"101","DE367",2017-05-29,"D09","6","0","0","10"
"102","DE367",2017-05-29,"D09","7","1","0","100"
"103","DE367",2017-05-29,"D09","8","0","1","100"
"104","DE367",2017-05-29,"D09","9","0","0","10"
"105","DE367",2017-05-29,"D09","10","0","0","100"
"106","DE367",2017-05-29,"D09","11","0","0","10"
"107","DE441",2017-05-31,"D22","1","0","1","0"
"108","DE424",2017-05-31,"D08","1","1","0","0"
"109","DE412",2017-05-31,"D27","1","0","1","0"
"110","DE412",2017-05-31,"D27","2","1","0","0"
"111","DE412",2017-05-31,"D27","3","0","0","1"
"112","DE436",2017-06-01,"D08","1","1","0","1"
"113","DE436",2017-06-01,"D08","2","1","0","0"
"114","DE436",2017-06-01,"D08","3","1","0","0"
"115","DE436",2017-06-01,"D08","4","1","0","0"
"116","DE436",2017-06-01,"D08","5","1","0","0"
"117","DE436",2017-06-01,"D08","6","10","0","0"
"118","DE436",2017-06-01,"D08","7","1","0","1"
"119","DE436",2017-06-01,"D08","8","1","0","0"
"120","DE436",2017-06-01,"D08","9","1","0","0"
"121","DE436",2017-06-01,"D08","10","1","0","0"
"122","DE436",2017-06-01,"D08","11","1","0","0"
"123","DE436",2017-06-01,"D08","12","1","0","0"
"124","DE436",2017-06-01,"D08","13","1","0","0"
"125","DE436",2017-06-01,"D08","14","0","1","0"
"126","DE436",2017-06-01,"D08","15","0","1","0"
"127","DE369",2017-06-01,"D29","1","1","0","0"
"128","DE369",2017-06-01,"D29","2","1","0","0"
"129","DE369",2017-06-01,"D29","3","0","0","1"
"130","DE369",2017-06-01,"D29","4","1","0","0"
"131","DE369",2017-06-01,"D29","5","1","0","0"
"132","DE369",2017-06-01,"D29","6","0","1","0"
"133","DE369",2017-06-01,"D29","7","0","1","0"
"134","JE328",2017-06-02,"J09","1","0","0","1"
"135","JE328",2017-06-02,"J09","2","0","1","0"
"136","JE328",2017-06-02,"J09","3","0","1","0"
"137","JE328",2017-06-02,"J09","4","0","1","0"
"138","JE328",2017-06-02,"J09","5","0","1","0"
"139","JE328",2017-06-02,"J09","6","0","1","0"
"140","JE332",2017-06-03,"J02","1","0","0","10"
"141","JE332",2017-06-03,"J02","2","0","0","10"
"142","JE332",2017-06-03,"J02","3","0","1","10"
"143","JE332",2017-06-03,"J02","4","0","0","10"
"144","JE332",2017-06-03,"J02","5","0","0","1"
"145","JE332",2017-06-03,"J02","6","0","0","10"
"146","JE332",2017-06-03,"J02","7","0","0","10"
"147","JE332",2017-06-03,"J02","8","0","0","1"
"148","JE332",2017-06-03,"J02","9","0","0","10"
"149","JE333",2017-06-03,"J13","1","0","0","1"
"150","JE333",2017-06-03,"J13","2","0","0","10"
"151","JE333",2017-06-03,"J13","3","0","0","0"
"152","JE333",2017-06-03,"J13","4","0","0","10"
"153","JE333",2017-06-03,"J13","5","0","0","100"
"154","JE333",2017-06-03,"J13","6","0","0","10"
"155","JE333",2017-06-03,"J13","7","0","0","10"
"156","DE422",2017-06-05,"D22","1","0","1","0"
"157","DE422",2017-06-05,"D22","2","0","1","0"
"158","DE422",2017-06-05,"D22","3","0","0","1"
"159","DE422",2017-06-05,"D22","4","1","0","0"
"160","DE370",2017-06-05,"D27","1","0","1","0"
"161","DE370",2017-06-05,"D27","2","0","0","100"
"162","DE370",2017-06-05,"D27","3","0","0","100"
"163","DE370",2017-06-05,"D27","4","0","1","0"
"164","DE370",2017-06-05,"D27","5","1","1","0"
"165","DE370",2017-06-05,"D27","6","1","1","0"
"166","DE370",2017-06-05,"D27","7","1","0","0"
"167","DE370",2017-06-05,"D27","8","0","0","1"
"168","DE370",2017-06-05,"D27","9","0","1","0"
"169","DE370",2017-06-05,"D27","10","0","0","10"
"170","DE370",2017-06-05,"D27","11","1","0","0"
"171","DE370",2017-06-05,"D27","12","0","0","1"
"172","DE370",2017-06-05,"D27","13","1","0","0"
"173","DE370",2017-06-05,"D27","14","0","0","10"
"174","DE370",2017-06-05,"D27","15","1","0","0"
"175","DE370",2017-06-05,"D27","16","0","0","1"
"176","JE304",2017-06-06,"J03","1","1","0","0"
"177","JE304",2017-06-06,"J03","2","0","1","100"
"178","JE304",2017-06-06,"J03","3","10","0","100"
"179","JE304",2017-06-06,"J03","4","1","0","10"
"180","JE304",2017-06-06,"J03","5","0","0","10"
"181","JE304",2017-06-06,"J03","6","10","0","10"
"182","JE304",2017-06-06,"J03","7","0","0","100"
"183","JE304",2017-06-06,"J03","8","10","0","0"
"184","JE304",2017-06-06,"J03","9","1","1","10"
"185","JE304",2017-06-06,"J03","10","0","1","0"
"186","JE304",2017-06-06,"J03","11","0","1","0"
"187","JE304",2017-06-06,"J03","12","10","0","100"
"188","JE304",2017-06-06,"J03","13","10","0","100"
"189","JE304",2017-06-06,"J03","14","0","0","10"
"190","JE304",2017-06-06,"J03","15","1","1","10"
"191","JE304",2017-06-06,"J03","16","0","0","1"
"192","JE304",2017-06-06,"J03","17","10","10","0"
"193","JE304",2017-06-06,"J03","18","10","1","10"
"194","JE304",2017-06-06,"J03","19","1","1","0"
"195","JE304",2017-06-06,"J03","20","1","1","1"
"196","JE304",2017-06-06,"J03","21","10","0","1"
"197","JE304",2017-06-06,"J03","22","0","0","1"
"198","JE304",2017-06-06,"J03","23","0","1","0"
"199","JE304",2017-06-06,"J03","24","0","10","0"
"200","JE304",2017-06-06,"J03","25","0","0","10"
"201","JE305",2017-06-06,"J02","1","1","0","0"
"202","JE305",2017-06-06,"J02","2","1","1","100"
"203","JE305",2017-06-06,"J02","3","1","0","0"
"204","JE305",2017-06-06,"J02","4","1","0","0"
"205","JE334",2017-06-07,"J09","1","0","1","0"
"206","JE334",2017-06-07,"J09","2","0","1","0"
"207","JE334",2017-06-07,"J09","3","0","1","0"
"208","JE334",2017-06-07,"J09","4","0","1","0"
"209","JE334",2017-06-07,"J09","5","0","1","0"
"210","JE334",2017-06-07,"J09","6","0","1","0"
"211","JE334",2017-06-07,"J09","7","0","1","0"
"212","JE334",2017-06-07,"J09","8","0","1","0"
"213","JE334",2017-06-07,"J09","9","0","1","0"
"214","JE334",2017-06-07,"J09","10","0","1","0"
"215","JE334",2017-06-07,"J09","11","0","1","0"
"216","JE334",2017-06-07,"J09","12","0","1","0"
"217","JE334",2017-06-07,"J09","13","0","1","0"
"218","JE334",2017-06-07,"J09","14","0","1","0"
"219","JE334",2017-06-07,"J09","15","0","1","0"
"220","JE334",2017-06-07,"J09","16","0","1","0"
"221","JE334",2017-06-07,"J09","17","0","1","0"
"222","JE334",2017-06-07,"J09","18","0","1","0"
"223","JE334",2017-06-07,"J09","19","0","1","0"
"224","JE334",2017-06-07,"J09","20","0","1","0"
"225","JE334",2017-06-07,"J09","21","0","1","0"
"226","JE334",2017-06-07,"J09","22","0","1","0"
"227","JE334",2017-06-07,"J09","23","0","0","1"
"228","JE336",2017-06-07,"J12","1","0","1","0"
"229","JE336",2017-06-07,"J12","2","0","1","0"
"230","DE371",2017-06-07,"D09","1","0","0","1"
"231","DE371",2017-06-07,"D09","2","0","0","1"
"232","DE371",2017-06-07,"D09","3","1","0","0"
"233","DE371",2017-06-07,"D09","4","1","0","0"
"234","DE371",2017-06-07,"D09","5","10","0","100"
"235","DE371",2017-06-07,"D09","6","0","0","1"
"236","DE371",2017-06-07,"D09","7","1","0","1"
"237","DE371",2017-06-07,"D09","8","0","0","1"
"238","DE371",2017-06-07,"D09","9","0","0","1"
"239","DE371",2017-06-07,"D09","10","0","0","1"
"240","DE371",2017-06-07,"D09","11","1","0","0"
"241","DE371",2017-06-07,"D09","12","0","0","10"
"242","DE371",2017-06-07,"D09","13","1","0","0"
"243","DE371",2017-06-07,"D09","14","10","0","0"
"244","DE371",2017-06-07,"D09","15","1","0","10"
"245","DE371",2017-06-07,"D09","16","0","0","1"
"246","DE371",2017-06-07,"D09","17","1","0","0"
"247","DE371",2017-06-07,"D09","18","1","0","1"
"248","DE371",2017-06-07,"D09","19","0","0","1"
"249","DE371",2017-06-07,"D09","20","0","0","1"
"250","DE371",2017-06-07,"D09","21","0","0","1"
"251","DE371",2017-06-07,"D09","22","1","0","0"
"252","DE371",2017-06-07,"D09","23","10","0","0"
"253","DE371",2017-06-07,"D09","24","10","0","1"
"254","DE371",2017-06-07,"D09","25","10","0","0"
"255","DE371",2017-06-07,"D09","26","1","0","0"
"256","DE371",2017-06-07,"D09","27","1","0","0"
"257","DE371",2017-06-07,"D09","28","1","0","0"
"258","DE371",2017-06-07,"D09","29","0","0","1"
"259","DE371",2017-06-07,"D09","30","1","0","0"
"260","DE371",2017-06-07,"D09","31","1","0","1"
"261","DE371",2017-06-07,"D09","32","1","0","0"
"262","DE371",2017-06-07,"D09","33","0","0","1"
"263","DE371",2017-06-07,"D09","34","100","0","100"
"264","JE306",2017-06-13,"J09","1","0","1","0"
"265","JE306",2017-06-13,"J09","2","0","1","0"
"266","JE306",2017-06-13,"J09","3","1","0","0"
"267","JE306",2017-06-13,"J09","4","1","1","0"
"268","JE306",2017-06-13,"J09","5","10","0","0"
"269","JE306",2017-06-13,"J09","6","10","0","0"
"270","JE306",2017-06-13,"J09","7","0","1","0"
"271","JE306",2017-06-13,"J09","8","1","0","0"
"272","JE306",2017-06-13,"J09","9","0","1","0"
"273","JE306",2017-06-13,"J09","10","0","1","0"
"274","JE306",2017-06-13,"J09","11","10","0","0"
"275","JE306",2017-06-13,"J09","12","10","0","0"
"276","JE306",2017-06-13,"J09","13","100","0","0"
"277","JE306",2017-06-13,"J09","14","100","0","0"
"278","JE306",2017-06-13,"J09","15","0","1","0"
"279","JE306",2017-06-13,"J09","16","10","1","0"
"280","JE306",2017-06-13,"J09","17","1","1","10"
"281","JE306",2017-06-13,"J09","18","100","0","0"
"282","JE306",2017-06-13,"J09","19","10","1","0"
"283","JE306",2017-06-13,"J09","20","10","1","0"
"284","JE306",2017-06-13,"J09","21","100","10","100"
"285","JE306",2017-06-13,"J09","22","0","0","10"
"286","JE306",2017-06-13,"J09","23","1","0","0"
"287","JE306",2017-06-13,"J09","24","1","0","1"
"288","JE306",2017-06-13,"J09","25","1","10","0"
"289","JE306",2017-06-13,"J09","26","10","1","0"
"290","JE306",2017-06-13,"J09","27","0","10","10"
"291","JE306",2017-06-13,"J09","28","10","1","100"
"292","JE306",2017-06-13,"J09","29","1","0","0"
"293","JE306",2017-06-13,"J09","30","0","1","0"
"294","JE306",2017-06-13,"J09","31","1","1","10"
"295","JE306",2017-06-13,"J09","32","10","1","10"
"296","JE306",2017-06-13,"J09","33","1","1","10"
"297","JE306",2017-06-13,"J09","34","10","1","10"
"298","JE307",2017-06-14,"J03","1","0","0","10"
"299","JE307",2017-06-14,"J03","2","0","0","1"
"300","JE307",2017-06-14,"J03","3","0","0","1"
"301","JE307",2017-06-14,"J03","4","1","0","10"
"302","JE307",2017-06-14,"J03","5","1","1","0"
"303","JE307",2017-06-14,"J03","6","0","0","10"
"304","JE307",2017-06-14,"J03","7","10","1","10"
"305","JE307",2017-06-14,"J03","8","1","0","10"
"306","JE307",2017-06-14,"J03","9","0","1","1"
"307","JE307",2017-06-14,"J03","10","0","1","0"
"308","JE307",2017-06-14,"J03","11","1","0","10"
"309","JE307",2017-06-14,"J03","12","1","0","0"
"310","JE307",2017-06-14,"J03","13","0","1","1"
"311","JE307",2017-06-14,"J03","14","0","0","10"
"312","JE307",2017-06-14,"J03","15","1","0","0"
"313","JE307",2017-06-14,"J03","16","1","0","1"
"314","JE307",2017-06-14,"J03","17","1","1","0"
"315","JE307",2017-06-14,"J03","18","0","0","1"
"316","JE307",2017-06-14,"J03","19","1","0","0"
"317","JE307",2017-06-14,"J03","20","0","1","0"
"318","JE307",2017-06-14,"J03","21","1","0","1"
"319","JE307",2017-06-14,"J03","22","0","0","10"
"320","JE307",2017-06-14,"J03","23","0","1","0"
"321","JE307",2017-06-14,"J03","24","0","0","1"
"322","JE307",2017-06-14,"J03","25","10","0","100"
"323","DE400",2017-06-09,"D29","1","0","1","0"
"324","DE400",2017-06-09,"D29","2","0","0","1"
"325","DE400",2017-06-09,"D29","3","0","0","10"
"326","DE400",2017-06-09,"D29","4","0","1","0"
"327","DE400",2017-06-09,"D29","5","0","0","1"
"328","DE400",2017-06-09,"D29","6","0","1","0"
"329","DE400",2017-06-09,"D29","7","0","0","1"
"330","DE400",2017-06-09,"D29","8","0","0","1"
"331","DE396",2017-06-13,"D22","1","10","0","0"
"332","DE396",2017-06-13,"D22","2","0","0","1"
"333","DE396",2017-06-13,"D22","3","1","0","0"
"334","DE396",2017-06-13,"D22","4","0","0","10"
"335","DE396",2017-06-13,"D22","5","0","0","10"
"336","DE396",2017-06-13,"D22","6","1","0","1"
"337","DE396",2017-06-13,"D22","7","0","1","0"
"338","DE396",2017-06-13,"D22","8","1","0","0"
"339","DE396",2017-06-13,"D22","9","1","0","0"
"340","DE372",2017-06-12,"D09","1","1","0","0"
"341","DE372",2017-06-12,"D09","2","0","1","0"
"342","DE372",2017-06-12,"D09","3","1","0","0"
"343","DE372",2017-06-12,"D09","4","0","1","0"
"344","DE372",2017-06-12,"D09","5","0","1","0"
"345","DE372",2017-06-12,"D09","6","0","1","0"
"346","DE376",2017-06-13,"D27","1","1","0","0"
"347","DE376",2017-06-13,"D27","2","1","0","0"
"348","DE376",2017-06-13,"D27","3","0","0","1"
"349","DE376",2017-06-13,"D27","4","1","0","0"
"350","DE376",2017-06-13,"D27","5","0","1","0"
"351","DE376",2017-06-13,"D27","6","0","1","0"
"352","DE377",2017-06-19,"D22","1","1","0","0"
"353","DE377",2017-06-19,"D22","2","1","0","0"
"354","DE377",2017-06-19,"D22","3","1","0","0"
"355","DE377",2017-06-19,"D22","4","1","0","0"
"356","DE377",2017-06-19,"D22","5","0","0","1"
"357","DE377",2017-06-19,"D22","6","1","0","0"
"358","DE377",2017-06-19,"D22","7","1","0","0"
"359","DE377",2017-06-19,"D22","8","10","0","0"
"360","DE377",2017-06-19,"D22","9","1","0","0"
"361","DE377",2017-06-19,"D22","10","1","0","0"
"362","DE377",2017-06-19,"D22","11","1","0","0"
"363","DE377",2017-06-19,"D22","12","1","0","10"
"364","DE408",2017-05-11,"D08","1","1","0","0"
"365","DE408",2017-05-11,"D08","2","1","0","0"
"366","DE420",2017-06-14,"D29","1","0","1","0"
"367","JE337",2017-06-20,"J03","1","0","1","0"
"368","JE337",2017-06-20,"J03","2","0","0","1"
"369","JE337",2017-06-20,"J03","3","1","0","0"
"370","JE337",2017-06-20,"J03","4","0","0","1"
"371","JE337",2017-06-20,"J03","5","1","0","0"
"372","JE337",2017-06-20,"J03","6","0","1","0"
"373","JE337",2017-06-20,"J03","7","10","0","0"
"374","JE337",2017-06-20,"J03","8","1","0","0"
"375","JE337",2017-06-20,"J03","9","1","0","0"
"376","JE337",2017-06-20,"J03","10","10","0","1"
"377","JE337",2017-06-20,"J03","11","10","0","0"
"378","JE337",2017-06-20,"J03","12","10","0","0"
"379","JE337",2017-06-20,"J03","13","1","0","0"
"380","JE337",2017-06-20,"J03","14","10","0","0"
"381","JE337",2017-06-20,"J03","15","10","0","10"
"382","JE337",2017-06-20,"J03","16","1","0","0"
"383","JE337",2017-06-20,"J03","17","10","0","0"
"384","JE337",2017-06-20,"J03","18","0","1","0"
"385","JE337",2017-06-20,"J03","19","10","0","0"
"386","JE337",2017-06-20,"J03","20","100","10","10"
"387","JE337",2017-06-20,"J03","21","0","0","10"
"388","JE308",2017-06-20,"J02","1","1","0","0"
"389","JE308",2017-06-20,"J02","2","0","0","1"
"390","JE308",2017-06-20,"J02","3","1","0","100"
"391","JE308",2017-06-20,"J02","4","1","0","0"
"392","DE378",2017-06-20,"D09","1","1","0","0"
"393","DE378",2017-06-20,"D09","2","1","0","0"
"394","DE378",2017-06-20,"D09","3","1","1","0"
"395","DE432",2017-06-20,"D30","1","0","1","0"
"396","JE309",2017-06-21,"J09","1","0","0","100"
"397","JE309",2017-06-21,"J09","2","10","0","1000"
"398","JE309",2017-06-21,"J09","3","1","0","100"
"399","JE309",2017-06-21,"J09","4","10","0","1000"
"400","JE309",2017-06-21,"J09","5","1","0","100"
"401","JE309",2017-06-21,"J09","6","0","0","1000"
"402","JE309",2017-06-21,"J09","7","0","0","10"
"403","JE309",2017-06-21,"J09","8","10","0","100"
"404","JE309",2017-06-21,"J09","9","10","1","1000"
"405","JE309",2017-06-21,"J09","10","0","0","100"
"406","JE309",2017-06-21,"J09","11","0","0","1000"
"407","JE309",2017-06-21,"J09","12","10","0","1000"
"408","JE309",2017-06-21,"J09","13","1","0","1000"
"409","JE309",2017-06-21,"J09","14","10","0","1000"
"410","JE309",2017-06-21,"J09","15","1","0","100"
"411","JE309",2017-06-21,"J09","16","0","1","100"
"412","JE309",2017-06-21,"J09","17","10","0","100"
"413","JE309",2017-06-21,"J09","18","10","0","10"
"414","JE309",2017-06-21,"J09","19","0","0","1000"
"415","JE309",2017-06-21,"J09","20","10","0","100"
"416","JE309",2017-06-21,"J09","21","0","0","10"
"417","JE309",2017-06-21,"J09","22","0","1","100"
"418","JE309",2017-06-21,"J09","23","0","0","10"
"419","JE309",2017-06-21,"J09","24","0","0","10"
"420","JE309",2017-06-21,"J09","25","0","0","100"
"421","JE309",2017-06-21,"J09","26","1","1","1000"
"422","JE309",2017-06-21,"J09","27","1","0","10"
"423","JE309",2017-06-21,"J09","28","1","1","1000"
"424","JE309",2017-06-21,"J09","29","10","1","0"
"425","JE309",2017-06-21,"J09","30","0","0","10"
"426","JE309",2017-06-21,"J09","31","0","0","10"
"427","JE309",2017-06-21,"J09","32","1","1","0"
"428","JE309",2017-06-21,"J09","33","0","0","100"
"429","JE309",2017-06-21,"J09","34","1","0","1000"
"430","JE309",2017-06-21,"J09","35","0","0","10"
"431","JE309",2017-06-21,"J09","36","0","1","100"
"432","JE309",2017-06-21,"J09","37","10","0","1000"
"433","JE309",2017-06-21,"J09","38","1","0","100"
"434","JE309",2017-06-21,"J09","39","0","0","100"
"435","JE309",2017-06-21,"J09","40","1","0","0"
"436","JE309",2017-06-21,"J09","41","10","10","1000"
"437","DE398",2017-06-21,"D08","1","1","0","0"
"438","DE398",2017-06-21,"D08","2","1","0","0"
"439","DE398",2017-06-21,"D08","3","1","0","0"
"440","DE398",2017-06-21,"D08","4","0","1","0"
"441","DE398",2017-06-21,"D08","5","0","1","0"
"442","DE373",2017-06-26,"D09","1","1","0","0"
"443","DE373",2017-06-26,"D09","2","1","0","0"
"444","DE373",2017-06-26,"D09","3","1","0","0"
"445","DE373",2017-06-26,"D09","4","1","0","0"
"446","DE373",2017-06-26,"D09","5","1","0","0"
"447","DE373",2017-06-26,"D09","6","1","0","0"
"448","DE373",2017-06-26,"D09","7","1","0","0"
"449","DE373",2017-06-26,"D09","8","1","0","0"
"450","DE373",2017-06-26,"D09","9","0","1","0"
"451","DE373",2017-06-26,"D09","10","0","1","0"
"452","DE373",2017-06-26,"D09","11","1","0","0"
"453","DE373",2017-06-26,"D09","12","1","0","0"
"454","DE394",2017-06-27,"D22","1","1","0","0"
"455","DE394",2017-06-27,"D22","2","1","0","0"
"456","DE394",2017-06-27,"D22","3","1","0","0"
"457","DE394",2017-06-27,"D22","4","1","0","0"
"458","JE310",2017-06-27,"J09","1","1","0","0"
"459","JE310",2017-06-27,"J09","2","1","0","0"
"460","JE310",2017-06-27,"J09","3","0","1","0"
"461","JE310",2017-06-27,"J09","4","0","1","1"
"462","JE310",2017-06-27,"J09","5","1","0","0"
"463","JE310",2017-06-27,"J09","6","1","0","0"
"464","JE310",2017-06-27,"J09","7","1","0","1"
"465","JE310",2017-06-27,"J09","8","0","1","0"
"466","JE310",2017-06-27,"J09","9","0","1","0"
"467","JE310",2017-06-27,"J09","10","1","0","0"
"468","JE310",2017-06-27,"J09","11","1","0","0"
"469","JE310",2017-06-27,"J09","12","1","0","0"
"470","JE310",2017-06-27,"J09","13","1","10","0"
"471","JE310",2017-06-27,"J09","14","0","0","10"
"472","JE310",2017-06-27,"J09","15","1","0","0"
"473","JE310",2017-06-27,"J09","16","10","0","0"
"474","JE310",2017-06-27,"J09","17","1","0","0"
"475","JE310",2017-06-27,"J09","18","1","0","0"
"476","JE310",2017-06-27,"J09","19","1","0","0"
"477","JE310",2017-06-27,"J09","20","0","1","0"
"478","JE310",2017-06-27,"J09","21","1","1","0"
"479","JE310",2017-06-27,"J09","22","10","1","1"
"480","JE310",2017-06-27,"J09","23","1","0","0"
"481","JE310",2017-06-27,"J09","24","0","1","0"
"482","JE310",2017-06-27,"J09","25","10","0","0"
"483","JE311",2017-06-28,"J02","1","1","0","1"
"484","JE311",2017-06-28,"J02","2","1","0","0"
"485","JE311",2017-06-28,"J02","3","1","1","0"
"486","JE311",2017-06-28,"J02","4","1","0","0"
"487","DE374",2017-06-28,"D10","1","1","10","0"
"488","DE374",2017-06-28,"D10","2","1","10","100"
"489","DE374",2017-06-28,"D10","3","0","1","0"
"490","DE374",2017-06-28,"D10","4","1","10","0"
"491","DE374",2017-06-28,"D10","5","1","1","0"
"492","DE374",2017-06-28,"D10","6","0","1","0"
"493","DE374",2017-06-28,"D10","7","1","0","0"
"494","DE374",2017-06-28,"D10","8","1","0","0"
"495","DE374",2017-06-28,"D10","9","1","1","0"
"496","DE374",2017-06-28,"D10","10","0","1","1"
"497","DE374",2017-06-28,"D10","11","1","0","1"
"498","DE374",2017-06-28,"D10","12","0","0","10"
"499","DE374",2017-06-28,"D10","13","1","0","0"
"500","DE374",2017-06-28,"D10","14","0","1","0"
"501","DE374",2017-06-28,"D10","15","1","0","0"
"502","DE379",2017-07-04,"D22","1","1","0","0"
"503","DE379",2017-07-04,"D22","2","0","1","0"
"504","DE375",2017-07-04,"D27","1","0","1","0"
"505","DE375",2017-07-04,"D27","2","0","1","0"
"506","DE375",2017-07-04,"D27","3","1","0","0"
"507","DE375",2017-07-04,"D27","4","0","1","0"
"508","DE375",2017-07-04,"D27","5","0","1","0"
"509","DE375",2017-07-04,"D27","6","0","1","0"
"510","DE380",2017-07-05,"D09","1","10","1","0"
"511","DE380",2017-07-05,"D09","2","0","1","10"
"512","DE380",2017-07-05,"D09","3","10","1","1"
"513","DE380",2017-07-05,"D09","4","0","0","1"
"514","DE380",2017-07-05,"D09","5","1","1","0"
"515","DE380",2017-07-05,"D09","6","0","0","1"
"516","DE380",2017-07-05,"D09","7","0","0","1"
"517","DE380",2017-07-05,"D09","8","0","0","10"
"518","DE380",2017-07-05,"D09","9","0","0","1"
"519","DE380",2017-07-05,"D09","10","0","0","1"
"520","DE380",2017-07-05,"D09","11","1","0","0"
"521","DE380",2017-07-05,"D09","12","1","0","1"
"522","DE380",2017-07-05,"D09","13","1","0","10"
"523","DE380",2017-07-05,"D09","14","1","0","0"
"524","DE380",2017-07-05,"D09","15","1","0","0"
"525","DE380",2017-07-05,"D09","16","0","0","1"
"526","DE380",2017-07-05,"D09","17","0","0","1"
"527","DE380",2017-07-05,"D09","18","1","0","0"
"528","JE314",2017-07-06,"J09","1","0","1","10"
"529","JE314",2017-07-06,"J09","2","0","0","10"
"530","JE314",2017-07-06,"J09","3","1","0","1"
"531","JE314",2017-07-06,"J09","4","0","1","0"
"532","JE314",2017-07-06,"J09","5","1","0","100"
"533","JE314",2017-07-06,"J09","6","1","0","0"
"534","JE314",2017-07-06,"J09","7","10","0","10"
"535","JE314",2017-07-06,"J09","8","10","0","100"
"536","JE314",2017-07-06,"J09","9","1","1","100"
"537","JE314",2017-07-06,"J09","10","1","0","0"
"538","JE314",2017-07-06,"J09","11","1","0","1"
"539","JE314",2017-07-06,"J09","12","10","0","0"
"540","JE314",2017-07-06,"J09","13","10","0","1000"
"541","JE314",2017-07-06,"J09","14","10","0","100"
"542","JE314",2017-07-06,"J09","15","10","0","10"
"543","JE314",2017-07-06,"J09","16","10","0","100"
"544","JE314",2017-07-06,"J09","17","10","0","0"
"545","JE314",2017-07-06,"J09","18","10","0","10"
"546","JE314",2017-07-06,"J09","19","1","0","0"
"547","JE314",2017-07-06,"J09","20","10","0","0"
"548","JE314",2017-07-06,"J09","21","10","0","0"
"549","JE314",2017-07-06,"J09","22","10","0","10"
"550","JE314",2017-07-06,"J09","23","10","0","100"
"551","JE314",2017-07-06,"J09","24","0","0","10"
"552","JE314",2017-07-06,"J09","25","1","0","10"
"553","JE314",2017-07-06,"J09","26","1","0","100"
"554","JE314",2017-07-06,"J09","27","1","0","0"
"555","JE314",2017-07-06,"J09","28","10","0","1000"
"556","JE314",2017-07-06,"J09","29","1","1","10"
"557","JE314",2017-07-06,"J09","30","10","0","0"
"558","DE395",2017-07-06,"D10","1","1","10","0"
"559","DE395",2017-07-06,"D10","2","0","1","0"
"560","DE395",2017-07-06,"D10","3","1","0","0"
"561","DE395",2017-07-06,"D10","4","1","1","1"
"562","DE395",2017-07-06,"D10","5","1","0","0"
"563","DE395",2017-07-06,"D10","6","0","1","0"
"564","DE395",2017-07-06,"D10","7","10","1","0"
"565","DE395",2017-07-06,"D10","8","1","0","0"
"566","DE395",2017-07-06,"D10","9","0","0","1"
"567","DE395",2017-07-06,"D10","10","1","1","0"
"568","DE395",2017-07-06,"D10","11","1","0","0"
"569","DE397",2017-07-06,"D08","1","1","0","1"
"570","DE397",2017-07-06,"D08","2","1","0","0"
"571","DE397",2017-07-06,"D08","3","0","0","1"
"572","DE397",2017-07-06,"D08","4","1","1","0"
"573","DE397",2017-07-06,"D08","5","0","1","0"
"574","DE399",2017-07-06,"D29","1","0","1","0"
"575","JE312",2017-07-07,"J03","1","0","1","0"
"576","JE312",2017-07-07,"J03","2","100","0","0"
"577","JE312",2017-07-07,"J03","3","0","1","0"
"578","JE312",2017-07-07,"J03","4","0","0","10"
"579","JE312",2017-07-07,"J03","5","0","0","100"
"580","JE312",2017-07-07,"J03","6","10","0","100"
"581","JE312",2017-07-07,"J03","7","10","0","100"
"582","JE312",2017-07-07,"J03","8","10","0","0"
"583","JE312",2017-07-07,"J03","9","0","0","10"
"584","JE312",2017-07-07,"J03","10","0","0","10"
"585","JE312",2017-07-07,"J03","11","1","1","100"
"586","JE312",2017-07-07,"J03","12","1","0","100"
"587","JE312",2017-07-07,"J03","13","1","0","1"
"588","JE312",2017-07-07,"J03","14","10","0","100"
"589","JE312",2017-07-07,"J03","15","10","1","0"
"590","JE312",2017-07-07,"J03","16","10","0","100"
"591","JE312",2017-07-07,"J03","17","10","0","0"
"592","JE312",2017-07-07,"J03","18","10","0","10"
"593","JE312",2017-07-07,"J03","19","1","0","10"
"594","JE312",2017-07-07,"J03","20","1","0","0"
"595","JE312",2017-07-07,"J03","21","10","1","10"
"596","JE312",2017-07-07,"J03","22","10","0","100"
"597","JE313",2017-07-07,"J02","1","10","1","100"
"598","JE313",2017-07-07,"J02","2","100","10","1000"
"599","JE313",2017-07-07,"J02","3","1","0","10"
"600","JE313",2017-07-07,"J02","4","10","1","100"
"601","JE313",2017-07-07,"J02","5","10","0","10"
"602","JE313",2017-07-07,"J02","6","1","0","100"
"603","JE313",2017-07-07,"J02","7","1","0","100"
"604","JE313",2017-07-07,"J02","8","10","0","10"
"605","JE313",2017-07-07,"J02","9","1","0","10"
"606","JE313",2017-07-07,"J02","10","1","0","10"
"607","JE313",2017-07-07,"J02","11","10","0","0"
"608","JE313",2017-07-07,"J02","12","1","0","10"
"609","DE381",2017-07-10,"D09","1","1","0","0"
"610","DE381",2017-07-10,"D09","2","0","1","0"
"611","DE381",2017-07-10,"D09","3","0","1","0"
"612","DE381",2017-07-10,"D09","4","0","1","0"
"613","DE381",2017-07-10,"D09","5","1","0","0"
"614","DE381",2017-07-10,"D09","6","1","0","0"
"615","DE381",2017-07-10,"D09","7","1","1","0"
"616","DE381",2017-07-10,"D09","8","1","0","0"
"617","DE381",2017-07-10,"D09","9","1","1","0"
"618","DE381",2017-07-10,"D09","10","10","0","0"
"619","DE381",2017-07-10,"D09","11","1","1000","0"
"620","DE381",2017-07-10,"D09","12","0","1","0"
"621","JE316",2017-07-12,"J09","1","10","0","10"
"622","JE316",2017-07-12,"J09","2","0","1","0"
"623","JE316",2017-07-12,"J09","3","0","1","0"
"624","JE316",2017-07-12,"J09","4","1","1","100"
"625","JE316",2017-07-12,"J09","5","0","0","100"
"626","JE316",2017-07-12,"J09","6","1","0","0"
"627","JE316",2017-07-12,"J09","7","1","0","0"
"628","JE316",2017-07-12,"J09","8","1","0","10"
"629","JE316",2017-07-12,"J09","9","10","0","10"
"630","JE316",2017-07-12,"J09","10","1","0","1"
"631","JE316",2017-07-12,"J09","11","1","0","10"
"632","JE316",2017-07-12,"J09","12","1","0","10"
"633","JE316",2017-07-12,"J09","13","1","0","10"
"634","JE316",2017-07-12,"J09","14","10","1","10"
"635","JE316",2017-07-12,"J09","15","0","0","10"
"636","JE316",2017-07-12,"J09","16","1","0","1"
"637","JE316",2017-07-12,"J09","17","1","0","10"
"638","JE316",2017-07-12,"J09","18","0","0","10"
"639","JE316",2017-07-12,"J09","19","1","0","10"
"640","JE316",2017-07-12,"J09","20","0","1","0"
"641","JE338",2017-07-12,"J11","1","1","10","100"
"642","JE338",2017-07-12,"J11","2","1","10","10"
"643","JE338",2017-07-12,"J11","3","10","0","100"
"644","JE338",2017-07-12,"J11","4","10","1","100"
"645","JE338",2017-07-12,"J11","5","100","10","1000"
"646","JE338",2017-07-12,"J11","6","1","0","10"
"647","JE338",2017-07-12,"J11","7","0","1","100"
"648","JE338",2017-07-12,"J11","8","1","0","10"
"649","JE338",2017-07-12,"J11","9","10","1","10"
"650","JE338",2017-07-12,"J11","10","1","1","10"
"651","JE338",2017-07-12,"J11","11","10","1","100"
"652","JE338",2017-07-12,"J11","12","1","0","0"
"653","JE338",2017-07-12,"J11","13","1","1","10"
"654","JE338",2017-07-12,"J11","14","100","10","1000"
"655","JE338",2017-07-12,"J11","15","10","1","100"
"656","JE338",2017-07-12,"J11","16","1","0","10"
"657","JE338",2017-07-12,"J11","17","10","0","100"
"658","JE338",2017-07-12,"J11","18","10","0","10"
"659","JE363",2017-07-12,"J12","1","0","0","10"
"660","JE363",2017-07-12,"J12","2","10","0","0"
"661","JE363",2017-07-12,"J12","3","1","0","1"
"662","JE363",2017-07-12,"J12","4","1","10","10"
"663","JE363",2017-07-12,"J12","5","10","0","10"
"664","JE363",2017-07-12,"J12","6","1","1","1"
"665","JE363",2017-07-12,"J12","7","10","1","0"
"666","JE363",2017-07-12,"J12","8","1","1","10"
"667","JE363",2017-07-12,"J12","9","10","0","100"
"668","JE363",2017-07-12,"J12","10","10","1","10"
"669","JE363",2017-07-12,"J12","11","10","1","10"
"670","JE363",2017-07-12,"J12","12","10","1","10"
"671","JE363",2017-07-12,"J12","13","10","10","10"
"672","JE315",2017-07-12,"J03","1","0","1","10"
"673","JE315",2017-07-12,"J03","2","0","1","10"
"674","JE315",2017-07-12,"J03","3","10","10","100"
"675","JE315",2017-07-12,"J03","4","1","10","100"
"676","JE315",2017-07-12,"J03","5","0","10","10"
"677","JE315",2017-07-12,"J03","6","1","0","0"
"678","JE315",2017-07-12,"J03","7","10","1","0"
"679","JE315",2017-07-12,"J03","8","10","10","100"
"680","JE315",2017-07-12,"J03","9","10","10","100"
"681","JE340",2017-07-12,"J13","1","1","0","10"
"682","JE340",2017-07-12,"J13","2","1","0","0"
"683","JE340",2017-07-12,"J13","3","10","1","0"
"684","JE340",2017-07-12,"J13","4","1","0","10"
"685","JE340",2017-07-12,"J13","5","10","0","10"
"686","JE340",2017-07-12,"J13","6","10","0","10"
"687","JE341",2017-07-12,"J02","1","10","10","0"
"688","JE341",2017-07-12,"J02","2","10","0","0"
"689","JE341",2017-07-12,"J02","3","1","0","0"
"690","JE341",2017-07-12,"J02","4","0","1","0"
"691","JE341",2017-07-12,"J02","5","10","1","10"
"692","JE341",2017-07-12,"J02","6","1","0","0"
"693","JE341",2017-07-12,"J02","7","1","0","0"
"694","JE341",2017-07-12,"J02","8","10","10","0"
"695","JE341",2017-07-12,"J02","9","1","0","0"
"696","JE341",2017-07-12,"J02","10","10","0","0"
"697","JE341",2017-07-12,"J02","11","10","1","0"
"698","JE341",2017-07-12,"J02","12","10","1","10"
"699","JE341",2017-07-12,"J02","13","1","0","0"
"700","DE501",2018-05-09,"D09","1","0","0","1"
"701","DE501",2018-05-09,"D09","2","0","0","1"
"702","DE505",2018-05-11,"D08","1","0","1","0"
"703","DE506",2018-05-14,"D07","1","0","0","1"
"704","DE506",2018-05-14,"D07","2","0","1","1"
"705","DE506",2018-05-14,"D07","3","0","1","0"
"706","DE506",2018-05-14,"D07","4","0","0","1"
"707","DE506",2018-05-14,"D07","5","0","0","1"
"708","DE506",2018-05-14,"D07","6","0","1","0"
"709","DE506",2018-05-14,"D07","7","0","1","1"
"710","DE506",2018-05-14,"D07","8","0","0","10"
"711","DE506",2018-05-14,"D07","9","0","0","1"
"712","DE506",2018-05-14,"D07","10","0","0","1"
"713","DE506",2018-05-14,"D07","11","0","1","0"
"714","DE510",2018-05-15,"D09","1","0","1","10"
"715","DE510",2018-05-15,"D09","2","0","1","0"
"716","DE510",2018-05-15,"D09","3","0","0","1"
"717","DE510",2018-05-15,"D09","4","0","0","1"
"718","DE510",2018-05-15,"D09","5","0","0","10"
"719","DE510",2018-05-15,"D09","6","0","0","10"
"720","JE412",2018-05-17,"J11","1","1","0","0"
"721","JE412",2018-05-17,"J11","2","0","0","1"
"722","JE412",2018-05-17,"J11","3","0","0","1"
"723","JE412",2018-05-17,"J11","4","0","0","1"
"724","JE412",2018-05-17,"J11","5","1","1","1"
"725","JE412",2018-05-17,"J11","6","0","1","0"
"726","DE516",2018-05-17,"D08","1","0","0","1"
"727","DE516",2018-05-17,"D08","2","0","1","0"
"728","JE401",2018-05-21,"J09","1","0","1","0"
"729","JE401",2018-05-21,"J09","2","0","1","0"
"730","JE401",2018-05-21,"J09","3","0","1","0"
"731","JE401",2018-05-21,"J09","4","0","0","1"
"732","JE401",2018-05-21,"J09","5","0","1","1"
"733","JE401",2018-05-21,"J09","6","0","1","0"
"734","JE401",2018-05-21,"J09","7","0","0","1"
"735","JE401",2018-05-21,"J09","8","0","1","10"
"736","JE401",2018-05-21,"J09","9","0","0","10"
"737","JE401",2018-05-21,"J09","10","0","1","1"
"738","JE401",2018-05-21,"J09","11","0","0","100"
"739","JE401",2018-05-21,"J09","12","0","1","10"
"740","JE402",2018-05-21,"J11","1","0","1","1"
"741","JE402",2018-05-21,"J11","2","0","0","1"
"742","JE402",2018-05-21,"J11","3","0","1","1"
"743","JE402",2018-05-21,"J11","4","0","1","0"
"744","JE402",2018-05-21,"J11","5","0","1","0"
"745","JE402",2018-05-21,"J11","6","0","1","0"
"746","JE402",2018-05-21,"J11","7","0","1","0"
"747","JE402",2018-05-21,"J11","8","0","1","0"
"748","JE402",2018-05-21,"J11","9","0","1","1"
"749","JE402",2018-05-21,"J11","10","0","0","1"
"750","JE403",2018-05-22,"J03","1","0","1","0"
"751","JE404",2018-05-22,"J02","1","0","0","10"
"752","JE404",2018-05-22,"J02","2","0","0","1"
"753","DE517",2018-05-22,"D09","1","0","0","0"
"754","DE517",2018-05-22,"D09","2","0","1","0"
"755","DE517",2018-05-22,"D09","3","0","0","1"
"756","DE517",2018-05-22,"D09","4","0","0","1"
"757","DE517",2018-05-22,"D09","5","0","0","0"
"758","DE517",2018-05-22,"D09","6","0","0","1"
"759","DE517",2018-05-22,"D09","7","0","0","1"
"760","DE517",2018-05-22,"D09","8","0","10","1"
"761","DE517",2018-05-22,"D09","9","0","1","1"
"762","DE517",2018-05-22,"D09","10","0","1","0"
"763","DE517",2018-05-22,"D09","11","0","10","1"
"764","DE517",2018-05-22,"D09","12","0","1","1"
"765","DE517",2018-05-22,"D09","13","1","1","0"
"766","DE517",2018-05-22,"D09","14","0","0","0"
"767","DE517",2018-05-22,"D09","15","0","0","0"
"768","DE517",2018-05-22,"D09","16","0","10","0"
"769","DE517",2018-05-22,"D09","17","0","0","1"
"770","DE517",2018-05-22,"D09","18","0","0","0"
"771","DE517",2018-05-22,"D09","19","0","1","10"
"772","DE517",2018-05-22,"D09","20","0","1","10"
"773","DE517",2018-05-22,"D09","21","0","0","0"
"774","DE517",2018-05-22,"D09","22","0","1","1"
"775","DE517",2018-05-22,"D09","23","1","0","0"
"776","DE517",2018-05-22,"D09","24","1","1","1"
"777","DE517",2018-05-22,"D09","25","1","0","0"
"778","DE517",2018-05-22,"D09","26","1","0","0"
"779","DE517",2018-05-22,"D09","27","0","0","10"
"780","DE515",2018-05-23,"D22","1","0","1","0"
"781","DE515",2018-05-23,"D22","2","1","1","0"
"782","DE515",2018-05-23,"D22","3","1","0","0"
"783","DE515",2018-05-23,"D22","4","1","0","0"
"784","DE531",2018-05-23,"D27","1","10","0","0"
"785","DE531",2018-05-23,"D27","2","0","1","0"
"786","DE531",2018-05-23,"D27","3","1","0","0"
"787","DE531",2018-05-23,"D27","4","0","1","0"
"788","DE531",2018-05-23,"D27","5","1","0","0"
"789","DE531",2018-05-23,"D27","6","10","0","0"
"790","DE531",2018-05-23,"D27","7","1","0","0"
"791","DE531",2018-05-23,"D27","8","0","1","0"
"792","DE531",2018-05-23,"D27","9","1","0","0"
"793","DE531",2018-05-23,"D27","10","0","1","0"
"794","DE531",2018-05-23,"D27","11","0","1","0"
"795","DE513",2018-05-28,"D09","1","0","1","0"
"796","DE513",2018-05-28,"D09","2","0","1","0"
"797","DE513",2018-05-28,"D09","3","0","0","1"
"798","DE513",2018-05-28,"D09","4","0","1","0"
"799","DE513",2018-05-28,"D09","5","0","0","1"
"800","DE513",2018-05-28,"D09","6","1","0","0"
"801","DE513",2018-05-28,"D09","7","0","1","0"
"802","DE513",2018-05-28,"D09","8","0","0","100"
"803","DE513",2018-05-28,"D09","9","0","0","100"
"804","DE513",2018-05-28,"D09","10","1","1","0"
"805","DE513",2018-05-28,"D09","11","0","0","100"
"806","DE513",2018-05-28,"D09","12","0","0","100"
"807","DE513",2018-05-28,"D09","13","0","0","100"
"808","DE513",2018-05-28,"D09","14","0","0","10"
"809","DE513",2018-05-28,"D09","15","0","0","100"
"810","DE513",2018-05-28,"D09","16","0","1","10"
"811","DE513",2018-05-28,"D09","17","0","0","100"
"812","DE513",2018-05-28,"D09","18","0","0","10"
"813","DE513",2018-05-28,"D09","19","0","0","10"
"814","DE513",2018-05-28,"D09","20","0","0","10"
"815","DE513",2018-05-28,"D09","21","1","0","10"
"816","DE513",2018-05-28,"D09","22","0","0","10"
"817","DE513",2018-05-28,"D09","23","1","0","100"
"818","DE513",2018-05-28,"D09","24","0","0","10"
"819","DE513",2018-05-28,"D09","25","0","0","10"
"820","DE513",2018-05-28,"D09","26","0","0","10"
"821","DE513",2018-05-28,"D09","27","0","0","10"
"822","DE513",2018-05-28,"D09","28","0","1","10"
"823","DE513",2018-05-28,"D09","29","10","0","10"
"824","DE513",2018-05-28,"D09","30","1","0","0"
"825","DE513",2018-05-28,"D09","31","0","0","10"
"826","DE513",2018-05-28,"D09","32","1","0","0"
"827","DE513",2018-05-28,"D09","33","1","0","0"
"828","DE513",2018-05-28,"D09","34","1","0","0"
"829","DE513",2018-05-28,"D09","35","10","0","0"
"830","DE513",2018-05-28,"D09","36","1","0","100"
"831","DE513",2018-05-28,"D09","37","0","1","10"
"832","DE513",2018-05-28,"D09","38","0","0","10"
"833","DE513",2018-05-28,"D09","39","1","0","0"
"834","DE513",2018-05-28,"D09","40","1","0","0"
"835","DE513",2018-05-28,"D09","41","1","0","0"
"836","DE513",2018-05-28,"D09","42","0","0","10"
"837","DE513",2018-05-28,"D09","43","0","0","10"
"838","DE513",2018-05-28,"D09","44","1","0","10"
"839","DE513",2018-05-28,"D09","45","1","0","0"
"840","DE513",2018-05-28,"D09","46","1","0","1"
"841","DE513",2018-05-28,"D09","47","1","0","1"
"842","DE513",2018-05-28,"D09","48","1","1","1"
"843","DE513",2018-05-28,"D09","49","0","1","0"
"844","DE519",2018-05-29,"D27","1","1","0","0"
"845","DE513",2018-05-28,"D09","50","0","1","0"
"846","JE407",2018-05-30,"J11","1","0","1","0"
"847","DE514",2018-05-30,"D10","1","0","0","1"
"848","DE514",2018-05-30,"D10","2","0","0","10"
"849","JE417",2018-05-31,"J09","1","0","1","0"
"850","JE417",2018-05-31,"J09","2","0","0","1"
"851","JE418",2018-06-03,"J03","1","1","0","10"
"852","JE418",2018-06-03,"J03","2","0","1","0"
"853","JE418",2018-06-03,"J03","3","0","1","0"
"854","JE418",2018-06-03,"J03","4","0","0","1"
"855","JE418",2018-06-03,"J03","5","0","1","10"
"856","JE418",2018-06-03,"J03","6","1","0","10"
"857","JE418",2018-06-03,"J03","7","1","0","1"
"858","JE418",2018-06-03,"J03","8","10","1","1"
"859","JE418",2018-06-03,"J03","9","0","0","10"
"860","DE520",2018-06-04,"D09","1","0","0","10"
"861","DE520",2018-06-04,"D09","2","0","1","0"
"862","DE520",2018-06-04,"D09","3","0","0","10"
"863","DE520",2018-06-04,"D09","4","0","0","1"
"864","DE520",2018-06-04,"D09","5","0","0","1"
"865","DE520",2018-06-04,"D09","6","1","1","0"
"866","DE520",2018-06-04,"D09","7","0","0","1"
"867","DE520",2018-06-04,"D09","8","0","0","10"
"868","DE520",2018-06-04,"D09","9","0","0","1"
"869","DE520",2018-06-04,"D09","10","0","0","10"
"870","DE520",2018-06-04,"D09","11","0","1","1"
"871","DE520",2018-06-04,"D09","12","1","10","0"
"872","DE520",2018-06-04,"D09","13","1","0","0"
"873","DE520",2018-06-04,"D09","14","1","0","0"
"874","DE520",2018-06-04,"D09","15","1","0","0"
"875","DE520",2018-06-04,"D09","16","0","1","0"
"876","DE520",2018-06-04,"D09","17","0","1","0"
"877","DE520",2018-06-04,"D09","18","0","0","1"
"878","DE520",2018-06-04,"D09","19","0","0","10"
"879","DE520",2018-06-04,"D09","20","1","1","0"
"880","DE520",2018-06-04,"D09","21","0","0","1"
"881","DE520",2018-06-04,"D09","22","1","0","1"
"882","DE520",2018-06-04,"D09","23","0","0","1"
"883","DE520",2018-06-04,"D09","24","0","0","1"
"884","DE520",2018-06-04,"D09","25","0","0","1"
"885","DE520",2018-06-04,"D09","26","0","0","10"
"886","DE520",2018-06-04,"D09","27","0","0","1"
"887","DE520",2018-06-04,"D09","28","0","0","10"
"888","DE520",2018-06-04,"D09","29","0","1","0"
"889","DE520",2018-06-04,"D09","30","0","1","0"
"890","DE520",2018-06-04,"D09","31","0","1","0"
"891","DE520",2018-06-04,"D09","32","1","0","0"
"892","DE520",2018-06-04,"D09","33","1","0","0"
"893","DE520",2018-06-04,"D09","34","1","0","0"
"894","DE520",2018-06-04,"D09","35","0","0","1"
"895","DE520",2018-06-04,"D09","36","1","0","0"
"896","DE520",2018-06-04,"D09","37","1","0","0"
"897","DE520",2018-06-04,"D09","38","0","0","10"
"898","DE520",2018-06-04,"D09","39","0","0","1"
"899","DE520",2018-06-04,"D09","40","0","0","1"
"900","DE520",2018-06-04,"D09","41","1","0","0"
"901","DE520",2018-06-04,"D09","42","1","0","0"
"902","DE520",2018-06-04,"D09","43","1","0","0"
"903","DE520",2018-06-04,"D09","44","1","0","0"
"904","DE520",2018-06-04,"D09","45","1","0","0"
"905","DE520",2018-06-04,"D09","46","1","0","0"
"906","DE520",2018-06-04,"D09","47","0","1","0"
"907","DE521",2018-06-05,"D27","1","0","0","10"
"908","DE521",2018-06-05,"D27","2","10","0","100"
"909","DE521",2018-06-05,"D27","3","0","0","10"
"910","DE521",2018-06-05,"D27","4","1","1","100"
"911","DE521",2018-06-05,"D27","5","1","1","10"
"912","DE521",2018-06-05,"D27","6","1","0","100"
"913","DE521",2018-06-05,"D27","7","1","10","1000"
"914","DE521",2018-06-05,"D27","8","0","1","100"
"915","DE521",2018-06-05,"D27","9","0","0","10"
"916","DE521",2018-06-05,"D27","10","1","0","0"
"917","DE521",2018-06-05,"D27","11","1","10","100"
"918","DE521",2018-06-05,"D27","12","0","1","10"
"919","DE521",2018-06-05,"D27","13","0","0","10"
"920","DE521",2018-06-05,"D27","14","0","0","10"
"921","DE521",2018-06-05,"D27","15","0","0","10"
"922","DE521",2018-06-05,"D27","16","0","0","10"
"923","DE521",2018-06-05,"D27","17","0","0","10"
"924","DE521",2018-06-05,"D27","18","0","0","100"
"925","DE521",2018-06-05,"D27","19","0","0","1"
"926","DE521",2018-06-05,"D27","20","0","0","100"
"927","DE521",2018-06-05,"D27","21","1","0","10"
"928","DE521",2018-06-05,"D27","22","1","0","0"
"929","DE521",2018-06-05,"D27","23","0","0","10"
"930","DE521",2018-06-05,"D27","24","0","10","0"
"931","DE521",2018-06-05,"D27","25","1","0","0"
"932","DE521",2018-06-05,"D27","26","0","1","0"
"933","DE521",2018-06-05,"D27","27","0","0","1"
"934","JE414",2018-06-07,"J09","1","0","1","0"
"935","JE414",2018-06-07,"J09","2","0","1","100"
"936","JE414",2018-06-07,"J09","3","0","0","100"
"937","JE414",2018-06-07,"J09","4","0","1","100"
"938","JE414",2018-06-07,"J09","5","0","1","0"
"939","JE414",2018-06-07,"J09","6","0","0","10"
"940","JE414",2018-06-07,"J09","7","0","0","10"
"941","JE414",2018-06-07,"J09","8","0","0","10"
"942","JE414",2018-06-07,"J09","9","10","0","10"
"943","JE414",2018-06-07,"J09","10","0","1","10"
"944","JE414",2018-06-07,"J09","11","0","1","0"
"945","JE414",2018-06-07,"J09","12","0","1","0"
"946","JE414",2018-06-07,"J09","13","1","0","100"
"947","JE414",2018-06-07,"J09","14","0","1","0"
"948","DE523",2018-06-11,"D09","1","0","0","1"
"949","DE523",2018-06-11,"D09","2","0","0","1"
"950","DE523",2018-06-11,"D09","3","1","0","0"
"951","DE523",2018-06-11,"D09","4","0","0","1"
"952","DE523",2018-06-11,"D09","5","0","0","10"
"953","DE523",2018-06-11,"D09","6","0","0","10"
"954","DE523",2018-06-11,"D09","7","0","0","1"
"955","DE523",2018-06-11,"D09","8","0","0","10"
"956","DE523",2018-06-11,"D09","9","0","0","1"
"957","DE523",2018-06-11,"D09","10","0","0","1"
"958","DE523",2018-06-11,"D09","11","0","0","1"
"959","DE523",2018-06-11,"D09","12","0","0","1"
"960","DE523",2018-06-11,"D09","13","1","0","0"
"961","DE523",2018-06-11,"D09","14","0","0","1"
"962","DE523",2018-06-11,"D09","15","0","0","1"
"963","DE523",2018-06-11,"D09","16","0","0","1"
"964","DE523",2018-06-11,"D09","17","0","0","10"
"965","DE523",2018-06-11,"D09","18","0","0","10"
"966","DE523",2018-06-11,"D09","19","0","1","0"
"967","DE523",2018-06-11,"D09","20","0","0","100"
"968","DE523",2018-06-11,"D09","21","0","0","100"
"969","DE523",2018-06-11,"D09","22","1","0","100"
"970","DE523",2018-06-11,"D09","23","1","0","0"
"971","DE523",2018-06-11,"D09","24","0","0","10"
"972","DE523",2018-06-11,"D09","25","0","0","1"
"973","DE523",2018-06-11,"D09","26","0","0","100"
"974","DE523",2018-06-11,"D09","27","0","0","1"
"975","DE523",2018-06-11,"D09","28","0","0","1"
"976","DE523",2018-06-11,"D09","29","0","0","1"
"977","DE523",2018-06-11,"D09","30","0","1","0"
"978","DE523",2018-06-11,"D09","31","0","1","0"
"979","DE523",2018-06-11,"D09","32","0","0","1"
"980","DE523",2018-06-11,"D09","33","1","0","0"
"981","DE523",2018-06-11,"D09","34","1","0","0"
"982","DE523",2018-06-11,"D09","35","0","1","0"
"983","DE523",2018-06-11,"D09","36","0","1","0"
"984","DE523",2018-06-11,"D09","37","0","1","0"
"985","DE523",2018-06-11,"D09","38","0","1","0"
"986","DE523",2018-06-11,"D09","39","0","1","0"
"987","DE523",2018-06-11,"D09","40","1","0","0"
"988","JE415",2018-06-12,"J02","1","1","1","100"
"989","JE415",2018-06-12,"J02","2","0","0","100"
"990","JE415",2018-06-12,"J02","3","0","1","0"
"991","JE415",2018-06-12,"J02","4","0","1","0"
"992","JE415",2018-06-12,"J02","5","0","1","0"
"993","JE415",2018-06-12,"J02","6","0","0","10"
"994","JE415",2018-06-12,"J02","7","1","10","0"
"995","JE415",2018-06-12,"J02","8","0","10","10"
"996","JE415",2018-06-12,"J02","9","0","0","10"
"997","JE415",2018-06-12,"J02","10","0","0","10"
"998","JE415",2018-06-12,"J02","11","0","0","1"
"999","JE415",2018-06-12,"J02","12","0","0","10"
"1000","JE415",2018-06-12,"J02","13","0","0","10"
"1001","JE415",2018-06-12,"J02","14","0","0","10"
"1002","JE415",2018-06-12,"J02","15","1","10","100"
"1003","DE524",2018-06-12,"D27","1","1","0","0"
"1004","DE524",2018-06-12,"D27","2","0","0","1"
"1005","DE524",2018-06-12,"D27","3","0","0","1"
"1006","DE524",2018-06-12,"D27","4","0","0","1"
"1007","DE524",2018-06-12,"D27","5","0","0","1"
"1008","DE524",2018-06-12,"D27","6","0","0","10"
"1009","DE524",2018-06-12,"D27","7","0","0","10"
"1010","DE524",2018-06-12,"D27","8","0","0","10"
"1011","DE524",2018-06-12,"D27","9","0","0","1"
"1012","DE524",2018-06-12,"D27","10","1","0","100"
"1013","DE524",2018-06-12,"D27","11","0","0","10"
"1014","DE524",2018-06-12,"D27","12","0","0","1"
"1015","DE524",2018-06-12,"D27","13","0","1","1"
"1016","DE524",2018-06-12,"D27","14","0","0","10"
"1017","DE524",2018-06-12,"D27","15","0","0","1"
"1018","DE524",2018-06-12,"D27","16","0","0","1"
"1019","DE524",2018-06-12,"D27","17","0","0","1"
"1020","DE524",2018-06-12,"D27","18","0","0","10"
"1021","DE524",2018-06-12,"D27","19","0","0","1"
"1022","DE524",2018-06-12,"D27","20","0","1","1"
"1023","DE524",2018-06-12,"D27","21","0","0","10"
"1024","DE524",2018-06-12,"D27","22","0","0","100"
"1025","DE524",2018-06-12,"D27","23","0","0","10"
"1026","DE524",2018-06-12,"D27","24","0","1","0"
"1027","DE524",2018-06-12,"D27","25","0","0","1"
"1028","DE524",2018-06-12,"D27","26","0","0","10"
"1029","DE524",2018-06-12,"D27","27","0","0","10"
"1030","DE524",2018-06-12,"D27","28","0","0","100"
"1031","DE524",2018-06-12,"D27","29","0","0","10"
"1032","DE524",2018-06-12,"D27","30","0","0","10"
"1033","DE524",2018-06-12,"D27","31","0","0","1"
"1034","DE524",2018-06-12,"D27","32","0","0","1"
"1035","DE524",2018-06-12,"D27","33","0","0","10"
"1036","DE524",2018-06-12,"D27","34","0","0","1"
"1037","DE524",2018-06-12,"D27","35","0","0","10"
"1038","DE524",2018-06-12,"D27","36","0","0","10"
"1039","DE524",2018-06-12,"D27","37","1","0","10"
"1040","DE524",2018-06-12,"D27","38","0","0","1"
"1041","DE524",2018-06-12,"D27","39","0","0","1"
"1042","DE524",2018-06-12,"D27","40","0","0","10"
"1043","DE524",2018-06-12,"D27","41","1","0","0"
"1044","DE524",2018-06-12,"D27","42","0","1","0"
"1045","DE524",2018-06-12,"D27","43","0","0","1"
"1046","DE525",2018-06-12,"D22","1","0","1","0"
"1047","DE525",2018-06-12,"D22","2","0","0","1"
"1048","DE525",2018-06-12,"D22","3","0","1","0"
"1049","DE525",2018-06-12,"D22","4","1","0","0"
"1050","DE525",2018-06-12,"D22","5","1","0","0"
"1051","DE525",2018-06-12,"D22","6","0","0","1"
"1052","DE525",2018-06-12,"D22","7","0","1","0"
"1053","DE525",2018-06-12,"D22","8","0","0","10"
"1054","DE525",2018-06-12,"D22","9","0","1","0"
"1055","DE525",2018-06-12,"D22","10","1","0","0"
"1056","DE525",2018-06-12,"D22","11","1","0","0"
"1057","DE525",2018-06-12,"D22","12","0","0","10"
"1058","DE525",2018-06-12,"D22","13","0","1","1"
"1059","DE525",2018-06-12,"D22","14","0","0","1"
"1060","DE525",2018-06-12,"D22","15","0","1","1"
"1061","DE525",2018-06-12,"D22","16","0","0","10"
"1062","DE525",2018-06-12,"D22","17","0","0","1"
"1063","DE525",2018-06-12,"D22","18","0","0","10"
"1064","DE525",2018-06-12,"D22","19","1","1","100"
"1065","DE525",2018-06-12,"D22","20","0","0","10"
"1066","DE525",2018-06-12,"D22","21","1","0","0"
"1067","DE525",2018-06-12,"D22","22","0","0","1"
"1068","DE525",2018-06-12,"D22","23","0","0","10"
"1069","DE525",2018-06-12,"D22","24","0","0","10"
"1070","DE525",2018-06-12,"D22","25","1","0","0"
"1071","DE525",2018-06-12,"D22","26","0","1","0"
"1072","DE525",2018-06-12,"D22","27","0","0","1"
"1073","DE525",2018-06-12,"D22","28","0","0","10"
"1074","DE525",2018-06-12,"D22","29","1","1","10"
"1075","DE525",2018-06-12,"D22","30","0","0","10"
"1076","DE525",2018-06-12,"D22","31","0","0","10"
"1077","DE525",2018-06-12,"D22","32","0","0","100"
"1078","DE525",2018-06-12,"D22","33","0","0","1"
"1079","DE525",2018-06-12,"D22","34","0","0","1"
"1080","DE525",2018-06-12,"D22","35","0","1","0"
"1081","DE525",2018-06-12,"D22","36","0","0","1"
"1082","DE525",2018-06-12,"D22","37","0","0","10"
"1083","DE525",2018-06-12,"D22","38","0","0","10"
"1084","DE525",2018-06-12,"D22","39","0","0","100"
"1085","DE525",2018-06-12,"D22","40","0","0","1"
"1086","DE525",2018-06-12,"D22","41","0","0","1"
"1087","DE525",2018-06-12,"D22","42","0","1","1"
"1088","DE525",2018-06-12,"D22","43","0","1","0"
"1089","DE525",2018-06-12,"D22","44","0","1","0"
"1090","DE525",2018-06-12,"D22","45","0","1","0"
"1091","DE525",2018-06-12,"D22","46","1","0","0"
"1092","DE525",2018-06-12,"D22","47","1","0","0"
"1093","DE525",2018-06-12,"D22","48","0","1","0"
"1094","DE525",2018-06-12,"D22","49","0","1","0"
"1095","DE525",2018-06-12,"D22","50","0","0","1"
"1096","DE525",2018-06-12,"D22","51","0","0","1"
"1097","DE525",2018-06-12,"D22","52","1","0","1"
"1098","DE525",2018-06-12,"D22","53","10","10","10000"
"1099","DE526",2018-06-13,"D10","1","0","1","0"
"1100","DE526",2018-06-13,"D10","2","1","0","1"
"1101","DE526",2018-06-13,"D10","3","0","1","0"
"1102","DE526",2018-06-13,"D10","4","0","1","0"
"1103","DE526",2018-06-13,"D10","5","1","1","0"
"1104","DE526",2018-06-13,"D10","6","1","0","0"
"1105","DE526",2018-06-13,"D10","7","1","0","1"
"1106","JE419",2018-06-14,"J09","1","0","0","100"
"1107","JE419",2018-06-14,"J09","2","10","10","100"
"1108","JE419",2018-06-14,"J09","3","0","1","100"
"1109","JE419",2018-06-14,"J09","4","0","1","10"
"1110","JE419",2018-06-14,"J09","5","1","0","10"
"1111","JE419",2018-06-14,"J09","6","0","1","10"
"1112","JE419",2018-06-14,"J09","7","0","1","0"
"1113","JE419",2018-06-14,"J09","8","1","0","0"
"1114","JE419",2018-06-14,"J09","9","1","1","100"
"1115","JE419",2018-06-14,"J09","10","0","0","100"
"1116","JE419",2018-06-14,"J09","11","0","1","100"
"1117","JE419",2018-06-14,"J09","12","0","0","100"
"1118","JE419",2018-06-14,"J09","13","0","0","100"
"1119","JE419",2018-06-14,"J09","14","1","0","100"
"1120","JE419",2018-06-14,"J09","15","1","0","10"
"1121","JE419",2018-06-14,"J09","16","0","0","10"
"1122","DE527",2018-06-18,"D09","1","1","0","0"
"1123","DE527",2018-06-18,"D09","2","0","1","0"
"1124","DE527",2018-06-18,"D09","3","0","1","1"
"1125","DE527",2018-06-18,"D09","4","1","0","0"
"1126","DE527",2018-06-18,"D09","5","0","1","0"
"1127","DE527",2018-06-18,"D09","6","0","0","1"
"1128","DE527",2018-06-18,"D09","7","1","0","0"
"1129","DE527",2018-06-18,"D09","8","1","0","0"
"1130","DE527",2018-06-18,"D09","9","0","0","1"
"1131","DE527",2018-06-18,"D09","10","0","0","1"
"1132","DE527",2018-06-18,"D09","11","0","1","0"
"1133","DE527",2018-06-18,"D09","12","1","0","1"
"1134","DE527",2018-06-18,"D09","13","0","0","10"
"1135","DE527",2018-06-18,"D09","14","0","0","1"
"1136","DE527",2018-06-18,"D09","15","0","0","1"
"1137","DE527",2018-06-18,"D09","16","0","0","1"
"1138","DE527",2018-06-18,"D09","17","1","0","0"
"1139","DE527",2018-06-18,"D09","18","0","0","1"
"1140","DE527",2018-06-18,"D09","19","1","0","0"
"1141","DE527",2018-06-18,"D09","20","0","0","1"
"1142","DE527",2018-06-18,"D09","21","0","0","1"
"1143","DE527",2018-06-18,"D09","22","0","1","0"
"1144","DE527",2018-06-18,"D09","23","1","0","0"
"1145","DE527",2018-06-18,"D09","24","0","0","1"
"1146","DE527",2018-06-18,"D09","25","0","0","1"
"1147","DE527",2018-06-18,"D09","26","0","1","0"
"1148","DE527",2018-06-18,"D09","27","0","0","1"
"1149","DE527",2018-06-18,"D09","28","1","0","0"
"1150","DE527",2018-06-18,"D09","29","0","1","0"
"1151","DE527",2018-06-18,"D09","30","1","0","0"
"1152","DE527",2018-06-18,"D09","31","0","1","0"
"1153","DE527",2018-06-18,"D09","32","1","0","0"
"1154","DE527",2018-06-18,"D09","33","0","0","1"
"1155","DE527",2018-06-18,"D09","34","1","0","0"
"1156","DE528",2018-06-18,"D30","1","0","1","1"
"1157","DE528",2018-06-18,"D30","2","0","1","0"
"1158","DE528",2018-06-18,"D30","3","0","1","0"
"1159","DE528",2018-06-18,"D30","4","0","0","1"
"1160","DE528",2018-06-18,"D30","5","0","0","10"
"1161","DE528",2018-06-18,"D30","6","0","0","10"
"1162","DE528",2018-06-18,"D30","7","0","0","1"
"1163","DE528",2018-06-18,"D30","8","0","0","1"
"1164","DE528",2018-06-18,"D30","9","0","0","1"
"1165","DE528",2018-06-18,"D30","10","0","0","10"
"1166","DE528",2018-06-18,"D30","11","0","0","1"
"1167","DE528",2018-06-18,"D30","12","0","0","10"
"1168","DE528",2018-06-18,"D30","13","0","1","0"
"1169","DE528",2018-06-18,"D30","14","0","1","0"
"1170","DE528",2018-06-18,"D30","15","0","0","1"
"1171","DE528",2018-06-18,"D30","16","0","0","1"
"1172","DE528",2018-06-18,"D30","17","0","0","1"
"1173","DE528",2018-06-18,"D30","18","0","0","1"
"1174","DE528",2018-06-18,"D30","19","0","0","10"
"1175","DE528",2018-06-18,"D30","20","0","0","10"
"1176","DE528",2018-06-18,"D30","21","0","0","10"
"1177","DE528",2018-06-18,"D30","22","0","1","100"
"1178","DE528",2018-06-18,"D30","23","0","1","0"
"1179","DE528",2018-06-18,"D30","24","0","0","1"
"1180","DE528",2018-06-18,"D30","25","0","1","0"
"1181","DE528",2018-06-18,"D30","26","0","10","1"
"1182","DE528",2018-06-18,"D30","27","1","0","0"
"1183","DE528",2018-06-18,"D30","28","0","1","0"
"1184","DE528",2018-06-18,"D30","29","1","1","0"
"1185","DE528",2018-06-18,"D30","30","0","0","1"
"1186","DE528",2018-06-18,"D30","31","0","0","1"
"1187","DE528",2018-06-18,"D30","32","0","1","0"
"1188","DE528",2018-06-18,"D30","33","0","0","1"
"1189","DE528",2018-06-18,"D30","34","0","1","0"
"1190","DE528",2018-06-18,"D30","35","0","0","1"
"1191","DE528",2018-06-18,"D30","36","0","1","1"
"1192","DE528",2018-06-18,"D30","37","0","1","0"
"1193","DE528",2018-06-18,"D30","38","0","1","0"
"1194","DE528",2018-06-18,"D30","39","0","10","0"
"1195","DE528",2018-06-18,"D30","40","0","0","1"
"1196","DE528",2018-06-18,"D30","41","0","10","0"
"1197","DE528",2018-06-18,"D30","42","0","0","1"
"1198","DE528",2018-06-18,"D30","43","0","1","0"
"1199","DE528",2018-06-18,"D30","44","0","10","0"
"1200","DE529",2018-06-19,"D27","1","0","0","1"
"1201","DE529",2018-06-19,"D27","2","0","0","10"
"1202","DE529",2018-06-19,"D27","3","0","0","10"
"1203","DE529",2018-06-19,"D27","4","0","0","10"
"1204","DE529",2018-06-19,"D27","5","0","0","10"
"1205","DE529",2018-06-19,"D27","6","0","0","1"
"1206","DE529",2018-06-19,"D27","7","0","0","10"
"1207","DE529",2018-06-19,"D27","8","0","0","1"
"1208","DE529",2018-06-19,"D27","9","0","0","10"
"1209","DE529",2018-06-19,"D27","10","0","0","1"
"1210","DE529",2018-06-19,"D27","11","0","0","10"
"1211","DE529",2018-06-19,"D27","12","0","0","100"
"1212","DE529",2018-06-19,"D27","13","0","0","100"
"1213","DE529",2018-06-19,"D27","14","0","0","10"
"1214","DE529",2018-06-19,"D27","15","0","0","10"
"1215","DE529",2018-06-19,"D27","16","0","0","100"
"1216","DE529",2018-06-19,"D27","17","0","0","10"
"1217","DE529",2018-06-19,"D27","18","0","0","10"
"1218","DE529",2018-06-19,"D27","19","0","0","1"
"1219","DE529",2018-06-19,"D27","20","0","0","100"
"1220","DE529",2018-06-19,"D27","21","0","0","100"
"1221","DE529",2018-06-19,"D27","22","0","0","10"
"1222","DE529",2018-06-19,"D27","23","0","0","1"
"1223","DE529",2018-06-19,"D27","24","0","0","10"
"1224","DE529",2018-06-19,"D27","25","0","0","1"
"1225","DE529",2018-06-19,"D27","26","0","0","1"
"1226","DE529",2018-06-19,"D27","27","0","1","0"
"1227","DE529",2018-06-19,"D27","28","0","0","1"
"1228","DE529",2018-06-19,"D27","29","0","0","1"
"1229","DE529",2018-06-19,"D27","30","0","0","1"
"1230","DE529",2018-06-19,"D27","31","0","0","10"
"1231","DE529",2018-06-19,"D27","32","0","0","1"
"1232","DE529",2018-06-19,"D27","33","0","1","1"
"1233","DE529",2018-06-19,"D27","34","0","0","10"
"1234","DE529",2018-06-19,"D27","35","0","0","1"
"1235","DE529",2018-06-19,"D27","36","0","0","10"
"1236","DE529",2018-06-19,"D27","37","0","1","0"
"1237","DE529",2018-06-19,"D27","38","1","1","1"
"1238","DE529",2018-06-19,"D27","39","0","0","1"
"1239","DE529",2018-06-19,"D27","40","0","0","1"
"1240","DE529",2018-06-19,"D27","41","0","0","1"
"1241","DE529",2018-06-19,"D27","42","0","0","1"
"1242","DE529",2018-06-19,"D27","43","0","1","0"
"1243","DE529",2018-06-19,"D27","44","0","1","0"
"1244","DE529",2018-06-19,"D27","45","0","1","0"
"1245","DE529",2018-06-19,"D27","46","0","0","1"
"1246","DE529",2018-06-19,"D27","47","0","0","1"
"1247","DE529",2018-06-19,"D27","48","0","1","10"
"1248","DE529",2018-06-19,"D27","49","0","1","1"
"1249","DE530",2018-06-19,"D22","1","0","0","10"
"1250","DE530",2018-06-19,"D22","2","0","0","1"
"1251","DE530",2018-06-19,"D22","3","0","0","100"
"1252","DE530",2018-06-19,"D22","4","0","0","1"
"1253","DE530",2018-06-19,"D22","5","0","0","1"
"1254","DE530",2018-06-19,"D22","6","0","1","0"
"1255","DE530",2018-06-19,"D22","7","1","10","1"
"1256","DE530",2018-06-19,"D22","8","0","0","1"
"1257","DE530",2018-06-19,"D22","9","0","0","1"
"1258","DE530",2018-06-19,"D22","10","0","1","1"
"1259","DE530",2018-06-19,"D22","11","0","0","1"
"1260","DE530",2018-06-19,"D22","12","0","1","0"
"1261","DE530",2018-06-19,"D22","13","0","0","1"
"1262","DE530",2018-06-19,"D22","14","0","0","1"
"1263","DE530",2018-06-19,"D22","15","0","1","0"
"1264","DE530",2018-06-19,"D22","16","0","0","10"
"1265","DE530",2018-06-19,"D22","17","1","1","0"
"1266","DE530",2018-06-19,"D22","18","0","10","0"
"1267","DE530",2018-06-19,"D22","19","0","1","10"
"1268","DE530",2018-06-19,"D22","20","0","10","0"
"1269","DE530",2018-06-19,"D22","21","0","1","10"
"1270","DE530",2018-06-19,"D22","22","0","1","10"
"1271","DE530",2018-06-19,"D22","23","0","1","0"
"1272","DE530",2018-06-19,"D22","24","0","1","0"
"1273","DE530",2018-06-19,"D22","25","1","0","0"
"1274","DE530",2018-06-19,"D22","26","0","0","10"
"1275","DE530",2018-06-19,"D22","27","0","1","0"
"1276","DE530",2018-06-19,"D22","28","0","1","0"
"1277","DE530",2018-06-19,"D22","29","0","10","0"
"1278","DE530",2018-06-19,"D22","30","0","0","100"
"1279","DE530",2018-06-19,"D22","31","0","1","0"
"1280","DE530",2018-06-19,"D22","32","10","0","0"
"1281","DE530",2018-06-19,"D22","33","0","1","0"
"1282","DE530",2018-06-19,"D22","34","0","0","1"
"1283","DE530",2018-06-19,"D22","35","0","0","1"
"1284","DE530",2018-06-19,"D22","36","0","1","10"
"1285","DE530",2018-06-19,"D22","37","0","0","1"
"1286","DE530",2018-06-19,"D22","38","0","1","0"
"1287","DE530",2018-06-19,"D22","39","0","1","0"
"1288","DE530",2018-06-19,"D22","40","0","1","0"
"1289","DE530",2018-06-19,"D22","41","0","1","0"
"1290","DE530",2018-06-19,"D22","42","0","0","10"
"1291","JE420",2018-06-20,"J02","1","0","1","0"
"1292","JE420",2018-06-20,"J02","2","0","1","10"
"1293","JE420",2018-06-20,"J02","3","0","1","10"
"1294","DE532",2018-06-20,"D10","1","0","1","0"
"1295","DE532",2018-06-20,"D10","2","0","1","0"
"1296","JE421",2018-06-21,"J09","1","0","0","10"
"1297","JE421",2018-06-21,"J09","2","0","0","10"
"1298","JE421",2018-06-21,"J09","3","0","0","10"
"1299","JE421",2018-06-21,"J09","4","10","10","100"
"1300","JE421",2018-06-21,"J09","5","1","0","0"
"1301","JE421",2018-06-21,"J09","6","0","1","0"
"1302","JE421",2018-06-21,"J09","7","10","1","10"
"1303","JE421",2018-06-21,"J09","8","1","0","0"
"1304","JE421",2018-06-21,"J09","9","0","1","1"
"1305","JE421",2018-06-21,"J09","10","10","10","100"
"1306","JE421",2018-06-21,"J09","11","10","0","10"
"1307","JE421",2018-06-21,"J09","12","1","0","0"
"1308","JE421",2018-06-21,"J09","13","0","10","0"
"1309","JE421",2018-06-21,"J09","14","10","1","10"
"1310","JE421",2018-06-21,"J09","15","10","1","10"
"1311","JE421",2018-06-21,"J09","16","10","0","10"
"1312","JE421",2018-06-21,"J09","17","10","10","10"
"1313","JE421",2018-06-21,"J09","18","0","1","0"
"1314","JE422",2018-06-23,"J03","1","0","0","10"
"1315","JE422",2018-06-23,"J03","2","1","0","0"
"1316","JE422",2018-06-23,"J03","3","0","1","1"
"1317","JE422",2018-06-23,"J03","4","10","1","0"
"1318","JE422",2018-06-23,"J03","5","1","0","0"
"1319","JE422",2018-06-23,"J03","6","1","1","10"
"1320","JE422",2018-06-23,"J03","7","1","10","0"
"1321","JE422",2018-06-23,"J03","8","1","0","0"
"1322","JE422",2018-06-23,"J03","9","1","1","0"
"1323","JE422",2018-06-23,"J03","10","10","0","0"
"1324","JE422",2018-06-23,"J03","11","1","0","0"
"1325","JE422",2018-06-23,"J03","12","10","10","100"
"1326","JE422",2018-06-23,"J03","13","1","0","0"
"1327","JE422",2018-06-23,"J03","14","1","0","0"
"1328","DE533",2018-06-25,"D09","1","1","0","0"
"1329","DE533",2018-06-25,"D09","2","0","1","0"
"1330","DE533",2018-06-25,"D09","3","0","1","0"
"1331","DE533",2018-06-25,"D09","4","0","10","0"
"1332","DE533",2018-06-25,"D09","5","0","0","1"
"1333","DE533",2018-06-25,"D09","6","0","0","1"
"1334","DE533",2018-06-25,"D09","7","0","1","0"
"1335","DE533",2018-06-25,"D09","8","0","0","1"
"1336","DE533",2018-06-25,"D09","9","0","1","0"
"1337","DE533",2018-06-25,"D09","10","0","0","10"
"1338","DE533",2018-06-25,"D09","11","0","0","10"
"1339","DE533",2018-06-25,"D09","12","0","0","1"
"1340","DE533",2018-06-25,"D09","13","0","0","1"
"1341","DE533",2018-06-25,"D09","14","0","0","1"
"1342","DE533",2018-06-25,"D09","15","0","1","0"
"1343","DE533",2018-06-25,"D09","16","0","1","0"
"1344","DE533",2018-06-25,"D09","17","0","1","0"
"1345","DE533",2018-06-25,"D09","18","1","0","1"
"1346","DE533",2018-06-25,"D09","19","0","1","0"
"1347","DE533",2018-06-25,"D09","20","0","1","0"
"1348","DE533",2018-06-25,"D09","21","0","1","0"
"1349","DE533",2018-06-25,"D09","22","0","1","0"
"1350","DE533",2018-06-25,"D09","23","0","1","1"
"1351","DE533",2018-06-25,"D09","24","0","0","1"
"1352","DE533",2018-06-25,"D09","25","0","1","0"
"1353","DE533",2018-06-25,"D09","26","0","1","0"
"1354","DE533",2018-06-25,"D09","27","0","1","1"
"1355","DE533",2018-06-25,"D09","28","0","0","1"
"1356","DE533",2018-06-25,"D09","29","1","0","1"
"1357","DE533",2018-06-25,"D09","30","0","0","1"
"1358","DE534",2018-06-26,"D27","1","1","0","1"
"1359","DE534",2018-06-26,"D27","2","0","1","1"
"1360","DE534",2018-06-26,"D27","3","0","0","1"
"1361","DE534",2018-06-26,"D27","4","0","0","1"
"1362","DE534",2018-06-26,"D27","5","0","0","1"
"1363","DE534",2018-06-26,"D27","6","0","1","0"
"1364","DE534",2018-06-26,"D27","7","0","1","10"
"1365","DE534",2018-06-26,"D27","8","0","0","1"
"1366","DE534",2018-06-26,"D27","9","0","0","1"
"1367","DE534",2018-06-26,"D27","10","0","0","1"
"1368","DE534",2018-06-26,"D27","11","0","0","1"
"1369","DE534",2018-06-26,"D27","12","0","0","10"
"1370","DE534",2018-06-26,"D27","13","0","0","1"
"1371","DE534",2018-06-26,"D27","14","0","0","1"
"1372","DE534",2018-06-26,"D27","15","0","0","1"
"1373","DE534",2018-06-26,"D27","16","0","0","1"
"1374","DE534",2018-06-26,"D27","17","0","0","10"
"1375","DE534",2018-06-26,"D27","18","0","0","1"
"1376","DE534",2018-06-26,"D27","19","0","0","1"
"1377","DE534",2018-06-26,"D27","20","0","0","1"
"1378","DE534",2018-06-26,"D27","21","0","0","10"
"1379","DE534",2018-06-26,"D27","22","0","0","100"
"1380","DE534",2018-06-26,"D27","23","0","0","1"
"1381","DE534",2018-06-26,"D27","24","0","0","1"
"1382","DE534",2018-06-26,"D27","25","0","1","0"
"1383","DE534",2018-06-26,"D27","26","0","0","1"
"1384","DE534",2018-06-26,"D27","27","0","0","1"
"1385","DE535",2018-06-27,"D10","1","0","1","0"
"1386","DE535",2018-06-27,"D10","2","0","1","0"
"1387","DE535",2018-06-27,"D10","3","0","1","0"
"1388","DE535",2018-06-27,"D10","4","0","10","1"
"1389","DE535",2018-06-27,"D10","5","0","0","10"
"1390","DE535",2018-06-27,"D10","6","0","0","1"
"1391","DE535",2018-06-27,"D10","7","0","1","1"
"1392","DE535",2018-06-27,"D10","8","0","0","10"
"1393","DE535",2018-06-27,"D10","9","0","10","0"
"1394","DE535",2018-06-27,"D10","10","0","10","0"
"1395","JE423",2018-06-28,"J09","1","10","10","10"
"1396","JE423",2018-06-28,"J09","2","0","1","0"
"1397","JE423",2018-06-28,"J09","3","10","10","0"
"1398","JE423",2018-06-28,"J09","4","0","1","10"
"1399","JE423",2018-06-28,"J09","5","10","0","10"
"1400","JE423",2018-06-28,"J09","6","1","0","0"
"1401","JE423",2018-06-28,"J09","7","0","1","0"
"1402","JE423",2018-06-28,"J09","8","0","1","0"
"1403","JE423",2018-06-28,"J09","9","1","1","0"
"1404","JE423",2018-06-28,"J09","10","0","1","0"
"1405","JE423",2018-06-28,"J09","11","1","1","0"
"1406","JE423",2018-06-28,"J09","12","1","1","0"
"1407","JE423",2018-06-28,"J09","13","10","10","10"
"1408","JE423",2018-06-28,"J09","14","10","0","10"
"1409","JE424",2018-06-29,"J03","1","0","1","0"
"1410","JE424",2018-06-29,"J03","2","1","0","0"
"1411","JE424",2018-06-29,"J03","3","0","1","0"
"1412","JE424",2018-06-29,"J03","4","0","1","0"
"1413","JE424",2018-06-29,"J03","5","0","1","0"
"1414","JE424",2018-06-29,"J03","6","0","1","0"
"1415","JE424",2018-06-29,"J03","7","0","1","0"
"1416","JE424",2018-06-29,"J03","8","0","1","0"
"1417","JE424",2018-06-29,"J03","9","0","10","0"
"1418","JE424",2018-06-29,"J03","10","10","0","0"
"1419","JE424",2018-06-29,"J03","11","0","1","0"
"1420","JE424",2018-06-29,"J03","12","1","0","1"
"1421","JE424",2018-06-29,"J03","13","0","1","0"
"1422","JE425",2018-06-29,"J02","1","1","0","0"
"1423","JE425",2018-06-29,"J02","2","0","1","10"
"1424","JE425",2018-06-29,"J02","3","0","0","100"
"1425","JE425",2018-06-29,"J02","4","1","0","0"
"1426","JE425",2018-06-29,"J02","5","0","1","0"
"1427","JE425",2018-06-29,"J02","6","10","10","100"
"1428","JE425",2018-06-29,"J02","7","0","1","1"
"1429","JE425",2018-06-29,"J02","8","1","0","0"
"1430","JE425",2018-06-29,"J02","9","10","1","0"
"1431","JE425",2018-06-29,"J02","10","10","1","10"
"1432","JE425",2018-06-29,"J02","11","1","1","1"
"1433","JE425",2018-06-29,"J02","12","0","1","10"
"1434","JE425",2018-06-29,"J02","13","0","1","1"
"1435","JE425",2018-06-29,"J02","14","0","0","10"
"1436","JE425",2018-06-29,"J02","15","1","0","10"
"1437","DE537",2018-07-03,"D09","1","0","1000","0"
"1438","DE537",2018-07-03,"D09","2","0","1","0"
"1439","DE537",2018-07-03,"D09","3","0","100","0"
"1440","DE537",2018-07-03,"D09","4","1","10","0"
"1441","DE537",2018-07-03,"D09","5","0","10","0"
"1442","DE537",2018-07-03,"D09","6","0","1","0"
"1443","DE537",2018-07-03,"D09","7","0","1","0"
"1444","DE537",2018-07-03,"D09","8","0","1","0"
"1445","DE537",2018-07-03,"D09","9","0","10","0"
"1446","DE537",2018-07-03,"D09","10","0","1","0"
"1447","DE537",2018-07-03,"D09","11","0","1","0"
"1448","DE537",2018-07-03,"D09","12","0","1","0"
"1449","DE537",2018-07-03,"D09","13","0","1","0"
"1450","JE426",2018-07-03,"J03","1","1","10","100"
"1451","JE426",2018-07-03,"J03","2","0","1","0"
"1452","JE426",2018-07-03,"J03","3","0","1","0"
"1453","JE426",2018-07-03,"J03","4","0","1","10"
"1454","JE426",2018-07-03,"J03","5","0","1","0"
"1455","JE426",2018-07-03,"J03","6","0","10","0"
"1456","JE426",2018-07-03,"J03","7","1","10","100"
"1457","JE426",2018-07-03,"J03","8","0","0","1"
"1458","JE426",2018-07-03,"J03","9","10","1","0"
"1459","JE426",2018-07-03,"J03","10","1","10","100"
"1460","JE426",2018-07-03,"J03","11","0","0","10"
"1461","JE426",2018-07-03,"J03","12","10","10","100"
"1462","JE426",2018-07-03,"J03","13","10","10","10"
"1463","JE426",2018-07-03,"J03","14","1","10","10"
"1464","JE426",2018-07-03,"J03","15","10","1","10"
"1465","JE426",2018-07-03,"J03","16","1","10","10"
"1466","JE426",2018-07-03,"J03","17","1","10","10"
"1467","JE426",2018-07-03,"J03","18","10","1","10"
"1468","JE426",2018-07-03,"J03","19","10","10","0"
"1469","JE426",2018-07-03,"J03","20","0","1","0"
"1470","JE426",2018-07-03,"J03","21","10","100","10"
"1471","JE426",2018-07-03,"J03","22","10","100","10"
"1472","JE426",2018-07-03,"J03","23","1","10","10"
"1473","JE426",2018-07-03,"J03","24","1","10","0"
"1474","JE426",2018-07-03,"J03","25","10","10","100"
"1475","JE426",2018-07-03,"J03","26","10","10","100"
"1476","JE426",2018-07-03,"J03","27","1","10","100"
"1477","DE538",2018-07-04,"D27","1","0","0","10"
"1478","DE538",2018-07-04,"D27","2","0","0","1"
"1479","DE538",2018-07-04,"D27","3","0","1","0"
"1480","DE538",2018-07-04,"D27","4","0","1","0"
"1481","DE538",2018-07-04,"D27","5","0","1","0"
"1482","JE427",2018-07-04,"J09","1","0","10","100"
"1483","JE427",2018-07-04,"J09","2","0","1","10"
"1484","JE427",2018-07-04,"J09","3","1","1","10"
"1485","JE427",2018-07-04,"J09","4","0","10","10"
"1486","JE427",2018-07-04,"J09","5","0","10","10"
"1487","JE427",2018-07-04,"J09","6","10","10","100"
"1488","JE427",2018-07-04,"J09","7","0","10","10"
"1489","JE427",2018-07-04,"J09","8","10","10","100"
"1490","JE427",2018-07-04,"J09","9","10","100","100"
"1491","JE427",2018-07-04,"J09","10","1","0","10"
"1492","JE427",2018-07-04,"J09","11","1","10","10"
"1493","JE427",2018-07-04,"J09","12","0","0","1"
"1494","JE427",2018-07-04,"J09","13","0","10","1"
"1495","JE427",2018-07-04,"J09","14","1","100","100"
"1496","JE427",2018-07-04,"J09","15","0","10","10"
"1497","JE427",2018-07-04,"J09","16","0","0","10"
"1498","JE427",2018-07-04,"J09","17","10","100","100"
"1499","JE427",2018-07-04,"J09","18","0","0","10"
"1500","DE539",2018-07-05,"D10","1","0","1","1"
"1501","DE539",2018-07-05,"D10","2","0","1","0"
"1502","DE539",2018-07-05,"D10","3","0","1","0"
"1503","DE539",2018-07-05,"D10","4","0","0","1"
"1504","DE539",2018-07-05,"D10","5","0","1","1"
"1505","DE539",2018-07-05,"D10","6","0","1","0"
"1506","DE539",2018-07-05,"D10","7","0","0","10"
"1507","DE539",2018-07-05,"D10","8","0","0","1"
"1508","JE428",2018-07-09,"J03","1","0","0","10"
"1509","JE428",2018-07-09,"J03","2","0","1","10"
"1510","JE428",2018-07-09,"J03","3","1","10","10"
"1511","JE428",2018-07-09,"J03","4","0","10","10"
"1512","JE428",2018-07-09,"J03","5","0","10","10"
"1513","JE428",2018-07-09,"J03","6","0","10","10"
"1514","JE428",2018-07-09,"J03","7","0","1","10"
"1515","JE428",2018-07-09,"J03","8","0","10","10"
"1516","JE428",2018-07-09,"J03","9","0","10","10"
"1517","JE428",2018-07-09,"J03","10","0","10","10"
"1518","JE428",2018-07-09,"J03","11","0","100","100"
"1519","JE428",2018-07-09,"J03","12","0","10","100"
"1520","JE428",2018-07-09,"J03","13","0","0","10"
"1521","JE428",2018-07-09,"J03","14","0","10","100"
"1522","JE428",2018-07-09,"J03","15","0","1","10"
"1523","JE428",2018-07-09,"J03","16","0","1","10"
"1524","JE428",2018-07-09,"J03","17","0","1","100"
"1525","JE428",2018-07-09,"J03","18","0","10","100"
"1526","JE428",2018-07-09,"J03","19","0","10","10"
"1527","JE428",2018-07-09,"J03","20","0","10","100"
"1528","JE428",2018-07-09,"J03","21","0","1","10"
"1529","JE428",2018-07-09,"J03","22","1","1","10"
"1530","JE428",2018-07-09,"J03","23","0","0","100"
"1531","JE428",2018-07-09,"J03","24","0","1","10"
"1532","JE428",2018-07-09,"J03","25","10","100","10"
"1533","JE428",2018-07-09,"J03","26","0","1","0"
"1534","JE428",2018-07-09,"J03","27","0","1","10"
"1535","JE428",2018-07-09,"J03","28","1","10","100"
"1536","JE428",2018-07-09,"J03","29","0","1","10"
"1537","JE429",2018-07-09,"J09","1","0","1","0"
"1538","JE429",2018-07-09,"J09","2","0","10","10"
"1539","JE429",2018-07-09,"J09","3","0","10","10"
"1540","JE429",2018-07-09,"J09","4","0","10","0"
"1541","JE429",2018-07-09,"J09","5","0","0","10"
"1542","JE429",2018-07-09,"J09","6","0","10","100"
"1543","JE429",2018-07-09,"J09","7","0","10","0"
"1544","JE429",2018-07-09,"J09","8","0","10","100"
"1545","DE540",2018-07-17,"D09","1","0","0","100"
"1546","DE540",2018-07-17,"D09","2","0","0","10"
"1547","DE540",2018-07-17,"D09","3","0","1","0"
"1548","DE540",2018-07-17,"D09","4","0","0","100"
"1549","DE540",2018-07-17,"D09","5","0","1","0"
"1550","DE540",2018-07-17,"D09","6","0","0","1"
"1551","DE540",2018-07-17,"D09","7","0","0","10"
"1552","DE540",2018-07-17,"D09","8","0","0","1"
"1553","DE540",2018-07-17,"D09","9","0","1","0"
"1554","DE540",2018-07-17,"D09","10","0","0","1"
"1555","DE540",2018-07-17,"D09","11","0","1","0"
"1556","DE540",2018-07-17,"D09","12","0","0","1"
"1557","DE540",2018-07-17,"D09","13","0","0","1"
"1558","DE540",2018-07-17,"D09","14","0","0","1"
"1559","DE540",2018-07-17,"D09","15","0","0","1"
"1560","DE540",2018-07-17,"D09","16","0","1","0"
"1561","DE540",2018-07-17,"D09","17","0","1","0"
"1562","DE540",2018-07-17,"D09","18","0","0","1"
"1563","DE540",2018-07-17,"D09","19","0","0","1"
"1564","DE540",2018-07-17,"D09","20","0","1","0"
"1565","DE540",2018-07-17,"D09","21","0","1","0"
"1566","DE540",2018-07-17,"D09","22","0","0","1"
"1567","DE540",2018-07-17,"D09","23","0","0","1"
"1568","DE540",2018-07-17,"D09","24","0","0","1"
"1569","DE540",2018-07-17,"D09","25","0","1","1"
"1570","DE540",2018-07-17,"D09","26","0","0","1"
"1571","DE540",2018-07-17,"D09","27","0","0","1"
"1572","DE540",2018-07-17,"D09","28","0","1","0"
"1573","DE540",2018-07-17,"D09","29","0","1","0"
"1574","DE540",2018-07-17,"D09","30","0","0","1"
"1575","DE540",2018-07-17,"D09","31","0","0","1"
"1576","DE541",2018-08-01,"D09","1","0","1","0"
"1577","DE541",2018-08-01,"D09","2","0","0","1"
"1578","DE541",2018-08-01,"D09","3","0","1","0"
"1579","DE541",2018-08-01,"D09","4","0","1","0"
"1580","DE541",2018-08-01,"D09","5","0","1","0"
"1581","DE541",2018-08-01,"D09","6","0","0","1"
"1582","DE541",2018-08-01,"D09","7","0","1","0"
"1583","DE541",2018-08-01,"D09","8","0","1","0"
"1584","DE541",2018-08-01,"D09","9","0","1","0"
"1585","DE541",2018-08-01,"D09","10","0","1","0"
"1586","DE541",2018-08-01,"D09","11","0","1","0"
"1587","DE541",2018-08-01,"D09","12","0","0","1"
"1588","DE541",2018-08-01,"D09","13","0","1","0"
"1589","DE541",2018-08-01,"D09","14","0","0","1"
"1590","DE541",2018-08-01,"D09","15","0","0","1"
"1591","DE541",2018-08-01,"D09","16","0","0","1"
"1592","DE541",2018-08-01,"D09","17","0","0","1"
"1593","DE541",2018-08-01,"D09","18","0","1","0"
"1594","DE541",2018-08-01,"D09","19","0","1","0"
"1595","DE546",2018-08-08,"D09","1","0","0","1"
"1596","DE542",2018-08-15,"D09","1","10","0","0"
"1597","DE542",2018-08-15,"D09","2","0","1","0"
"1598","DE543",2018-08-22,"D09","1","0","1","0"
